hierarchy_level,epic_key,epic_name,epic_status,epic_request_type,epic_idea_approval_date,epic_start_date,epic_due_date,epic_r4g_date,epic_created,epic_updated,epic_components,story_key,story_issue_type,story_summary,story_status,subtask_key,subtask_issue_type,subtask_summary,subtask_status,subtask_start_date,subtask_due_date
SUBTASK,API-170524,THDD_TGDD_YC maintain BHX&TGDD check mã VA đã thanh toán,,Cải tiến,,2026-06-01,2026-06-19,,2026-06-01,2026-08-05,API - Line 1,API-171121,Story,Cải tiến API truy vấn thông tin TK GD chiều về Napas,Released,API-171123,BA,Viết TL đặc tả,Done,,
SUBTASK,API-170524,THDD_TGDD_YC maintain BHX&TGDD check mã VA đã thanh toán,,Cải tiến,,2026-06-01,2026-06-19,,2026-06-01,2026-08-05,API - Line 1,API-171121,Story,Cải tiến API truy vấn thông tin TK GD chiều về Napas,Released,API-171271,Sub-task,DEV - API truy vấn bổ sung validate,Done,,
SUBTASK,API-170524,THDD_TGDD_YC maintain BHX&TGDD check mã VA đã thanh toán,,Cải tiến,,2026-06-01,2026-06-19,,2026-06-01,2026-08-05,API - Line 1,API-171121,Story,Cải tiến API truy vấn thông tin TK GD chiều về Napas,Released,API-171448,Design,[TC] Viết TD+TC  Cải tiến API truy vấn thông tin TK GD chiều về Napas,Done,2026-06-12,2026-06-12
SUBTASK,API-170524,THDD_TGDD_YC maintain BHX&TGDD check mã VA đã thanh toán,,Cải tiến,,2026-06-01,2026-06-19,,2026-06-01,2026-08-05,API - Line 1,API-171121,Story,Cải tiến API truy vấn thông tin TK GD chiều về Napas,Released,API-171449,Sub Test Execution,[SIT MANUAL] Test API truy vấn thông tin TK GD chiều về Napas,Done,2026-06-15,2026-06-16
SUBTASK,API-170524,THDD_TGDD_YC maintain BHX&TGDD check mã VA đã thanh toán,,Cải tiến,,2026-06-01,2026-06-19,,2026-06-01,2026-08-05,API - Line 1,API-171121,Story,Cải tiến API truy vấn thông tin TK GD chiều về Napas,Released,API-171450,KSTĐ,Checklist kiểm soát tác động API truy vấn thông tin TK GD chiều về Napas,Done,,
SUBTASK,API-170524,THDD_TGDD_YC maintain BHX&TGDD check mã VA đã thanh toán,,Cải tiến,,2026-06-01,2026-06-19,,2026-06-01,2026-08-05,API - Line 1,API-171122,Story,Cải tiến API CK chiều về Napas,Released,API-171124,BA,Viết TL đặc tả,Done,,
SUBTASK,API-170524,THDD_TGDD_YC maintain BHX&TGDD check mã VA đã thanh toán,,Cải tiến,,2026-06-01,2026-06-19,,2026-06-01,2026-08-05,API - Line 1,API-171122,Story,Cải tiến API CK chiều về Napas,Released,API-171272,Sub-task,DEV API hạch toán - bổ sung validate,Done,,
SUBTASK,API-170524,THDD_TGDD_YC maintain BHX&TGDD check mã VA đã thanh toán,,Cải tiến,,2026-06-01,2026-06-19,,2026-06-01,2026-08-05,API - Line 1,PMP-66249,Story,[ALIAS] Cải tiến luồng truy vấn tên BHX & TGDD,Released,PMP-66250,BA,[BA]_[Phân tích yêu cầu]_[ALIAS] Cải tiến luồng truy vấn tên BHX & TGDD,Done,,
SUBTASK,API-170524,THDD_TGDD_YC maintain BHX&TGDD check mã VA đã thanh toán,,Cải tiến,,2026-06-01,2026-06-19,,2026-06-01,2026-08-05,API - Line 1,PMP-66249,Story,[ALIAS] Cải tiến luồng truy vấn tên BHX & TGDD,Released,PMP-66251,DEV,[DEV]_[Thiết kế chi tiết + phát triển]_[ALIAS] Cải tiến luồng truy vấn tên BHX & TGDD,Done,,
SUBTASK,API-170524,THDD_TGDD_YC maintain BHX&TGDD check mã VA đã thanh toán,,Cải tiến,,2026-06-01,2026-06-19,,2026-06-01,2026-08-05,API - Line 1,PMP-66249,Story,[ALIAS] Cải tiến luồng truy vấn tên BHX & TGDD,Released,PMP-66252,Design,[TEST]_[CREATE TC]_[ALIAS] Cải tiến luồng truy vấn tên BHX & TGDD,Done,2026-06-03,2026-06-08
SUBTASK,API-170524,THDD_TGDD_YC maintain BHX&TGDD check mã VA đã thanh toán,,Cải tiến,,2026-06-01,2026-06-19,,2026-06-01,2026-08-05,API - Line 1,PMP-66249,Story,[ALIAS] Cải tiến luồng truy vấn tên BHX & TGDD,Released,PMP-66253,KSTĐ,[TEST]_[CHECKLIST KIỂM SOÁT TÁC ĐỘNG]_[ALIAS] Cải tiến luồng truy vấn tên BHX & TGDD,Done,2026-06-03,2026-06-08
SUBTASK,API-170524,THDD_TGDD_YC maintain BHX&TGDD check mã VA đã thanh toán,,Cải tiến,,2026-06-01,2026-06-19,,2026-06-01,2026-08-05,API - Line 1,PMP-66249,Story,[ALIAS] Cải tiến luồng truy vấn tên BHX & TGDD,Released,PMP-66254,Sub Test Execution,[TEST]_[SIT MANUAL]_[ALIAS] Cải tiến luồng truy vấn tên BHX & TGDD,Done,2026-06-10,2026-06-12
SUBTASK,API-170524,THDD_TGDD_YC maintain BHX&TGDD check mã VA đã thanh toán,,Cải tiến,,2026-06-01,2026-06-19,,2026-06-01,2026-08-05,API - Line 1,PMP-66249,Story,[ALIAS] Cải tiến luồng truy vấn tên BHX & TGDD,Released,PMP-66812,Design,[TEST]_[DESIGN]_[ALIAS] Cải tiến luồng truy vấn tên BHX & TGDD,Done,2026-06-03,2026-06-08
SUBTASK,API-170524,THDD_TGDD_YC maintain BHX&TGDD check mã VA đã thanh toán,,Cải tiến,,2026-06-01,2026-06-19,,2026-06-01,2026-08-05,API - Line 1,PMP-66249,Story,[ALIAS] Cải tiến luồng truy vấn tên BHX & TGDD,Released,PMP-67125,Sub Test Execution,[TEST][SIT] Cải tiến luồng thanh toán BHX và TGDD,Done,2026-06-15,2026-06-16
SUBTASK,API-170524,THDD_TGDD_YC maintain BHX&TGDD check mã VA đã thanh toán,,Cải tiến,,2026-06-01,2026-06-19,,2026-06-01,2026-08-05,API - Line 1,PMP-66249,Story,[ALIAS] Cải tiến luồng truy vấn tên BHX & TGDD,Released,PMP-67228,Design,[CREATE TC] Cải tiến luồng thanh toán BHX và TGDD,Done,2026-06-10,2026-06-12
SUBTASK,API-170524,THDD_TGDD_YC maintain BHX&TGDD check mã VA đã thanh toán,,Cải tiến,,2026-06-01,2026-06-19,,2026-06-01,2026-08-05,API - Line 1,PMP-66249,Story,[ALIAS] Cải tiến luồng truy vấn tên BHX & TGDD,Released,PMP-67229,KSTĐ,[TEST]_[CHECKLIST KIỂM SOÁT TÁC ĐỘNG]_[ALIAS] Cải tiến luồng chuyển tiền BHX & TGDD,Done,2026-06-03,2026-06-08
SUBTASK,API-170577,CỔNG THANH TOÁN (PAYMENT PAGE) - LUỒNG THẺ NỘI ĐỊA-ISSUER,,Hệ thống mới,,2026-04-20,,,2026-06-02,2026-08-14,API - Line 1,API-170937,Story,Xây dựng luồng thanh toán/ token thẻ nội địa MB,Ready For Test,API-170943,BA,Viết TL đặc tả,Done,,
SUBTASK,API-170577,CỔNG THANH TOÁN (PAYMENT PAGE) - LUỒNG THẺ NỘI ĐỊA-ISSUER,,Hệ thống mới,,2026-04-20,,,2026-06-02,2026-08-14,API - Line 1,API-170937,Story,Xây dựng luồng thanh toán/ token thẻ nội địa MB,Ready For Test,API-171173,Meeting,[REFINEMENT] cổng thanh toán,Done,,
SUBTASK,API-170577,CỔNG THANH TOÁN (PAYMENT PAGE) - LUỒNG THẺ NỘI ĐỊA-ISSUER,,Hệ thống mới,,2026-04-20,,,2026-06-02,2026-08-14,API - Line 1,API-170938,Story,Xây dựng luồng thanh toán thẻ nội địa MB kèm đăng ký token,IN SIT,API-170944,BA,Viết TL đặc tả,Done,,
SUBTASK,API-170577,CỔNG THANH TOÁN (PAYMENT PAGE) - LUỒNG THẺ NỘI ĐỊA-ISSUER,,Hệ thống mới,,2026-04-20,,,2026-06-02,2026-08-14,API - Line 1,API-170940,Story,Xây dựng luồng thanh toán FASTPAY bằng token thẻ nội địa MB,Ready For Test,API-170945,BA,Viết TL đặc tả,Done,,
SUBTASK,API-170577,CỔNG THANH TOÁN (PAYMENT PAGE) - LUỒNG THẺ NỘI ĐỊA-ISSUER,,Hệ thống mới,,2026-04-20,,,2026-06-02,2026-08-14,API - Line 1,API-170941,Story,Xây dựng luồng thanh toán AUTOPAY bằng token thẻ nội địa MB,Ready For Test,API-170946,BA,Viết TL đặc tả,Done,,
SUBTASK,API-170577,CỔNG THANH TOÁN (PAYMENT PAGE) - LUỒNG THẺ NỘI ĐỊA-ISSUER,,Hệ thống mới,,2026-04-20,,,2026-06-02,2026-08-14,API - Line 1,API-170942,Story,Xây dựng luồng đăng ký token thanh toán thẻ nội địa MB,IN SIT,API-170947,BA,Viết TL đặc tả,Done,,
SUBTASK,API-170736,[Agent banking]_[Nộp tiền]_Cải tiền logic validate phí của API nộp tiền,,Cải tiến,,2026-06-05,,2026-06-23,2026-06-03,2026-08-11,API - Line 2,API-170740,Story,Cải tiến api nộp tiền mặt tại quầy có xác thực OTP,Released,API-170741,BA,Cải tiến api nộp tiền mặt tại quầy có xác thực OTP,Done,2026-06-04,2026-06-04
SUBTASK,API-170736,[Agent banking]_[Nộp tiền]_Cải tiền logic validate phí của API nộp tiền,,Cải tiến,,2026-06-05,,2026-06-23,2026-06-03,2026-08-11,API - Line 2,API-170740,Story,Cải tiến api nộp tiền mặt tại quầy có xác thực OTP,Released,API-171018,Sub-task,Dev API,Done,2026-06-09,2026-06-09
SUBTASK,API-170736,[Agent banking]_[Nộp tiền]_Cải tiền logic validate phí của API nộp tiền,,Cải tiến,,2026-06-05,,2026-06-23,2026-06-03,2026-08-11,API - Line 2,API-170740,Story,Cải tiến api nộp tiền mặt tại quầy có xác thực OTP,Released,API-171019,Sub-task,TKCT và SID API,Done,2026-06-09,2026-06-09
SUBTASK,API-170736,[Agent banking]_[Nộp tiền]_Cải tiền logic validate phí của API nộp tiền,,Cải tiến,,2026-06-05,,2026-06-23,2026-06-03,2026-08-11,API - Line 2,API-170742,Story,Cải tiến api nộp tiền mặt tại quầy không xác thực OTP,Ready For Golive,API-170743,BA,Cải tiến ap nộp tiền mặt tại quầy không xác thực OTP,Done,2026-06-04,2026-06-04
SUBTASK,API-170736,[Agent banking]_[Nộp tiền]_Cải tiền logic validate phí của API nộp tiền,,Cải tiến,,2026-06-05,,2026-06-23,2026-06-03,2026-08-11,API - Line 2,API-170742,Story,Cải tiến api nộp tiền mặt tại quầy không xác thực OTP,Ready For Golive,API-171016,Sub-task,Dev API,Done,2026-06-08,2026-06-08
SUBTASK,API-170736,[Agent banking]_[Nộp tiền]_Cải tiền logic validate phí của API nộp tiền,,Cải tiến,,2026-06-05,,2026-06-23,2026-06-03,2026-08-11,API - Line 2,API-170742,Story,Cải tiến api nộp tiền mặt tại quầy không xác thực OTP,Ready For Golive,API-171017,Sub-task,TKCT và SID API,Done,2026-06-08,2026-06-08
SUBTASK,API-170738,[Chi lô Viettel]_Cải tiến logic validate lô ,,Cải tiến,,2026-06-04,2026-06-25,2026-06-24,2026-06-03,2026-08-11,API - Line 2,API-170744,Story,Cải tiến api chi lô(bỏ validate input),Released,API-170745,BA,Cải tiến api chi lô(bỏ validate input),Done,2026-06-04,2026-06-04
SUBTASK,API-170738,[Chi lô Viettel]_Cải tiến logic validate lô ,,Cải tiến,,2026-06-04,2026-06-25,2026-06-24,2026-06-03,2026-08-11,API - Line 2,API-170744,Story,Cải tiến api chi lô(bỏ validate input),Released,API-171114,DEV,Viết tài liệu và Dev cải tiến validate input API chi lô Viettel,Done,2026-06-10,2026-06-15
SUBTASK,API-170746,[Credit Card] Cải tiến sản phẩm gán nguồn thanh toán thẻ quốc tế,,Tính năng mới,2026-06-03,2026-06-03,2026-06-18,2026-06-17,2026-06-03,2026-08-05,API - Line 2,API-170818,Story,API Truy vấn trạng thái yêu cầu gán nguồn,Released,API-170828,BA,Phân tích yêu cầu,Done,2026-06-04,2026-06-05
SUBTASK,API-170746,[Credit Card] Cải tiến sản phẩm gán nguồn thanh toán thẻ quốc tế,,Tính năng mới,2026-06-03,2026-06-03,2026-06-18,2026-06-17,2026-06-03,2026-08-05,API - Line 2,API-170818,Story,API Truy vấn trạng thái yêu cầu gán nguồn,Released,API-170983,Sub-task,Dev phát triển ,Done,2026-06-09,2026-06-12
SUBTASK,API-170746,[Credit Card] Cải tiến sản phẩm gán nguồn thanh toán thẻ quốc tế,,Tính năng mới,2026-06-03,2026-06-03,2026-06-18,2026-06-17,2026-06-03,2026-08-05,API - Line 2,API-170818,Story,API Truy vấn trạng thái yêu cầu gán nguồn,Released,API-171273,Sub-task,SUPPORT SIT API,Done,,
EPIC,API-170747,[TRANSACTIONBAKING] _Truy vấn Lịch sử GD - Bổ sung nội dung Details Extend,In Progress,Cải tiến,2026-06-03,,,,2026-06-03,2026-06-15,API - Line 2,,,,,,,,,,
STORY,API-170858,Push BĐSD App_Ngắt noti BĐSD GD dưới 10K,,Tính năng mới,2026-06-05,2026-06-08,2026-06-25,,2026-06-05,2026-06-23,API - Line 3,API-171115,Story,BA phân tích ,To Do,,,,,,
SUBTASK,API-170858,Push BĐSD App_Ngắt noti BĐSD GD dưới 10K,,Tính năng mới,2026-06-05,2026-06-08,2026-06-25,,2026-06-05,2026-06-23,API - Line 3,MS-91474,Story,Push BĐSD App_Ngắt noti BĐSD GD dưới 10K,DEVELOPING,MS-91475,Meeting,[REFINEMENT]Push BĐSD App_Ngắt noti BĐSD GD dưới 10K,Done,,
SUBTASK,API-170858,Push BĐSD App_Ngắt noti BĐSD GD dưới 10K,,Tính năng mới,2026-06-05,2026-06-08,2026-06-25,,2026-06-05,2026-06-23,API - Line 3,MS-91474,Story,Push BĐSD App_Ngắt noti BĐSD GD dưới 10K,DEVELOPING,MS-91476,Design,[Create TC]  Create TC SMS/PUSH cho các giao dịch kênh online _ Ngắt noti BĐSD DG dưới 10k,Done,,
SUBTASK,API-170858,Push BĐSD App_Ngắt noti BĐSD GD dưới 10K,,Tính năng mới,2026-06-05,2026-06-08,2026-06-25,,2026-06-05,2026-06-23,API - Line 3,MS-91474,Story,Push BĐSD App_Ngắt noti BĐSD GD dưới 10K,DEVELOPING,MS-91478,Design,[Create TC]  Create TC luồng Push Noti FCM _ Ngắt noti BĐSD DG dưới 10k,Done,,
SUBTASK,API-170858,Push BĐSD App_Ngắt noti BĐSD GD dưới 10K,,Tính năng mới,2026-06-05,2026-06-08,2026-06-25,,2026-06-05,2026-06-23,API - Line 3,MS-91474,Story,Push BĐSD App_Ngắt noti BĐSD GD dưới 10K,DEVELOPING,MS-91479,Sub Test Execution,[STE]  Thực hiện test SMS/PUSH cho các giao dịch kênh online _ Ngắt noti BĐSD DG dưới 10k,Done,,
SUBTASK,API-170858,Push BĐSD App_Ngắt noti BĐSD GD dưới 10K,,Tính năng mới,2026-06-05,2026-06-08,2026-06-25,,2026-06-05,2026-06-23,API - Line 3,MS-91474,Story,Push BĐSD App_Ngắt noti BĐSD GD dưới 10K,DEVELOPING,MS-91480,KSTĐ,[CHECKLIST KIỂM SOÁT TÁC ĐỘNG],Done,,
EPIC,API-170948,[LK1C] Bổ sung truy vấn thông tin và số dư tài khoản gán nguồn thanh toán,In Progress,Cải tiến,2026-06-08,,,,2026-06-08,2026-06-09,API - Line 2,,,,,,,,,,
STORY,API-171006,MBseller - TẠO MÃ QR ĐỘNG CHO ĐIỂM KINH DOANH,,Tính năng mới,2026-06-09,,,2026-07-30,2026-06-09,2026-08-05,API - Line 1,API-171954,Story,[ms finance] API gen QR động,DEV DONE,,,,,,
STORY,API-171006,MBseller - TẠO MÃ QR ĐỘNG CHO ĐIỂM KINH DOANH,,Tính năng mới,2026-06-09,,,2026-07-30,2026-06-09,2026-08-05,API - Line 1,API-171955,Story,[ms finance] Luồng nhận kết quả thanh toán QR động,DEV DONE,,,,,,
STORY,API-171006,MBseller - TẠO MÃ QR ĐỘNG CHO ĐIỂM KINH DOANH,,Tính năng mới,2026-06-09,,,2026-07-30,2026-06-09,2026-08-05,API - Line 1,API-171956,Story,API truy vấn điểm kinh doanh + thông tin loa + QR,SIT DONE,,,,,,
STORY,API-171006,MBseller - TẠO MÃ QR ĐỘNG CHO ĐIỂM KINH DOANH,,Tính năng mới,2026-06-09,,,2026-07-30,2026-06-09,2026-08-05,API - Line 1,API-171961,Story,[ms core merchant] Update API truy vấn thông tin sản phẩm theo Merchant và Sub Merchant,Cancelled,,,,,,
STORY,API-171006,MBseller - TẠO MÃ QR ĐỘNG CHO ĐIỂM KINH DOANH,,Tính năng mới,2026-06-09,,,2026-07-30,2026-06-09,2026-08-05,API - Line 1,API-171984,Story,mms payment_Trả thêm bankAccountNumber và bankAccountName của QR API gen QR internal,Ready For Dev,,,,,,
STORY,API-171006,MBseller - TẠO MÃ QR ĐỘNG CHO ĐIỂM KINH DOANH,,Tính năng mới,2026-06-09,,,2026-07-30,2026-06-09,2026-08-05,API - Line 1,API-171988,Story,Thay đổi type genQR: Truyền type 7 - QR Global,DEV DONE,,,,,,
STORY,API-171006,MBseller - TẠO MÃ QR ĐỘNG CHO ĐIỂM KINH DOANH,,Tính năng mới,2026-06-09,,,2026-07-30,2026-06-09,2026-08-05,API - Line 1,API-172188,Story,Mô tả màn hình + trải nghiệm FE App luồng tạo QR động,READY FOR REFINE,,,,,,
SUBTASK,API-171020,Fix lỗi service restart ,,Cải tiến,,,,,2026-06-09,2026-06-09,,API-171023,Story,Fix lỗi service restart ,Ready For Golive,API-171027,Sub Test Execution,[SIT] Regression API /offus/public/account-service/mid/v1.0/synchronize,Done,,
SUBTASK,API-171020,Fix lỗi service restart ,,Cải tiến,,,,,2026-06-09,2026-06-09,,API-171023,Story,Fix lỗi service restart ,Ready For Golive,API-171029,Sub Test Execution,[SIT] Regression API /public/account-service/tid/v1.2/synchronize-otp,Done,,
SUBTASK,API-171020,Fix lỗi service restart ,,Cải tiến,,,,,2026-06-09,2026-06-09,,API-171023,Story,Fix lỗi service restart ,Ready For Golive,API-171033,Sub Test Execution,[SIT] Regression API Get List Merchant /offus/public/account-service/mid/v1.0/list,Done,,
SUBTASK,API-171020,Fix lỗi service restart ,,Cải tiến,,,,,2026-06-09,2026-06-09,,API-171023,Story,Fix lỗi service restart ,Ready For Golive,API-171038,Sub Test Execution,[SIT] Regression API /offus/public/account-service/tid/v1.0/synchronize,Done,,
SUBTASK,API-171020,Fix lỗi service restart ,,Cải tiến,,,,,2026-06-09,2026-06-09,,API-171023,Story,Fix lỗi service restart ,Ready For Golive,API-171077,Sub Test Execution,[SIT] Regression API /internal/account-service/tid/v1.0/synchronize,Done,,
SUBTASK,API-171020,Fix lỗi service restart ,,Cải tiến,,,,,2026-06-09,2026-06-09,,API-171023,Story,Fix lỗi service restart ,Ready For Golive,API-171250,Sub Test Execution,[SIT] Test ảnh hưởng mms-account-service,Done,2026-06-10,2026-06-12
SUBTASK,API-171020,Fix lỗi service restart ,,Cải tiến,,,,,2026-06-09,2026-06-09,,API-171023,Story,Fix lỗi service restart ,Ready For Golive,API-171451,Sub Test Execution,[SIT] Regression API /public/account-service/tid/v1.0/list-tid,Done,,
SUBTASK,API-171099,[Agent banking]_Rút tiền bằng mã QR_API Truy vấn trạng thái giao dịch rút QR,,Tính năng mới,,2026-06-11,2026-07-22,2026-07-01,2026-06-10,2026-08-05,API - Line 2,API-171104,Story,Phát triển api truy vấn trạng thái báo có trên MMS,Released,API-171105,BA,Phát triển api truy vấn trạng thái báo có trên MMS,Done,2026-06-11,2026-06-11
SUBTASK,API-171099,[Agent banking]_Rút tiền bằng mã QR_API Truy vấn trạng thái giao dịch rút QR,,Tính năng mới,,2026-06-11,2026-07-22,2026-07-01,2026-06-10,2026-08-05,API - Line 2,API-171106,Story,Phát triển api Truy vấn trạng thái báo có public cho đối tác Agent Banking,Released,API-171107,BA,Phát triển api Truy vấn trạng thái báo có public cho đối tác Agent Banking,Done,2026-06-11,2026-06-12
STORY,API-171542,[TRANSACTIONBAKING] _Truy vấn Lịch sử GD_Cải tiến thời gian truy vấn,,Tính năng mới,2026-06-03,2026-06-15,,2026-07-02,2026-06-15,2026-08-05,API - Line 2,API-171632,Story,API truy vấn lịch sử GD,Pending,,,,,,
STORY,API-171542,[TRANSACTIONBAKING] _Truy vấn Lịch sử GD_Cải tiến thời gian truy vấn,,Tính năng mới,2026-06-03,2026-06-15,,2026-07-02,2026-06-15,2026-08-05,API - Line 2,API-171635,Story,API ms072-thptdl-t24-partner-statement-api  trả bổ sung thông tin,Pending,,,,,,
STORY,API-171607,Dev Portal_Bổ sung cấu hình sample code và FAQ,,Tính năng mới,2026-06-10,,,,2026-06-15,2026-07-30,API - Line 3,API-171684,Story,US Bổ sung cấu hình sample code và FAQ,UAT DONE,,,,,,
STORY,API-171607,Dev Portal_Bổ sung cấu hình sample code và FAQ,,Tính năng mới,2026-06-10,,,,2026-06-15,2026-07-30,API - Line 3,API-175663,Story,US_Thêm mới/Chỉnh sửa/Chi tiết Sample Code cho API,Cancelled,,,,,,
STORY,API-171741,MiniApp_Insert data autodebit Loa thanh toán - đợt 1,,Cải tiến,2026-06-10,,,2026-06-18,2026-06-16,2026-08-11,API - Line 3,API-171750,Story,[BILLING] Đồng bộ thông tin khách hàng cho luồng auto debit,Ready For Golive,,,,,,
STORY,API-172244,Cải tiến các luồng xuất file excel (Sao kê + Truy vấn giao dịch) trên hệ thống MBseller,,Cải tiến,,,,,2026-06-22,2026-06-23,API - Line 1,API-172269,Story,Bổ sung logic lưu bảng API xem lịch sử xuất file excel,IN UAT,,,,,,
STORY,API-172244,Cải tiến các luồng xuất file excel (Sao kê + Truy vấn giao dịch) trên hệ thống MBseller,,Cải tiến,,,,,2026-06-22,2026-06-23,API - Line 1,API-172270,Story,Cải tiến API request xuất file sao kê,IN UAT,,,,,,
STORY,API-172244,Cải tiến các luồng xuất file excel (Sao kê + Truy vấn giao dịch) trên hệ thống MBseller,,Cải tiến,,,,,2026-06-22,2026-06-23,API - Line 1,API-172271,Story,Cải tiến API truy vấn lịch sử xuất file sao kê,Ready For Dev,,,,,,
STORY,API-172266,Push BĐSD_Quản trị noti theo PRODUCT.CODE,,Cải tiến,2026-06-18,,,2026-07-02,2026-06-23,2026-08-11,API - Line 3,API-172325,Story,Phát triển luồng Push BĐSD_Quản trị noti theo PRODUCT.CODE,Cancelled,,,,,,
STORY,API-172266,Push BĐSD_Quản trị noti theo PRODUCT.CODE,,Cải tiến,2026-06-18,,,2026-07-02,2026-06-23,2026-08-11,API - Line 3,API-172577,Story,Push BĐSD_Quản trị noti theo PRODUCT.CODE,UAT DONE,,,,,,
SUBTASK,API-172266,Push BĐSD_Quản trị noti theo PRODUCT.CODE,,Cải tiến,2026-06-18,,,2026-07-02,2026-06-23,2026-08-11,API - Line 3,MS-92829,Story,MS ký số: Bổ sung input merchant và tinh chỉnh logic bảng cấu hình,To Do,MS-91477,Design,[Create TC]  Create TC Push Noti/Noti Share BDSD bị động _ Ngắt noti BĐSD DG dưới 10k,Done,2026-06-11,2026-06-11
SUBTASK,API-172266,Push BĐSD_Quản trị noti theo PRODUCT.CODE,,Cải tiến,2026-06-18,,,2026-07-02,2026-06-23,2026-08-11,API - Line 3,MS-92829,Story,MS ký số: Bổ sung input merchant và tinh chỉnh logic bảng cấu hình,To Do,MS-91676,Meeting,[REFINEMENT]Push BĐSD App_Ngắt noti BĐSD GD dưới 10K,Done,2026-06-10,2026-06-10
SUBTASK,API-172266,Push BĐSD_Quản trị noti theo PRODUCT.CODE,,Cải tiến,2026-06-18,,,2026-07-02,2026-06-23,2026-08-11,API - Line 3,MS-92829,Story,MS ký số: Bổ sung input merchant và tinh chỉnh logic bảng cấu hình,To Do,MS-91677,Sub Test Execution,[SIT] Push Noti/Noti Share BDSD bị động _ Ngắt noti BĐSD DG dưới 10k,Done,2026-06-12,2026-06-12
STORY,API-172304,BaaS Portal_Quản lý hợp đồng,,Cải tiến,2026-06-23,,,2026-07-15,2026-06-23,2026-08-11,API - Line 3,API-172308,Story,US_Quản lý Merchant - Truy vấn danh sách/chi tiết,Ready For Golive,,,,,,
STORY,API-172304,BaaS Portal_Quản lý hợp đồng,,Cải tiến,2026-06-23,,,2026-07-15,2026-06-23,2026-08-11,API - Line 3,API-172567,Story,US_Quản lý Merchant - Thêm mới/Chỉnh sửa,Ready For Golive,,,,,,
STORY,API-172304,BaaS Portal_Quản lý hợp đồng,,Cải tiến,2026-06-23,,,2026-07-15,2026-06-23,2026-08-11,API - Line 3,ECM-20405,Story,Tích hợp Lưu trữ hợp đồng Merchant cho đối tác,Released,,,,,,
STORY,API-172389,[Agent banking]_[Thanh toán hóa đơn]_Cải tiến logic nhập GTTT ,,Cải tiến,,2026-06-24,2026-07-23,2026-07-13,2026-06-23,2026-08-05,API - Line 2,API-172433,Story,Cải tiến api Thanh toán hóa đơn tại quầy giao dịch đối tác,Released,,,,,,
STORY,API-172475,QRGLOBAL_Tính phí,,Cải tiến,,2026-07-30,2026-07-10,2026-08-13,2026-06-24,2026-08-14,API - Line 1,API-172572,Story,"QR GLOBAL_Cải tiến luồng tính phí_API truy vấn QR v1,v2 + API truy vấn TK QR/THDD chiều về + API CK chiều về Napas",IN SIT,,,,,,
STORY,API-172475,QRGLOBAL_Tính phí,,Cải tiến,,2026-07-30,2026-07-10,2026-08-13,2026-06-24,2026-08-14,API - Line 1,PMP-67809,Story,[ALIAS] Chỉnh sửa logic tính phí trong luồng chuyển tiền,IN UAT,,,,,,
STORY,API-172653,[eWallet] Bổ sung logic check TKTT sub 624 cho dv ví điện tử và gán nguồn thanh toán,,Cải tiến,,2026-06-26,2026-07-16,2026-07-14,2026-06-26,2026-08-05,API - Line 2,API-172718,Story,API liên kết ví thường+1 chạm _ Bổ sung logic chặn Sub producte = 624,Released,,,,,,
STORY,API-172653,[eWallet] Bổ sung logic check TKTT sub 624 cho dv ví điện tử và gán nguồn thanh toán,,Cải tiến,,2026-06-26,2026-07-16,2026-07-14,2026-06-26,2026-08-05,API - Line 2,API-172720,Story,API gán nguồn thanh toán _Bổ sung logic chặn Sub product =624,Released,,,,,,
STORY,API-172725,[Agent banking]_[Master Merchant]_Phát triển API Thu hộ theo mô hình Master Merchant,,Tính năng mới,,2026-06-29,,,2026-06-29,2026-08-11,API - Line 2,API-172726,Story,Phát triển api Thu hộ theo mô hình Master Merchant,Pending,,,,,,
STORY,API-172725,[Agent banking]_[Master Merchant]_Phát triển API Thu hộ theo mô hình Master Merchant,,Tính năng mới,,2026-06-29,,,2026-06-29,2026-08-11,API - Line 2,API-172795,Story,Phát triển api Hoàn tiền giao dịch Thu hộ theo Master Merchant,Pending,,,,,,
STORY,API-172725,[Agent banking]_[Master Merchant]_Phát triển API Thu hộ theo mô hình Master Merchant,,Tính năng mới,,2026-06-29,,,2026-06-29,2026-08-11,API - Line 2,API-172806,Story,Cải tiến api truy vấn trạng thái giao dịch,Pending,,,,,,
STORY,API-172736,[Miniapp QL dịch vụ đối tác] Phase 01 Xem thông tin dịch vụ KH theo đối tác,,Sản phẩm/dịch vụ/quy trình mới,,2026-07-21,,2026-08-10,2026-06-29,2026-08-13,API - Line 2,API-174843,Story,[TẬN THU]_Phát triển api cho kênh nội bộ Truy vấn tài khoản đăng ký dịch vụ tận thu,Ready For Golive,,,,,,
STORY,API-172736,[Miniapp QL dịch vụ đối tác] Phase 01 Xem thông tin dịch vụ KH theo đối tác,,Sản phẩm/dịch vụ/quy trình mới,,2026-07-21,,2026-08-10,2026-06-29,2026-08-13,API - Line 2,API-174845,Story,[THU HỘ THEO LÔ]_Phát triển api cho kênh nội bộTruy vấn tài khoản đăng ký dịch vụ Thu hộ theo lô,Ready For Golive,,,,,,
STORY,API-172736,[Miniapp QL dịch vụ đối tác] Phase 01 Xem thông tin dịch vụ KH theo đối tác,,Sản phẩm/dịch vụ/quy trình mới,,2026-07-21,,2026-08-10,2026-06-29,2026-08-13,API - Line 2,API-174849,Story,[BE MINIAPP]_Phát triển api verify token,Ready For Golive,,,,,,
STORY,API-172736,[Miniapp QL dịch vụ đối tác] Phase 01 Xem thông tin dịch vụ KH theo đối tác,,Sản phẩm/dịch vụ/quy trình mới,,2026-07-21,,2026-08-10,2026-06-29,2026-08-13,API - Line 2,API-174851,Story,[BE MINIAPP]_Phát triển Module Truy vấn dịch vụ Thanh toán tự động,Ready For Golive,,,,,,
STORY,API-172736,[Miniapp QL dịch vụ đối tác] Phase 01 Xem thông tin dịch vụ KH theo đối tác,,Sản phẩm/dịch vụ/quy trình mới,,2026-07-21,,2026-08-10,2026-06-29,2026-08-13,API - Line 2,API-174853,Story,[BE MINIAPP]_Phát triển API Truy vấn thông tin tổng quan dịch vụ Thanh toán tự động + chia sẻ biến động số dư,Ready For Golive,,,,,,
STORY,API-172736,[Miniapp QL dịch vụ đối tác] Phase 01 Xem thông tin dịch vụ KH theo đối tác,,Sản phẩm/dịch vụ/quy trình mới,,2026-07-21,,2026-08-10,2026-06-29,2026-08-13,API - Line 2,API-174855,Story,[FE MINIAPP]_Xây dựng màn hình xem tổng quan dịch vụ Thanh toán tự động + Chia sẻ biến động số dư,Ready For Golive,,,,,,
STORY,API-172736,[Miniapp QL dịch vụ đối tác] Phase 01 Xem thông tin dịch vụ KH theo đối tác,,Sản phẩm/dịch vụ/quy trình mới,,2026-07-21,,2026-08-10,2026-06-29,2026-08-13,API - Line 2,API-174857,Story,[FE MINIAPP]_Xây dựng màn hình xem chi tiết dịch vụ Thanh toán tự động + chia sẻ biến động số dư,Ready For Golive,,,,,,
STORY,API-172736,[Miniapp QL dịch vụ đối tác] Phase 01 Xem thông tin dịch vụ KH theo đối tác,,Sản phẩm/dịch vụ/quy trình mới,,2026-07-21,,2026-08-10,2026-06-29,2026-08-13,API - Line 2,API-174859,Story,[MS CORE MERCHANT]_Phát triển api truy vấn thông tin logo của đối tác,Ready For Golive,,,,,,
STORY,API-172736,[Miniapp QL dịch vụ đối tác] Phase 01 Xem thông tin dịch vụ KH theo đối tác,,Sản phẩm/dịch vụ/quy trình mới,,2026-07-21,,2026-08-10,2026-06-29,2026-08-13,API - Line 2,API-175029,Story,API truy vấn thông tin nguồn gán + hạn mức bypass,IN SIT,,,,,,
STORY,API-172794,MBseller - Bổ sung trải nghiệm đăng ký tài khoản MBseller & tính năng sao kê,,Tính năng mới,2026-07-02,2026-07-02,,,2026-06-30,2026-08-14,API - Line 1,API-173353,Story,Bổ sung trải nghiệm đăng ký tài khoản MBseller & tính năng sao kê,Pending,,,,,,
EPIC,API-172898,[KẾT CHUYỂN] MỞ THÊM LUỒNG KẾT CHUYỂN RA NGOÀI MB,In Progress,Cải tiến,,2026-07-10,2026-07-30,,2026-07-02,2026-07-10,,,,,,,,,,,
STORY,API-172903,PHÁT HÀNH THẺ CHO ĐỐI TÁC TASCO(VETC) & MULTIGO,,Sản phẩm/dịch vụ/quy trình mới,,2026-07-09,,,2026-07-02,2026-08-12,API - Line 2,API-173347,Story,API kiểm tra điều kiện phát hành thẻ,Pending,,,,,,
STORY,API-172903,PHÁT HÀNH THẺ CHO ĐỐI TÁC TASCO(VETC) & MULTIGO,,Sản phẩm/dịch vụ/quy trình mới,,2026-07-09,,,2026-07-02,2026-08-12,API - Line 2,API-173349,Story,API phát hành thẻ tín dụng,Pending,,,,,,
STORY,API-172903,PHÁT HÀNH THẺ CHO ĐỐI TÁC TASCO(VETC) & MULTIGO,,Sản phẩm/dịch vụ/quy trình mới,,2026-07-09,,,2026-07-02,2026-08-12,API - Line 2,API-173350,Story,API truy vấn trạng thái phát hành thẻ,Pending,,,,,,
STORY,API-172903,PHÁT HÀNH THẺ CHO ĐỐI TÁC TASCO(VETC) & MULTIGO,,Sản phẩm/dịch vụ/quy trình mới,,2026-07-09,,,2026-07-02,2026-08-12,API - Line 2,TCTHTW-52272,Story,Xây dựng service tính hạn mức thẻ tín dụng cho KH khi phát hành,To Do,,,,,,
STORY,API-173265,POC AI OPENBANKING,,Cải tiến,,,,,2026-07-07,2026-07-07,API-AI,API-173270,Story,API AI - Phát triển API chuyển tiền thay thế API trên ms-routing-transfer,To Do,,,,,,
STORY,API-173308,"Onboarding POS_Bổ sung check rủi ro STK, CCCD, ĐKKD qua FCRM",,Cải tiến,2026-07-08,2026-07-08,,2026-07-27,2026-07-08,2026-08-05,API - Line 3,API-173310,Story,"US_Bổ sung check rủi ro STK, CCCF, ĐKKD qua FCRM",Ready For Golive,,,,,,
STORY,API-173572,Chuyển đổi cụm DB Oracle cho service PushMessage-BDSD,,Cải tiến,,,,,2026-07-10,2026-08-10,API - Line 3,API-176477,Story,Chuyển đổi cụm DB Oracle cho service PushMessage-BDSD,SIT DONE,,,,,,
STORY,API-173698,[Agent banking]_Thu hộ Master Merchant_BCDS dịch vụ,,Tính năng mới,,2026-07-13,,,2026-07-13,2026-07-13,API - Line 2,API-173701,Story,Bổ sung báo cáo đối soát dịch vụ Thu hộ theo mô hình Master merchant,READY FOR REFINE,,,,,,
STORY,API-173918,Push BĐSD_Quản trị noti theo PRODUCT.CODE bổ sung sản phẩm khiên BHRV 8K,,Cải tiến,2026-07-09,,,2026-07-22,2026-07-14,2026-08-05,API - Line 3,API-173921,Story,Ngắt push noti BĐSD đối với sản phẩm Khiên mất tiền MB đền và sản phẩm BHRV,Released,,,,,,
STORY,API-174016,Push BĐSD_Xây dựng chức năng truy vấn trạng thái đăng ký chia sẻ BĐSD đối tác,,Tính năng mới,2026-07-15,2026-07-16,,,2026-07-15,2026-08-14,API - Line 3,API-174260,Story,US_Xây dựng chức năng truy vấn trạng thái đăng ký chia sẻ BĐSD đối tác,Released,,,,,,
STORY,API-174040,Phát triển luồng consumer thông tin giao dịch về hệ thống MMS và Paygate,,Cải tiến,,,,,2026-07-15,2026-07-21,,API-174049,Story,Phát triển luồng consumer thông tin giao dịch về hệ thống MMS,IN UAT,,,,,,
STORY,API-174040,Phát triển luồng consumer thông tin giao dịch về hệ thống MMS và Paygate,,Cải tiến,,,,,2026-07-15,2026-07-21,,API-174836,Story,Phát triển luồng consumer thông tin giao dịch về hệ thống Paygate,IN DEV,,,,,,
EPIC,API-174497,[BANK HUB] BỔ SUNG THÔNG TIN NHÂN BIẾT GIAO DỊCH QUA BANKHUB,In Progress,Cải tiến,,,,,2026-07-17,2026-07-17,,,,,,,,,,,
STORY,API-174956,Bổ sung mapping mã lỗi cho dịch vụ ví điện tử,,Cải tiến,,2026-07-23,2026-08-06,2026-08-05,2026-07-21,2026-08-07,API - Line 2,API-175175,Story,Cashin core_Bổ sung mã lỗi tường minh cho luồng báo có Momo,Released,,,,,,
STORY,API-175105,SMS_Xây dựng bộ API xác thực số ĐT với Viettel,,Tính năng mới,,2026-07-28,,,2026-07-23,2026-08-14,API - Line 3,API-175484,Story,US1_API yêu cầu xác minh thuê bao,IN SIT,,,,,,
STORY,API-175105,SMS_Xây dựng bộ API xác thực số ĐT với Viettel,,Tính năng mới,,2026-07-28,,,2026-07-23,2026-08-14,API - Line 3,API-175557,Story,US2_Kiểm tra nhà mạng & Tạo consent,IN SIT,,,,,,
STORY,API-175105,SMS_Xây dựng bộ API xác thực số ĐT với Viettel,,Tính năng mới,,2026-07-28,,,2026-07-23,2026-08-14,API - Line 3,API-175589,Story,US3_ Lấy kết quả xác minh từ Viettel,IN SIT,,,,,,
STORY,API-175158,Push BĐSD_Xây dựng bảng cấu hình rule push BĐSD Noti + SMS,,Tính năng mới,2026-07-23,2026-07-27,,,2026-07-23,2026-08-14,API - Line 3,API-175374,Story,API Truy vấn danh sách rule cấu hình push BĐSD Noti + SMS,DEV DONE,,,,,,
STORY,API-175158,Push BĐSD_Xây dựng bảng cấu hình rule push BĐSD Noti + SMS,,Tính năng mới,2026-07-23,2026-07-27,,,2026-07-23,2026-08-14,API - Line 3,API-175537,Story,API Chỉnh sửa rule cấu hình push BĐSD Noti + SMS,IN SIT,,,,,,
STORY,API-175158,Push BĐSD_Xây dựng bảng cấu hình rule push BĐSD Noti + SMS,,Tính năng mới,2026-07-23,2026-07-27,,,2026-07-23,2026-08-14,API - Line 3,API-175538,Story,API Thêm mới rule cấu hình push BĐSD Noti + SMS,SIT DONE,,,,,,
STORY,API-175158,Push BĐSD_Xây dựng bảng cấu hình rule push BĐSD Noti + SMS,,Tính năng mới,2026-07-23,2026-07-27,,,2026-07-23,2026-08-14,API - Line 3,API-176064,Story,API duyệt/từ chối rule cấu hình push BĐSD Noti + SMS,IN SIT,,,,,,
STORY,API-175158,Push BĐSD_Xây dựng bảng cấu hình rule push BĐSD Noti + SMS,,Tính năng mới,2026-07-23,2026-07-27,,,2026-07-23,2026-08-14,API - Line 3,API-176264,Story,API Chi tiết rule cấu hình push BĐSD Noti + SMS,DEV DONE,,,,,,
STORY,API-175158,Push BĐSD_Xây dựng bảng cấu hình rule push BĐSD Noti + SMS,,Tính năng mới,2026-07-23,2026-07-27,,,2026-07-23,2026-08-14,API - Line 3,API-176953,Story,API sửa luồng check rule push BĐSD + SMS,Cancelled,,,,,,
STORY,API-175322,[Agent banking]_Rút tiền bằng mã QR_Phát triển API báo có giao dịch rút QR cho F88,,Tính năng mới,,2026-07-27,,2026-08-13,2026-07-27,2026-08-14,API - Line 2,API-175323,Story,Phát triển api báo có trạng thái thanh toán QR cho đối tác F88,IN UAT,,,,,,
EPIC,API-175585,QRGLOBAL_Thanh toán QRGLOBAL MVP2-Phi,In Progress,Cải tiến,,2026-07-30,,,2026-07-29,2026-07-30,API - Line 1,,,,,,,,,,
STORY,API-175629,BaaS Portal_Cải tiến khai báo đối tác vào Core,,Cải tiến,,2026-07-31,,,2026-07-30,2026-08-12,API - Line 3,API-175705,Story,US_Migrate dữ liệu đối tác vào Core,IN DEV,,,,,,
STORY,API-175629,BaaS Portal_Cải tiến khai báo đối tác vào Core,,Cải tiến,,2026-07-31,,,2026-07-30,2026-08-12,API - Line 3,API-175784,Story,US_Cải tiến khai báo quản lý Merchant,IN DEV,,,,,,
STORY,API-175791,MBseller - Bổ sung đối tượng HKD onboard tại quầy đăng ký CKS & cập nhật tên tiếng việt có dấu khi đăng ký CKS,,Cải tiến,2026-08-05,2026-08-05,,,2026-08-03,2026-08-14,API - Line 1,API-176118,Story,Update API đăng ký chữ ký số,DEV DONE,,,,,,
STORY,API-175791,MBseller - Bổ sung đối tượng HKD onboard tại quầy đăng ký CKS & cập nhật tên tiếng việt có dấu khi đăng ký CKS,,Cải tiến,2026-08-05,2026-08-05,,,2026-08-03,2026-08-14,API - Line 1,API-176119,Story,Update luồng truy vấn thông tin đăng ký chữ ký số (BE + FE),DEV DONE,,,,,,
STORY,API-175792,MBseller - Cải tiến tính năng sao kê chủ động cho phép user khác người đại diện sử dụng,,Cải tiến,,2026-08-13,,,2026-08-03,2026-08-14,API - Line 1,API-176823,Story,Update API download file sao kê ,WAITING FOR PLANNING,,,,,,
STORY,API-175792,MBseller - Cải tiến tính năng sao kê chủ động cho phép user khác người đại diện sử dụng,,Cải tiến,,2026-08-13,,,2026-08-03,2026-08-14,API - Line 1,API-176824,Story,Update API request xuất file sao kê,WAITING FOR PLANNING,,,,,,
STORY,API-175792,MBseller - Cải tiến tính năng sao kê chủ động cho phép user khác người đại diện sử dụng,,Cải tiến,,2026-08-13,,,2026-08-03,2026-08-14,API - Line 1,API-176825,Story,Update API truy vấn ds tài khoản,WAITING FOR PLANNING,,,,,,
STORY,API-175792,MBseller - Cải tiến tính năng sao kê chủ động cho phép user khác người đại diện sử dụng,,Cải tiến,,2026-08-13,,,2026-08-03,2026-08-14,API - Line 1,API-176826,Story,Update API truy vấn lịch sử giao dịch,WAITING FOR PLANNING,,,,,,
STORY,API-175792,MBseller - Cải tiến tính năng sao kê chủ động cho phép user khác người đại diện sử dụng,,Cải tiến,,2026-08-13,,,2026-08-03,2026-08-14,API - Line 1,API-176827,Story,Update API truy vấn lịch sử xuất file sao kê,WAITING FOR PLANNING,,,,,,
STORY,API-175792,MBseller - Cải tiến tính năng sao kê chủ động cho phép user khác người đại diện sử dụng,,Cải tiến,,2026-08-13,,,2026-08-03,2026-08-14,API - Line 1,API-176828,Story,Update FE Xem sao kê chủ động,WAITING FOR PLANNING,,,,,,
STORY,API-175792,MBseller - Cải tiến tính năng sao kê chủ động cho phép user khác người đại diện sử dụng,,Cải tiến,,2026-08-13,,,2026-08-03,2026-08-14,API - Line 1,API-176829,Story,"PT API Kiểm tra thông tin user, người đại diện và loại hình Merchant",WAITING FOR PLANNING,,,,,,
EPIC,API-175793,MBseller - QUẢN LÝ HÀNG HÓA DỊCH VỤ,In Progress,Tính năng mới,2026-08-05,2026-08-05,,,2026-08-03,2026-08-14,API - Line 1,,,,,,,,,,
EPIC,API-175794,MBseller - QUẢN LÝ ĐƠN HÀNG ,In Progress,Tính năng mới,,,,,2026-08-03,2026-08-03,API - Line 1,,,,,,,,,,
STORY,API-176026,MiniApp_Bổ sung cấu hình chia sẻ thông tin HKD và trạng thái NFC,,Cải tiến,,2026-08-06,,,2026-08-05,2026-08-12,API - Line 3,API-176066,Story,API khởi tạo token - bổ sung chia sẻ kết quả hậu kiểm thuế AI & trạng thái NFC cho MiniApp đối tác,WAITING FOR PLANNING,,,,,,
STORY,API-176026,MiniApp_Bổ sung cấu hình chia sẻ thông tin HKD và trạng thái NFC,,Cải tiến,,2026-08-06,,,2026-08-05,2026-08-12,API - Line 3,API-176082,Story,API verify token - bổ sung chia sẻ kết quả hậu kiểm thuế AI & trạng thái NFC cho MiniApp đối tác,WAITING FOR PLANNING,,,,,,
STORY,API-176130,QRGLOBAL - Hạn mức ,,Cải tiến,,2026-08-03,2026-09-11,,2026-08-06,2026-08-11,API - Line 1,API-176131,Story,Thêm logic tính hạn mức cho API CK chiều về ,Ready For Dev,,,,,,
STORY,API-176130,QRGLOBAL - Hạn mức ,,Cải tiến,,2026-08-03,2026-09-11,,2026-08-06,2026-08-11,API - Line 1,API-176526,Story,Cải tiến API truy vấn thông tin QR V1 + V2 (getVietQrStatusById),IN SIT,,,,,,
EPIC,API-176293,[Miniapp QL dịch vụ đối tác] Phase 02 Chỉnh sửa off dịch vụ,In Progress,Tính năng mới,,,,,2026-08-07,2026-08-10,API - Line 2,,,,,,,,,,
EPIC,API-176366,MBseller - Cải tiến dữ liệu file sao kê tự động,In Progress,Cải tiến,,,,,2026-08-10,2026-08-10,API - Line 1,,,,,,,,,,
STORY,API-176574,Onboarding POS_Bổ sung tờ trình miễn giảm phí POS,,Cải tiến,,2026-08-12,,,2026-08-11,2026-08-12,API - Line 3,API-176704,Story,US_Bổ sung tờ trình miễn giảm phí Pos,Ready For Dev,,,,,,
STORY,API-176939,Push BĐSD_Cập nhật core Push theo rule cấu hình portal,,Tính năng mới,,,,,2026-08-14,2026-08-14,API - Line 3,API-176988,Story,API sửa luồng check rule push BĐSD + SMS,READY FOR REFINE,,,,,,
EPIC,BPMCN-46381,Cải tiến nguồn thu từ lương: Tự động cập nhật thông tin Đơn vị quản lí,In Progress,Cải tiến,2026-04-06,,,,2026-06-03,2026-06-04,,,,,,,,,,,
SUBTASK,BPMCN-46384,Cải tiến nguồn thu từ lương: Tự động cập nhật thông tin Đơn vị quản lí,,Cải tiến,2026-04-06,2026-06-09,2026-07-03,2026-06-29,2026-06-03,2026-08-05,,BPMCN-46942,Story,Cải tiến nguồn thu từ lương: Tự động cập nhật thông tin Đơn vị quản lí,Released,BPMCN-46943,BA,BA - Phân tích - Cải tiến nguồn thu từ lương: Tự động cập nhật thông tin Đơn vị quản lí,Done,,
SUBTASK,BPMCN-46384,Cải tiến nguồn thu từ lương: Tự động cập nhật thông tin Đơn vị quản lí,,Cải tiến,2026-04-06,2026-06-09,2026-07-03,2026-06-29,2026-06-03,2026-08-05,,BPMCN-46942,Story,Cải tiến nguồn thu từ lương: Tự động cập nhật thông tin Đơn vị quản lí,Released,BPMCN-46944,Design,DEV - Thiết kế - Cải tiến nguồn thu từ lương: Tự động cập nhật thông tin Đơn vị quản lí,Done,2026-06-15,2026-06-15
SUBTASK,BPMCN-46384,Cải tiến nguồn thu từ lương: Tự động cập nhật thông tin Đơn vị quản lí,,Cải tiến,2026-04-06,2026-06-09,2026-07-03,2026-06-29,2026-06-03,2026-08-05,,BPMCN-46942,Story,Cải tiến nguồn thu từ lương: Tự động cập nhật thông tin Đơn vị quản lí,Released,BPMCN-46945,DEV,DEV - Phát triển - Cải tiến nguồn thu từ lương: Tự động cập nhật thông tin Đơn vị quản lí,Done,2026-06-17,2026-06-19
SUBTASK,BPMCN-46384,Cải tiến nguồn thu từ lương: Tự động cập nhật thông tin Đơn vị quản lí,,Cải tiến,2026-04-06,2026-06-09,2026-07-03,2026-06-29,2026-06-03,2026-08-05,,BPMCN-46942,Story,Cải tiến nguồn thu từ lương: Tự động cập nhật thông tin Đơn vị quản lí,Released,BPMCN-46946,Pre-Golive,DEV - chuẩn bị golive - Cải tiến nguồn thu từ lương: Tự động cập nhật thông tin Đơn vị quản lí,Done,2026-06-29,2026-06-29
SUBTASK,BPMCN-46384,Cải tiến nguồn thu từ lương: Tự động cập nhật thông tin Đơn vị quản lí,,Cải tiến,2026-04-06,2026-06-09,2026-07-03,2026-06-29,2026-06-03,2026-08-05,,BPMCN-46942,Story,Cải tiến nguồn thu từ lương: Tự động cập nhật thông tin Đơn vị quản lí,Released,BPMCN-46947,Support,DEV - Hỗ trợ - Cải tiến nguồn thu từ lương: Tự động cập nhật thông tin Đơn vị quản lí,Done,,
SUBTASK,BPMCN-46384,Cải tiến nguồn thu từ lương: Tự động cập nhật thông tin Đơn vị quản lí,,Cải tiến,2026-04-06,2026-06-09,2026-07-03,2026-06-29,2026-06-03,2026-08-05,,BPMCN-46942,Story,Cải tiến nguồn thu từ lương: Tự động cập nhật thông tin Đơn vị quản lí,Released,BPMCN-46948,Review,DEV - Review tài liệu - Cải tiến nguồn thu từ lương: Tự động cập nhật thông tin Đơn vị quản lí,Done,,
SUBTASK,BPMCN-46384,Cải tiến nguồn thu từ lương: Tự động cập nhật thông tin Đơn vị quản lí,,Cải tiến,2026-04-06,2026-06-09,2026-07-03,2026-06-29,2026-06-03,2026-08-05,,BPMCN-46942,Story,Cải tiến nguồn thu từ lương: Tự động cập nhật thông tin Đơn vị quản lí,Released,BPMCN-46949,Review TKCT,DEV - Review TKCT - Cải tiến nguồn thu từ lương: Tự động cập nhật thông tin Đơn vị quản lí,Done,,
SUBTASK,BPMCN-46384,Cải tiến nguồn thu từ lương: Tự động cập nhật thông tin Đơn vị quản lí,,Cải tiến,2026-04-06,2026-06-09,2026-07-03,2026-06-29,2026-06-03,2026-08-05,,BPMCN-46942,Story,Cải tiến nguồn thu từ lương: Tự động cập nhật thông tin Đơn vị quản lí,Released,BPMCN-46950,Design,SIT - Test design - Cải tiến nguồn thu từ lương: Tự động cập nhật thông tin Đơn vị quản lí,Done,2026-06-15,2026-06-16
SUBTASK,BPMCN-46384,Cải tiến nguồn thu từ lương: Tự động cập nhật thông tin Đơn vị quản lí,,Cải tiến,2026-04-06,2026-06-09,2026-07-03,2026-06-29,2026-06-03,2026-08-05,,BPMCN-46942,Story,Cải tiến nguồn thu từ lương: Tự động cập nhật thông tin Đơn vị quản lí,Released,BPMCN-46951,Review,SIT - Review TC- Cải tiến nguồn thu từ lương: Tự động cập nhật thông tin Đơn vị quản lí,Done,2026-06-17,2026-06-17
SUBTASK,BPMCN-46384,Cải tiến nguồn thu từ lương: Tự động cập nhật thông tin Đơn vị quản lí,,Cải tiến,2026-04-06,2026-06-09,2026-07-03,2026-06-29,2026-06-03,2026-08-05,,BPMCN-46942,Story,Cải tiến nguồn thu từ lương: Tự động cập nhật thông tin Đơn vị quản lí,Released,BPMCN-46952,Sub Test Execution,SIT - thực hiện test - Cải tiến nguồn thu từ lương: Tự động cập nhật thông tin Đơn vị quản lí,Done,2026-06-24,2026-06-26
SUBTASK,BPMCN-46384,Cải tiến nguồn thu từ lương: Tự động cập nhật thông tin Đơn vị quản lí,,Cải tiến,2026-04-06,2026-06-09,2026-07-03,2026-06-29,2026-06-03,2026-08-05,,BPMCN-46942,Story,Cải tiến nguồn thu từ lương: Tự động cập nhật thông tin Đơn vị quản lí,Released,BPMCN-46953,KSTĐ,SIT - KSTĐ - Cải tiến nguồn thu từ lương: Tự động cập nhật thông tin Đơn vị quản lí,Done,,
SUBTASK,BPMCN-46384,Cải tiến nguồn thu từ lương: Tự động cập nhật thông tin Đơn vị quản lí,,Cải tiến,2026-04-06,2026-06-09,2026-07-03,2026-06-29,2026-06-03,2026-08-05,,BPMCN-46942,Story,Cải tiến nguồn thu từ lương: Tự động cập nhật thông tin Đơn vị quản lí,Released,BPMCN-46954,Sub-task,SIT - Mini review - Cải tiến nguồn thu từ lương: Tự động cập nhật thông tin Đơn vị quản lí,Cancelled,,
SUBTASK,BPMCN-46390,Cải tiến nguồn thu Doanh nghiệp góp vốn,,Cải tiến,2026-04-06,2026-06-09,2026-07-03,2026-06-29,2026-06-03,2026-08-05,,BPMCN-46955,Story,Cải tiến nguồn thu Doanh nghiệp góp vốn,Released,BPMCN-46956,BA,BA - Phân tích - Cải tiến nguồn thu Doanh nghiệp góp vốn,Done,,
SUBTASK,BPMCN-46390,Cải tiến nguồn thu Doanh nghiệp góp vốn,,Cải tiến,2026-04-06,2026-06-09,2026-07-03,2026-06-29,2026-06-03,2026-08-05,,BPMCN-46955,Story,Cải tiến nguồn thu Doanh nghiệp góp vốn,Released,BPMCN-46957,Design,DEV - Thiết kế - Cải tiến nguồn thu Doanh nghiệp góp vốn,Done,2026-06-11,2026-06-11
SUBTASK,BPMCN-46390,Cải tiến nguồn thu Doanh nghiệp góp vốn,,Cải tiến,2026-04-06,2026-06-09,2026-07-03,2026-06-29,2026-06-03,2026-08-05,,BPMCN-46955,Story,Cải tiến nguồn thu Doanh nghiệp góp vốn,Released,BPMCN-46958,DEV,DEV - Phát triển - Cải tiến nguồn thu Doanh nghiệp góp vốn,Cancelled,2026-06-12,2026-06-15
SUBTASK,BPMCN-46390,Cải tiến nguồn thu Doanh nghiệp góp vốn,,Cải tiến,2026-04-06,2026-06-09,2026-07-03,2026-06-29,2026-06-03,2026-08-05,,BPMCN-46955,Story,Cải tiến nguồn thu Doanh nghiệp góp vốn,Released,BPMCN-46959,Pre-Golive,DEV - chuẩn bị golive - Cải tiến nguồn thu Doanh nghiệp góp vốn,Cancelled,,
SUBTASK,BPMCN-46390,Cải tiến nguồn thu Doanh nghiệp góp vốn,,Cải tiến,2026-04-06,2026-06-09,2026-07-03,2026-06-29,2026-06-03,2026-08-05,,BPMCN-46955,Story,Cải tiến nguồn thu Doanh nghiệp góp vốn,Released,BPMCN-46960,Support,DEV - Phát triển - Cải tiến nguồn thu Doanh nghiệp góp vốn,Done,2026-06-12,2026-06-16
SUBTASK,BPMCN-46390,Cải tiến nguồn thu Doanh nghiệp góp vốn,,Cải tiến,2026-04-06,2026-06-09,2026-07-03,2026-06-29,2026-06-03,2026-08-05,,BPMCN-46955,Story,Cải tiến nguồn thu Doanh nghiệp góp vốn,Released,BPMCN-46961,Review,DEV - Review tài liệu - Cải tiến nguồn thu Doanh nghiệp góp vốn,Cancelled,,
SUBTASK,BPMCN-46390,Cải tiến nguồn thu Doanh nghiệp góp vốn,,Cải tiến,2026-04-06,2026-06-09,2026-07-03,2026-06-29,2026-06-03,2026-08-05,,BPMCN-46955,Story,Cải tiến nguồn thu Doanh nghiệp góp vốn,Released,BPMCN-46962,Review TKCT,DEV - Review TKCT - Cải tiến nguồn thu Doanh nghiệp góp vốn,Cancelled,,
SUBTASK,BPMCN-46390,Cải tiến nguồn thu Doanh nghiệp góp vốn,,Cải tiến,2026-04-06,2026-06-09,2026-07-03,2026-06-29,2026-06-03,2026-08-05,,BPMCN-46955,Story,Cải tiến nguồn thu Doanh nghiệp góp vốn,Released,BPMCN-46963,Design,SIT - Test design - Cải tiến nguồn thu Doanh nghiệp góp vốn,Done,2026-06-15,2026-06-16
SUBTASK,BPMCN-46390,Cải tiến nguồn thu Doanh nghiệp góp vốn,,Cải tiến,2026-04-06,2026-06-09,2026-07-03,2026-06-29,2026-06-03,2026-08-05,,BPMCN-46955,Story,Cải tiến nguồn thu Doanh nghiệp góp vốn,Released,BPMCN-46964,Review,SIT - Review - Cải tiến nguồn thu Doanh nghiệp góp vốn,Cancelled,,
SUBTASK,BPMCN-46390,Cải tiến nguồn thu Doanh nghiệp góp vốn,,Cải tiến,2026-04-06,2026-06-09,2026-07-03,2026-06-29,2026-06-03,2026-08-05,,BPMCN-46955,Story,Cải tiến nguồn thu Doanh nghiệp góp vốn,Released,BPMCN-46965,Sub Test Execution,SIT - thực hiện test - Cải tiến nguồn thu Doanh nghiệp góp vốn,Done,2026-06-19,2026-06-22
SUBTASK,BPMCN-46390,Cải tiến nguồn thu Doanh nghiệp góp vốn,,Cải tiến,2026-04-06,2026-06-09,2026-07-03,2026-06-29,2026-06-03,2026-08-05,,BPMCN-46955,Story,Cải tiến nguồn thu Doanh nghiệp góp vốn,Released,BPMCN-46966,KSTĐ,SIT - KSTĐ - Cải tiến nguồn thu Doanh nghiệp góp vốn,Done,,
SUBTASK,BPMCN-46390,Cải tiến nguồn thu Doanh nghiệp góp vốn,,Cải tiến,2026-04-06,2026-06-09,2026-07-03,2026-06-29,2026-06-03,2026-08-05,,BPMCN-46955,Story,Cải tiến nguồn thu Doanh nghiệp góp vốn,Released,BPMCN-46967,Sub-task,SIT - Mini review - Cải tiến nguồn thu Doanh nghiệp góp vốn,Cancelled,,
SUBTASK,BPMCN-46390,Cải tiến nguồn thu Doanh nghiệp góp vốn,,Cải tiến,2026-04-06,2026-06-09,2026-07-03,2026-06-29,2026-06-03,2026-08-05,,BPMCN-46955,Story,Cải tiến nguồn thu Doanh nghiệp góp vốn,Released,BPMCN-47172,DEV,BPMDN - Chỉnh sửa API lấy thông tin hồ sơ  /get-bpm-loan-approval-dngv,Done,,
SUBTASK,BPMCN-46459,NHẬN DIỆN HÓA ĐƠN/STK THỤ HƯỞNG GIẢI NGÂN,,Tính năng mới,,2026-06-04,2026-06-26,2026-06-24,2026-06-03,2026-08-07,,BPMCN-46740,Story,TKTD - KHGN & Nhận diện hóa đơn/ STK thụ hưởng giải ngân,Released,BPMCN-46742,BA,BA - Phân tích - TKTD - KHGN & Nhận diện hóa đơn/ STK thụ hưởng giải ngân,Done,2026-06-05,2026-06-05
SUBTASK,BPMCN-46459,NHẬN DIỆN HÓA ĐƠN/STK THỤ HƯỞNG GIẢI NGÂN,,Tính năng mới,,2026-06-04,2026-06-26,2026-06-24,2026-06-03,2026-08-07,,BPMCN-46740,Story,TKTD - KHGN & Nhận diện hóa đơn/ STK thụ hưởng giải ngân,Released,BPMCN-46743,Design,DEV - Thiết kế - TKTD - KHGN & Nhận diện hóa đơn/ STK thụ hưởng giải ngân,Done,2026-06-08,2026-06-09
SUBTASK,BPMCN-46459,NHẬN DIỆN HÓA ĐƠN/STK THỤ HƯỞNG GIẢI NGÂN,,Tính năng mới,,2026-06-04,2026-06-26,2026-06-24,2026-06-03,2026-08-07,,BPMCN-46740,Story,TKTD - KHGN & Nhận diện hóa đơn/ STK thụ hưởng giải ngân,Released,BPMCN-46744,DEV,DEV - Phát triển - TKTD - KHGN & Nhận diện hóa đơn/ STK thụ hưởng giải ngân,Done,2026-06-09,2026-06-12
SUBTASK,BPMCN-46459,NHẬN DIỆN HÓA ĐƠN/STK THỤ HƯỞNG GIẢI NGÂN,,Tính năng mới,,2026-06-04,2026-06-26,2026-06-24,2026-06-03,2026-08-07,,BPMCN-46740,Story,TKTD - KHGN & Nhận diện hóa đơn/ STK thụ hưởng giải ngân,Released,BPMCN-46745,Pre-Golive,DEV - chuẩn bị golive - TKTD - KHGN & Nhận diện hóa đơn/ STK thụ hưởng giải ngân,Cancelled,,
SUBTASK,BPMCN-46459,NHẬN DIỆN HÓA ĐƠN/STK THỤ HƯỞNG GIẢI NGÂN,,Tính năng mới,,2026-06-04,2026-06-26,2026-06-24,2026-06-03,2026-08-07,,BPMCN-46740,Story,TKTD - KHGN & Nhận diện hóa đơn/ STK thụ hưởng giải ngân,Released,BPMCN-46746,Support,DEV - Hỗ trợ - TKTD - KHGN & Nhận diện hóa đơn/ STK thụ hưởng giải ngân,Done,,
SUBTASK,BPMCN-46459,NHẬN DIỆN HÓA ĐƠN/STK THỤ HƯỞNG GIẢI NGÂN,,Tính năng mới,,2026-06-04,2026-06-26,2026-06-24,2026-06-03,2026-08-07,,BPMCN-46740,Story,TKTD - KHGN & Nhận diện hóa đơn/ STK thụ hưởng giải ngân,Released,BPMCN-46747,Review,DEV - Review tài liệu - TKTD - KHGN & Nhận diện hóa đơn/ STK thụ hưởng giải ngân,Done,,
SUBTASK,BPMCN-46459,NHẬN DIỆN HÓA ĐƠN/STK THỤ HƯỞNG GIẢI NGÂN,,Tính năng mới,,2026-06-04,2026-06-26,2026-06-24,2026-06-03,2026-08-07,,BPMCN-46740,Story,TKTD - KHGN & Nhận diện hóa đơn/ STK thụ hưởng giải ngân,Released,BPMCN-46748,Review TKCT,DEV - Review TKCT - TKTD - KHGN & Nhận diện hóa đơn/ STK thụ hưởng giải ngân,Done,,
SUBTASK,BPMCN-46459,NHẬN DIỆN HÓA ĐƠN/STK THỤ HƯỞNG GIẢI NGÂN,,Tính năng mới,,2026-06-04,2026-06-26,2026-06-24,2026-06-03,2026-08-07,,BPMCN-46740,Story,TKTD - KHGN & Nhận diện hóa đơn/ STK thụ hưởng giải ngân,Released,BPMCN-46749,Design,[CREATE TC] TKTD - KHGN & Nhận diện hóa đơn/ STK thụ hưởng giải ngân,Done,2026-06-08,2026-06-10
SUBTASK,BPMCN-46459,NHẬN DIỆN HÓA ĐƠN/STK THỤ HƯỞNG GIẢI NGÂN,,Tính năng mới,,2026-06-04,2026-06-26,2026-06-24,2026-06-03,2026-08-07,,BPMCN-46740,Story,TKTD - KHGN & Nhận diện hóa đơn/ STK thụ hưởng giải ngân,Released,BPMCN-46750,Review,SIT - Review - TKTD - KHGN & Nhận diện hóa đơn/ STK thụ hưởng giải ngân,Done,2026-06-10,2026-06-12
SUBTASK,BPMCN-46459,NHẬN DIỆN HÓA ĐƠN/STK THỤ HƯỞNG GIẢI NGÂN,,Tính năng mới,,2026-06-04,2026-06-26,2026-06-24,2026-06-03,2026-08-07,,BPMCN-46740,Story,TKTD - KHGN & Nhận diện hóa đơn/ STK thụ hưởng giải ngân,Released,BPMCN-46751,Sub Test Execution,[SIT] TKTD - KHGN & Nhận diện hóa đơn/ STK thụ hưởng giải ngân,Done,2026-06-15,2026-06-19
SUBTASK,BPMCN-46459,NHẬN DIỆN HÓA ĐƠN/STK THỤ HƯỞNG GIẢI NGÂN,,Tính năng mới,,2026-06-04,2026-06-26,2026-06-24,2026-06-03,2026-08-07,,BPMCN-46740,Story,TKTD - KHGN & Nhận diện hóa đơn/ STK thụ hưởng giải ngân,Released,BPMCN-46752,KSTĐ,CHECKLIST KIỂM SOÁT TÁC ĐỘNG,Done,2026-06-08,2026-06-11
SUBTASK,BPMCN-46459,NHẬN DIỆN HÓA ĐƠN/STK THỤ HƯỞNG GIẢI NGÂN,,Tính năng mới,,2026-06-04,2026-06-26,2026-06-24,2026-06-03,2026-08-07,,BPMCN-46740,Story,TKTD - KHGN & Nhận diện hóa đơn/ STK thụ hưởng giải ngân,Released,BPMCN-46753,Sub-task,[SIT] Backtest kết quả AI,Done,2026-06-17,2026-06-17
SUBTASK,BPMCN-46459,NHẬN DIỆN HÓA ĐƠN/STK THỤ HƯỞNG GIẢI NGÂN,,Tính năng mới,,2026-06-04,2026-06-26,2026-06-24,2026-06-03,2026-08-07,,BPMCN-46740,Story,TKTD - KHGN & Nhận diện hóa đơn/ STK thụ hưởng giải ngân,Released,BPMCN-46894,Sub Test Execution,UNIT TEST - TKTD - KHGN & Nhận diện hóa đơn/ STK thụ hưởng giải ngân,Done,,
EPIC,BPMCN-46462,NHẬN DIỆN HÓA ĐƠN/STK THỤ HƯỞNG GIẢI NGÂN,In Progress,Tính năng mới,,,,,2026-06-03,2026-06-03,,,,,,,,,,,
EPIC,BPMCN-46519,Tự động chọn đơn vị ký kết văn kiện,In Progress,Cải tiến,,2026-06-04,,,2026-06-04,2026-06-15,QTVH-SmartBPM.KHCN,,,,,,,,,,
EPIC,BPMCN-46696,Nguyenha11 - Luồng hậu kiểm đối với phương án thuộc thẩm quyền CV HTTD,In Progress,Sản phẩm/dịch vụ/quy trình mới,2026-06-04,,,,2026-06-04,2026-06-09,,,,,,,,,,,
SUBTASK,BPMCN-46802,4275056 - Cập nhật lại thông tin KH trước khi phát hành thẻ,,Cải tiến,2026-06-05,2026-06-05,2026-07-03,2026-06-24,2026-06-08,2026-08-05,,BPMCN-46900,Story,Cập nhật lại thông tin KH trước khi phát hành thẻ,Released,BPMCN-46901,BA,Phân tích yêu cầu sửa validate thẻ,Done,,
SUBTASK,BPMCN-46802,4275056 - Cập nhật lại thông tin KH trước khi phát hành thẻ,,Cải tiến,2026-06-05,2026-06-05,2026-07-03,2026-06-24,2026-06-08,2026-08-05,,BPMCN-46900,Story,Cập nhật lại thông tin KH trước khi phát hành thẻ,Released,BPMCN-46902,BA,BA - Phân tích - Cập nhật lại thông tin KH trước khi phát hành thẻ và điều chỉnh rule check GTTT,Cancelled,,
SUBTASK,BPMCN-46802,4275056 - Cập nhật lại thông tin KH trước khi phát hành thẻ,,Cải tiến,2026-06-05,2026-06-05,2026-07-03,2026-06-24,2026-06-08,2026-08-05,,BPMCN-46900,Story,Cập nhật lại thông tin KH trước khi phát hành thẻ,Released,BPMCN-46903,Design,DEV - Thiết kế - Cập nhật lại thông tin KH trước khi phát hành thẻ và điều chỉnh rule check GTTT,Done,,
SUBTASK,BPMCN-46802,4275056 - Cập nhật lại thông tin KH trước khi phát hành thẻ,,Cải tiến,2026-06-05,2026-06-05,2026-07-03,2026-06-24,2026-06-08,2026-08-05,,BPMCN-46900,Story,Cập nhật lại thông tin KH trước khi phát hành thẻ,Released,BPMCN-46904,DEV,DEV - Phát triển - Cập nhật lại thông tin KH trước khi phát hành thẻ và điều chỉnh rule check GTTT,Done,2026-06-10,2026-06-15
SUBTASK,BPMCN-46802,4275056 - Cập nhật lại thông tin KH trước khi phát hành thẻ,,Cải tiến,2026-06-05,2026-06-05,2026-07-03,2026-06-24,2026-06-08,2026-08-05,,BPMCN-46900,Story,Cập nhật lại thông tin KH trước khi phát hành thẻ,Released,BPMCN-46905,Pre-Golive,DEV - chuẩn bị golive - Cập nhật lại thông tin KH trước khi phát hành thẻ và điều chỉnh rule check GTTT,Done,,
SUBTASK,BPMCN-46802,4275056 - Cập nhật lại thông tin KH trước khi phát hành thẻ,,Cải tiến,2026-06-05,2026-06-05,2026-07-03,2026-06-24,2026-06-08,2026-08-05,,BPMCN-46900,Story,Cập nhật lại thông tin KH trước khi phát hành thẻ,Released,BPMCN-46906,Support,DEV - Hỗ trợ - Cập nhật lại thông tin KH trước khi phát hành thẻ và điều chỉnh rule check GTTT,Done,,
SUBTASK,BPMCN-46802,4275056 - Cập nhật lại thông tin KH trước khi phát hành thẻ,,Cải tiến,2026-06-05,2026-06-05,2026-07-03,2026-06-24,2026-06-08,2026-08-05,,BPMCN-46900,Story,Cập nhật lại thông tin KH trước khi phát hành thẻ,Released,BPMCN-46907,Review,DEV - Review tài liệu - Cập nhật lại thông tin KH trước khi phát hành thẻ và điều chỉnh rule check GTTT,Done,,
SUBTASK,BPMCN-46802,4275056 - Cập nhật lại thông tin KH trước khi phát hành thẻ,,Cải tiến,2026-06-05,2026-06-05,2026-07-03,2026-06-24,2026-06-08,2026-08-05,,BPMCN-46900,Story,Cập nhật lại thông tin KH trước khi phát hành thẻ,Released,BPMCN-46908,Review TKCT,DEV - Review TKCT - Cập nhật lại thông tin KH trước khi phát hành thẻ và điều chỉnh rule check GTTT,Done,,
SUBTASK,BPMCN-46802,4275056 - Cập nhật lại thông tin KH trước khi phát hành thẻ,,Cải tiến,2026-06-05,2026-06-05,2026-07-03,2026-06-24,2026-06-08,2026-08-05,,BPMCN-46900,Story,Cập nhật lại thông tin KH trước khi phát hành thẻ,Released,BPMCN-46909,Design,SIT - Test design - Cập nhật lại thông tin KH trước khi phát hành thẻ và điều chỉnh rule check GTTT,Cancelled,,
SUBTASK,BPMCN-46802,4275056 - Cập nhật lại thông tin KH trước khi phát hành thẻ,,Cải tiến,2026-06-05,2026-06-05,2026-07-03,2026-06-24,2026-06-08,2026-08-05,,BPMCN-46900,Story,Cập nhật lại thông tin KH trước khi phát hành thẻ,Released,BPMCN-46910,Review,SIT - Review - Cập nhật lại thông tin KH trước khi phát hành thẻ và điều chỉnh rule check GTTT,Done,2026-06-15,2026-06-16
SUBTASK,BPMCN-46802,4275056 - Cập nhật lại thông tin KH trước khi phát hành thẻ,,Cải tiến,2026-06-05,2026-06-05,2026-07-03,2026-06-24,2026-06-08,2026-08-05,,BPMCN-46900,Story,Cập nhật lại thông tin KH trước khi phát hành thẻ,Released,BPMCN-46911,Sub Test Execution,[SIT] Cập nhật lại thông tin KH trước khi phát hành thẻ ,Done,2026-06-18,2026-06-22
SUBTASK,BPMCN-46802,4275056 - Cập nhật lại thông tin KH trước khi phát hành thẻ,,Cải tiến,2026-06-05,2026-06-05,2026-07-03,2026-06-24,2026-06-08,2026-08-05,,BPMCN-46900,Story,Cập nhật lại thông tin KH trước khi phát hành thẻ,Released,BPMCN-46912,KSTĐ,SIT - KSTĐ - Cập nhật lại thông tin KH trước khi phát hành thẻ và điều chỉnh rule check GTTT,Done,,
SUBTASK,BPMCN-46802,4275056 - Cập nhật lại thông tin KH trước khi phát hành thẻ,,Cải tiến,2026-06-05,2026-06-05,2026-07-03,2026-06-24,2026-06-08,2026-08-05,,BPMCN-46900,Story,Cập nhật lại thông tin KH trước khi phát hành thẻ,Released,BPMCN-46913,Sub-task,[CREATE DATA] Tạo data cho Cập nhật lại thông tin KH trước khi phát hành thẻ và điều chỉnh rule check GTTT,Done,2026-06-16,2026-06-16
SUBTASK,BPMCN-46802,4275056 - Cập nhật lại thông tin KH trước khi phát hành thẻ,,Cải tiến,2026-06-05,2026-06-05,2026-07-03,2026-06-24,2026-06-08,2026-08-05,,BPMCN-46900,Story,Cập nhật lại thông tin KH trước khi phát hành thẻ,Released,BPMCN-47068,Meeting,[REFINEMENT] US1: Cập nhật lại thông tin KH trước khi phát hành thẻ và điều chỉnh rule check GTTT,Done,2026-06-09,2026-06-10
SUBTASK,BPMCN-46802,4275056 - Cập nhật lại thông tin KH trước khi phát hành thẻ,,Cải tiến,2026-06-05,2026-06-05,2026-07-03,2026-06-24,2026-06-08,2026-08-05,,BPMCN-46900,Story,Cập nhật lại thông tin KH trước khi phát hành thẻ,Released,BPMCN-47076,Design,[CREATE TD] Điều chỉnh rule check GTTT của Luồng gia hạn,Done,2026-06-10,2026-06-10
SUBTASK,BPMCN-46802,4275056 - Cập nhật lại thông tin KH trước khi phát hành thẻ,,Cải tiến,2026-06-05,2026-06-05,2026-07-03,2026-06-24,2026-06-08,2026-08-05,,BPMCN-46900,Story,Cập nhật lại thông tin KH trước khi phát hành thẻ,Released,BPMCN-47123,Design,[CREATE TD] Cập nhật lại thông tin KH trước khi phát hành thẻ,Done,2026-06-10,2026-06-15
SUBTASK,BPMCN-46802,4275056 - Cập nhật lại thông tin KH trước khi phát hành thẻ,,Cải tiến,2026-06-05,2026-06-05,2026-07-03,2026-06-24,2026-06-08,2026-08-05,,BPMCN-46900,Story,Cập nhật lại thông tin KH trước khi phát hành thẻ,Released,BPMCN-47156,Sub Test Execution,TC4D GTTT,Done,,
SUBTASK,BPMCN-46802,4275056 - Cập nhật lại thông tin KH trước khi phát hành thẻ,,Cải tiến,2026-06-05,2026-06-05,2026-07-03,2026-06-24,2026-06-08,2026-08-05,,BPMCN-46900,Story,Cập nhật lại thông tin KH trước khi phát hành thẻ,Released,BPMCN-47249,Sub-task,[CREATE TD_UAT] Cập nhật lại thông tin KH trước khi phát hành thẻ,Done,2026-06-10,2026-06-15
EPIC,BPMCN-46803,Các nội dung cải tiến thẻ khcn trên bpm,In Progress,Cải tiến,2026-06-05,,,,2026-06-08,2026-06-08,,,,,,,,,,,
EPIC,BPMCN-46807,Các nội dung cải tiến thẻ khcn trên bpm,In Progress,Cải tiến,2026-06-05,,,,2026-06-08,2026-06-08,,,,,,,,,,,
EPIC,BPMCN-46811,Các nội dung cải tiến thẻ khcn trên bpm,In Progress,Cải tiến,2026-06-05,,,,2026-06-08,2026-06-08,,,,,,,,,,,
EPIC,BPMCN-46815,Các nội dung cải tiến thẻ khcn trên bpm,In Progress,Cải tiến,2026-06-05,,,,2026-06-08,2026-06-08,,,,,,,,,,,
SUBTASK,BPMCN-46914,4275056 - Hủy tự động PA dở dang và các cải tiến về quy định sản phẩm thẻ,,Cải tiến,2026-06-05,2026-06-15,2026-07-09,2026-07-03,2026-06-08,2026-08-05,,BPMCN-47442,Story,Hủy tự động PA dở dang và các cải tiến về quy định sản phẩm thẻ,Released,BPMCN-47443,BA,BA - Phân tích - Hủy tự động PA dở dang và các cải tiến về quy định sản phẩm thẻ,Cancelled,,
SUBTASK,BPMCN-46914,4275056 - Hủy tự động PA dở dang và các cải tiến về quy định sản phẩm thẻ,,Cải tiến,2026-06-05,2026-06-15,2026-07-09,2026-07-03,2026-06-08,2026-08-05,,BPMCN-47442,Story,Hủy tự động PA dở dang và các cải tiến về quy định sản phẩm thẻ,Released,BPMCN-47444,Design,DEV - Thiết kế - Hủy tự động PA dở dang và các cải tiến về quy định sản phẩm thẻ,Done,2026-06-22,2026-06-22
STORY,BPMCN-46917,4275056 - Công cụ hỗ trợ hủy phương án PHT,,Cải tiến,2026-06-05,2026-06-29,2026-07-16,2026-07-15,2026-06-08,2026-08-11,,BPMCN-48450,Story,US3: Công cụ hỗ trợ hủy phương án PHT,Released,,,,,,
EPIC,BPMCN-47022,Phát triển luồng KSS cho các sản phẩm giải ngân kênh quầy,In Progress,Cải tiến,,,,,2026-06-09,2026-07-03,,,,,,,,,,,
EPIC,BPMCN-47041,Phát triển luồng KSS cho các sản phẩm giải ngân kênh quầy,In Progress,Cải tiến,,,,,2026-06-09,2026-06-10,,,,,,,,,,,
EPIC,BPMCN-47045,Phát triển luồng KSS cho các sản phẩm giải ngân kênh quầy,In Progress,Cải tiến,,,,,2026-06-09,2026-06-10,,,,,,,,,,,
STORY,BPMCN-47174,Giải pháp tự động BPM KHCN 2026 (Phase 2),,Cải tiến,,2026-06-16,2026-06-26,2026-06-26,2026-06-11,2026-08-05,QTPD-SmartBPM.KHCN,BPMCN-47665,Story,Giải pháp tự động BPM KHCN 2026 (Phase 2),Released,,,,,,
SUBTASK,BPMCN-47210,Triển khai luồng quy trình Soạn thảo KUNN tự động và ký số khâu GN,,Sản phẩm/dịch vụ/quy trình mới,,,,,2026-06-12,2026-08-11,,BPMCN-47215,Story,Cải tiến API đáp ứng Soạn thảo KUNN tự động và ký số khâu GN,READY FOR REFINE,BPMCN-47216,BA,BA - Phân tích - Cải tiến API đáp ứng Soạn thảo KUNN tự động và ký số khâu GN,Done,,
SUBTASK,BPMCN-47210,Triển khai luồng quy trình Soạn thảo KUNN tự động và ký số khâu GN,,Sản phẩm/dịch vụ/quy trình mới,,,,,2026-06-12,2026-08-11,,BPMCN-47215,Story,Cải tiến API đáp ứng Soạn thảo KUNN tự động và ký số khâu GN,READY FOR REFINE,BPMCN-47217,Design,DEV - Thiết kế - Cải tiến Soạn thảo KUNN tự động và ký số khâu GN,Done,2026-06-22,2026-06-23
SUBTASK,BPMCN-47210,Triển khai luồng quy trình Soạn thảo KUNN tự động và ký số khâu GN,,Sản phẩm/dịch vụ/quy trình mới,,,,,2026-06-12,2026-08-11,,BPMCN-47215,Story,Cải tiến API đáp ứng Soạn thảo KUNN tự động và ký số khâu GN,READY FOR REFINE,BPMCN-47218,DEV,DEV - Phát triển - Cải tiến API Soạn thảo KUNN tự động và ký số khâu GN,Done,2026-06-24,2026-06-30
SUBTASK,BPMCN-47210,Triển khai luồng quy trình Soạn thảo KUNN tự động và ký số khâu GN,,Sản phẩm/dịch vụ/quy trình mới,,,,,2026-06-12,2026-08-11,,BPMCN-47215,Story,Cải tiến API đáp ứng Soạn thảo KUNN tự động và ký số khâu GN,READY FOR REFINE,BPMCN-47219,Pre-Golive,"DEV - TKCT- Luồng, Tích hợp  Soạn thảo KUNN tự động và ký số khâu GN",To Do,2026-08-05,2026-08-06
SUBTASK,BPMCN-47210,Triển khai luồng quy trình Soạn thảo KUNN tự động và ký số khâu GN,,Sản phẩm/dịch vụ/quy trình mới,,,,,2026-06-12,2026-08-11,,BPMCN-47215,Story,Cải tiến API đáp ứng Soạn thảo KUNN tự động và ký số khâu GN,READY FOR REFINE,BPMCN-47220,Support,"DEV - Phát triển luồng, API tích hợp, Mẫu biểu Soạn thảo KUNN tự động và ký số khâu GN",To Do,2026-08-07,2026-08-12
SUBTASK,BPMCN-47210,Triển khai luồng quy trình Soạn thảo KUNN tự động và ký số khâu GN,,Sản phẩm/dịch vụ/quy trình mới,,,,,2026-06-12,2026-08-11,,BPMCN-47215,Story,Cải tiến API đáp ứng Soạn thảo KUNN tự động và ký số khâu GN,READY FOR REFINE,BPMCN-47221,Review,DEV - Review tài liệu - Cải tiến API đáp ứng Soạn thảo KUNN tự động và ký số khâu GN,Cancelled,,
SUBTASK,BPMCN-47210,Triển khai luồng quy trình Soạn thảo KUNN tự động và ký số khâu GN,,Sản phẩm/dịch vụ/quy trình mới,,,,,2026-06-12,2026-08-11,,BPMCN-47215,Story,Cải tiến API đáp ứng Soạn thảo KUNN tự động và ký số khâu GN,READY FOR REFINE,BPMCN-47222,Review TKCT,DEV - Review TKCT - Cải tiến API đáp ứng Soạn thảo KUNN tự động và ký số khâu GN,Cancelled,,
SUBTASK,BPMCN-47210,Triển khai luồng quy trình Soạn thảo KUNN tự động và ký số khâu GN,,Sản phẩm/dịch vụ/quy trình mới,,,,,2026-06-12,2026-08-11,,BPMCN-47215,Story,Cải tiến API đáp ứng Soạn thảo KUNN tự động và ký số khâu GN,READY FOR REFINE,BPMCN-47223,Design,[CREAT TC] - update TC Soạn thảo KUNN tự động và ký số khâu GN,Done,2026-08-04,2026-08-04
SUBTASK,BPMCN-47210,Triển khai luồng quy trình Soạn thảo KUNN tự động và ký số khâu GN,,Sản phẩm/dịch vụ/quy trình mới,,,,,2026-06-12,2026-08-11,,BPMCN-47215,Story,Cải tiến API đáp ứng Soạn thảo KUNN tự động và ký số khâu GN,READY FOR REFINE,BPMCN-47224,Review,SIT - Review - Cải tiến API đáp ứng Soạn thảo KUNN tự động và ký số khâu GN,Done,2026-07-10,2026-07-10
SUBTASK,BPMCN-47210,Triển khai luồng quy trình Soạn thảo KUNN tự động và ký số khâu GN,,Sản phẩm/dịch vụ/quy trình mới,,,,,2026-06-12,2026-08-11,,BPMCN-47215,Story,Cải tiến API đáp ứng Soạn thảo KUNN tự động và ký số khâu GN,READY FOR REFINE,BPMCN-47225,Sub Test Execution,SIT - thực hiện test - Cải tiến API đáp ứng Soạn thảo KUNN tự động và ký số khâu GN,To Do,,
SUBTASK,BPMCN-47210,Triển khai luồng quy trình Soạn thảo KUNN tự động và ký số khâu GN,,Sản phẩm/dịch vụ/quy trình mới,,,,,2026-06-12,2026-08-11,,BPMCN-47215,Story,Cải tiến API đáp ứng Soạn thảo KUNN tự động và ký số khâu GN,READY FOR REFINE,BPMCN-47226,KSTĐ,SIT - KSTĐ - Cải tiến API đáp ứng Soạn thảo KUNN tự động và ký số khâu GN,To Do,,
SUBTASK,BPMCN-47210,Triển khai luồng quy trình Soạn thảo KUNN tự động và ký số khâu GN,,Sản phẩm/dịch vụ/quy trình mới,,,,,2026-06-12,2026-08-11,,BPMCN-47215,Story,Cải tiến API đáp ứng Soạn thảo KUNN tự động và ký số khâu GN,READY FOR REFINE,BPMCN-47227,Sub-task,SIT- review SOẠN THẢO TỰ ĐỘNG KUNN VÀ KÝ SỐ KHÂU GN - L1,Done,2026-07-31,2026-07-31
EPIC,BPMCN-47983,Cập nhật danh mục Dự án thỏa mãn chương trình Dream home,In Progress,Cải tiến,,,,,2026-06-18,2026-07-03,,,,,,,,,,,
EPIC,BPMCN-47990,Điều chỉnh service pushLDInfoApp lưu LD giải ngân trên APP SP Tín chấp,In Progress,Cải tiến,,,2026-07-09,2026-07-09,2026-06-18,2026-08-05,,,,,,,,,,,
EPIC,BPMCN-48240,BPM,In Progress,Cải tiến,,,,,2026-06-22,2026-07-06,,,,,,,,,,,
STORY,BPMCN-48717,Cải tiến Logic sinh số HĐTD tại luồng Soạn thảo VKTD + Cải tiến soạn thảo PLHDTC,,Cải tiến,,2026-07-13,2026-07-22,2026-07-22,2026-07-03,2026-08-11,,BPMCN-48959,Story,Cải tiến Logic sinh số HĐTD tại luồng Soạn thảo VKTD + Cải tiến soạn thảo PLHDTC,Released,,,,,,
STORY,BPMCN-48815,Phát triển luồng KSS cho các sản phẩm giải ngân kênh quầy,,Sản phẩm/dịch vụ/quy trình mới,2026-07-07,2026-07-10,2026-08-14,2026-08-14,2026-07-06,2026-08-14,,BPMCN-49055,Story,1. Khởi tạo PA KSS cho các khoản giải ngân kênh quầy và chia bài,Ready For Golive,,,,,,
STORY,BPMCN-48815,Phát triển luồng KSS cho các sản phẩm giải ngân kênh quầy,,Sản phẩm/dịch vụ/quy trình mới,2026-07-07,2026-07-10,2026-08-14,2026-08-14,2026-07-06,2026-08-14,,BPMCN-49130,Story,2. Điều chỉnh màn hình KSS,Ready For Golive,,,,,,
STORY,BPMCN-48815,Phát triển luồng KSS cho các sản phẩm giải ngân kênh quầy,,Sản phẩm/dịch vụ/quy trình mới,2026-07-07,2026-07-10,2026-08-14,2026-08-14,2026-07-06,2026-08-14,,BPMCN-49409,Story,Điều chỉnh logic chặn giải ngân khi vi phạm KSS,Ready For Golive,,,,,,
STORY,BPMCN-48823,Chương trình cho vay mua BĐS là Tài sản xử lý nợ tại MB,,Cải tiến,2026-07-01,2026-07-06,2026-07-22,2026-07-22,2026-07-01,2026-08-05,,BPMCN-48859,Story,Chương trình cho vay mua BĐS là Tài sản xử lý nợ tại MB,Cancelled,,,,,,
STORY,BPMCN-48823,Chương trình cho vay mua BĐS là Tài sản xử lý nợ tại MB,,Cải tiến,2026-07-01,2026-07-06,2026-07-22,2026-07-22,2026-07-01,2026-08-05,,BPMCN-48860,Story,Chương trình cho vay mua BĐS là Tài sản xử lý nợ tại MB,Released,,,,,,
STORY,BPMCN-48849,Cải tiến Bảng Quản trị Dự án,,Cải tiến,,2026-07-07,2026-07-30,2026-07-27,2026-07-06,2026-08-11,QTPD-SmartBPM.KHCN,BPMCN-48887,Story,Cải tiến Bảng Quản trị Dự án,Released,,,,,,
STORY,BPMCN-48853,"TĐ, ĐX - Cải tiến giao diện/mẫu biểu PA nhận TSBĐ/PA điều chỉnh/PA gốc liên quan đến khác biệt",,Cải tiến,2026-07-06,2026-07-30,,,2026-07-06,2026-08-12,,BPMCN-50157,Story,"TĐ, ĐX - Cải tiến giao diện/mẫu biểu PA nhận TSBĐ/PA điều chỉnh/PA gốc liên quan đến khác biệt",IN SIT,,,,,,
STORY,BPMCN-48939,(datnm) TSBĐ - Điều chỉnh policy điều kiện chung (Không trả khác biệt khi LTV ĐVKD đề xuất = 0),,Cải tiến,2026-07-06,2026-07-17,2026-08-06,2026-08-05,2026-07-08,2026-08-06,,BPMCN-49692,Story,TSBĐ - Điều chỉnh policy điều kiện chung (Không trả khác biệt khi LTV ĐVKD đề xuất = 0),Released,,,,,,
STORY,BPMCN-48944,Điều chỉnh điều kiện cảnh báo Khác biệt về TSBĐ,,Cải tiến,,2026-07-08,2026-07-22,2026-07-22,2026-07-08,2026-08-05,,BPMCN-49010,Story,Điều chỉnh điều kiện cảnh báo Khác biệt về TSBĐ,Released,,,,,,
EPIC,BPMCN-49045,ES: Rà soát và quy hoạch logic validate phát hành thẻ,In Progress,Cải tiến,,,,,2026-07-10,2026-07-15,,,,,,,,,,,
STORY,BPMCN-49144,"Tháng 6/2026- Điều chỉnh mẫu biểu tài sản ký số công chứng theo tờ trình 122/TTr ngày 5/6/2026 và Mẫu biểu Quyền tài sản,GTCG trường hợp kiêm HĐBĐ (Mẫu biểu và ký số econtract), Điều chỉnh hiển thị vị trí QR văn kiện",,Cải tiến,,2026-07-14,2026-07-16,2026-07-16,2026-07-11,2026-08-05,,BPMCN-49440,Story,"Tháng 6/2026- Điều chỉnh mẫu biểu tài sản ký số công chứng theo tờ trình 122/TTr ngày 5/6/2026 và Mẫu biểu Quyền tài sản,GTCG trường hợp kiêm HĐBĐ (Mẫu biểu và ký số econtract), Điều chỉnh hiển thị vị trí QR văn kiện",Released,,,,,,
EPIC,BPMCN-49148,Hangnt.tx-Bổ sung điều kiện lọc khoản vay đặc biệt không được thu nợ tự động,In Progress,Cải tiến,,2026-07-13,2026-07-30,2026-07-29,2026-07-11,2026-08-05,,,,,,,,,,,
STORY,BPMCN-49405,Nhận diện ưu tiên Phương án MG2 tại luồng thẩm định,,Cải tiến,,2026-07-13,2026-08-06,2026-07-31,2026-07-13,2026-08-06,,BPMCN-49425,Story,Nhận diện ưu tiên Phương án MG2 tại luồng thẩm định,Released,,,,,,
STORY,BPMCN-49608,Điều chỉnh điều kiện cảnh báo Khác biệt về TSBĐ - SXKD/Tiêu dùng/Ô tô,,Cải tiến,,2026-07-15,2026-08-06,2026-08-04,2026-07-16,2026-08-06,,BPMCN-49612,Story,Điều chỉnh điều kiện cảnh báo Khác biệt về TSBĐ - SXKD/Tiêu dùng/Ô tô,Released,,,,,,
STORY,BPMCN-49679,"Điều chỉnh câu điều kiện, phân quyền tại khâu PD",,Cải tiến,,2026-07-21,2026-07-30,2026-07-29,2026-07-17,2026-08-05,QTPD-SmartBPM.KHCN,BPMCN-49711,Story,"Điều chỉnh điều kiện TBPD, bổ sung phân quyền xem báo cáo chất lượng hồ sơ",Released,,,,,,
EPIC,BPMCN-49707,Nguyenha11 - Cải tiến tự động chọn đại diện ký VKTD,In Progress,Cải tiến,,,,,2026-07-20,2026-08-11,,,,,,,,,,,
EPIC,BPMCN-50061,"Điều chỉnh Mẫu biểu Quyền tài sản,GTCG trường hợp kiêm HĐBĐ (Mẫu biểu và ký số econtract), Điều chỉnh hiển thị vị trí QR văn kiện các văn kiện còn lại",In Progress,Cải tiến,,,,,2026-07-27,2026-08-11,,,,,,,,,,,
EPIC,BPMCN-50185,Bổ sung input tích hợp MS lãi phí theo ảnh hưởng cải tiến MS ,In Progress,Cải tiến,,,,,2026-07-31,2026-08-11,,,,,,,,,,,
EPIC,BPMCN-50232,Phát triển API nhận và phản hồi thông tin từ đối tác Vinhomes,In Progress,Tính năng mới,,,,,2026-08-03,2026-08-11,,,,,,,,,,,
STORY,BPMCN-50243,Cải tiến một số nội dung liên quan đến công tác chặn trả hồ sơ,,Cải tiến,2026-07-17,2026-08-03,,,2026-08-04,2026-08-12,,BPMCN-50280,Story,(thannd) Cải tiến một số nội dung liên quan đến công tác chặn trả hồ sơ,IN DEV,,,,,,
STORY,BPMCN-50252,"THUNT1- CẢI TIẾN LUỒNG SOẠN THẢO TỰ ĐỘNG, KÝ SỐ ECONTRACT",,Cải tiến,,2026-08-07,,,2026-08-05,2026-08-12,,BPMCN-50319,Story,"CẢI TIẾN LUỒNG SOẠN THẢO TỰ ĐỘNG, KÝ SỐ ECONTRACT",IN DEV,,,,,,
EPIC,BPMCN-50295,2026_XÁC NHẬN GIẢI NGÂN QUẦY BPM - APP (STP KUNN),In Progress,Tính năng mới,,,,,2026-08-06,2026-08-11,,,,,,,,,,,
STORY,BPMCN-50299,"Giải pháp ngăn ngừa tình trạng RM lừa đảo, giải ngân trên App KH- Gửi SMS",,Tính năng mới,,2026-08-12,,,2026-08-06,2026-08-13,,BPMCN-50573,Story,"Giải pháp ngăn ngừa tình trạng RM lừa đảo, giải ngân trên App KH- Gửi SMS",READY FOR REFINE,,,,,,
STORY,BPMCN-50344,Cơ chế ứng xử với Khách hàng tiềm ẩn rủi ro: Không phê duyệt tự động đồng ý nếu có cảnh báo,,Cải tiến,2026-08-07,2026-08-10,,,2026-08-10,2026-08-12,QTPD-SmartBPM.KHCN,BPMCN-50388,Story,(longln) Cơ chế ứng xử với Khách hàng tiềm ẩn rủi ro,READY FOR REFINE,,,,,,
STORY,BPMCN-50348,Điều chỉnh mức lương cơ sở của Nhà nước,,Cải tiến,2026-08-07,2026-08-07,,,2026-08-10,2026-08-13,QTPD-SmartBPM.KHCN,BPMCN-50366,Story,Điều chỉnh mức lương cơ sở của Nhà nước,READY FOR REFINE,,,,,,
STORY,BPMCN-50465,Xây dựng luồng PHT cấp hạn mức theo P active trong Way4,,Sản phẩm,2026-08-12,,,,2026-08-11,2026-08-12,,BPMCN-50484,Story,0. Quy trình cấp hạn mức trước P Way4,READY FOR REFINE,,,,,,
STORY,BPMCN-50465,Xây dựng luồng PHT cấp hạn mức theo P active trong Way4,,Sản phẩm,2026-08-12,,,,2026-08-11,2026-08-12,,BPMCN-50493,Story,1. Màn hình khởi tạo luồng cấp hạn mức trước hạn mức P Way4,READY FOR REFINE,,,,,,
STORY,BPMCN-50465,Xây dựng luồng PHT cấp hạn mức theo P active trong Way4,,Sản phẩm,2026-08-12,,,,2026-08-11,2026-08-12,,BPMCN-50499,Story,2. Màn hình đề xuất luồng cấp hạn mức trước hạn mức P Way4,READY FOR REFINE,,,,,,
STORY,BPMCN-50465,Xây dựng luồng PHT cấp hạn mức theo P active trong Way4,,Sản phẩm,2026-08-12,,,,2026-08-11,2026-08-12,,BPMCN-50500,Story,3. Màn hình kiểm soát phê duyệt luồng cấp hạn mức trước hạn mức P Way4,READY FOR REFINE,,,,,,
STORY,BPMCN-50465,Xây dựng luồng PHT cấp hạn mức theo P active trong Way4,,Sản phẩm,2026-08-12,,,,2026-08-11,2026-08-12,,BPMCN-50501,Story,4. Các màn hình dùng chung luồng cấp hạn mức trước hạn mức P Way4,READY FOR REFINE,,,,,,
EPIC,BPMCN-50476,Điều chỉnh màn hình và mẫu biểu HĐTD (Phê duyệt) 07/2026,In Progress,Cải tiến,,,,,2026-08-12,2026-08-12,QTPD-SmartBPM.KHCN,,,,,,,,,,
EPIC,BPMCN-50555,Cải tiến logic kiểm tra KH có HM = 0 luồng dư nợ BPM,In Progress,Cải tiến,2026-09-01,,,,2026-08-12,2026-08-12,,,,,,,,,,,
SUBTASK,DL-64791,Phát triển tính năng App Tracker trên App MBBank,,Tính năng mới,,2026-06-11,,2026-07-01,2026-06-03,2026-08-05,,DL-64794,Story,APP TRACKER - Theo dõi tiến trình tín dụng cho Khách hàng,Released,DL-57572,Sub-task,[TAO DATA] Tạo Dữ liệu test - Nâng cấp devsecops API create LD_BDS_GN,Done,2026-01-06,2026-01-08
SUBTASK,DL-64791,Phát triển tính năng App Tracker trên App MBBank,,Tính năng mới,,2026-06-11,,2026-07-01,2026-06-03,2026-08-05,,DL-64794,Story,APP TRACKER - Theo dõi tiến trình tín dụng cho Khách hàng,Released,DL-64799,DEV,[DEV-SERVER] - Khách hàng xem tiến trình của các yêu cầu tín dụng (App Tracker),Done,2026-06-08,2026-06-12
SUBTASK,DL-64791,Phát triển tính năng App Tracker trên App MBBank,,Tính năng mới,,2026-06-11,,2026-07-01,2026-06-03,2026-08-05,,DL-64794,Story,APP TRACKER - Theo dõi tiến trình tín dụng cho Khách hàng,Released,DL-64873,DEV,[DEV-SERVER] - Phát triển service gửi phản hồi/phản ánh/yêu cầu gọi lại cho App Tracker,Done,2026-06-03,2026-06-04
SUBTASK,DL-64791,Phát triển tính năng App Tracker trên App MBBank,,Tính năng mới,,2026-06-11,,2026-07-01,2026-06-03,2026-08-05,,DL-64794,Story,APP TRACKER - Theo dõi tiến trình tín dụng cho Khách hàng,Released,DL-64875,Sub-task,[REFINEMENT] Refinement luồng App Tracker,Done,,
SUBTASK,DL-64791,Phát triển tính năng App Tracker trên App MBBank,,Tính năng mới,,2026-06-11,,2026-07-01,2026-06-03,2026-08-05,,DL-64794,Story,APP TRACKER - Theo dõi tiến trình tín dụng cho Khách hàng,Released,DL-64879,Design,[CREATE TD] Create Mindmap luồng APP TRACKER - Theo dõi tiến trình tín dụng cho Khách hàng,Done,,
SUBTASK,DL-64791,Phát triển tính năng App Tracker trên App MBBank,,Tính năng mới,,2026-06-11,,2026-07-01,2026-06-03,2026-08-05,,DL-64794,Story,APP TRACKER - Theo dõi tiến trình tín dụng cho Khách hàng,Released,DL-65021,BA,Viết tài liệu đặc tả,Done,2026-06-02,
SUBTASK,DL-64791,Phát triển tính năng App Tracker trên App MBBank,,Tính năng mới,,2026-06-11,,2026-07-01,2026-06-03,2026-08-05,,DL-64794,Story,APP TRACKER - Theo dõi tiến trình tín dụng cho Khách hàng,Released,DL-65259,Sub Test Execution,[TC4D] Luồng APP TRACKER - Theo dõi tiến trình tín dụng cho Khách hàng,Done,2026-06-15,2026-06-15
SUBTASK,DL-64791,Phát triển tính năng App Tracker trên App MBBank,,Tính năng mới,,2026-06-11,,2026-07-01,2026-06-03,2026-08-05,,DL-64794,Story,APP TRACKER - Theo dõi tiến trình tín dụng cho Khách hàng,Released,DL-65287,DEV,[DEV-SERVER] - Phát triển service gửi hỗ trợ khi theo dõi tiến trình App tracker,Done,2026-06-16,2026-06-17
SUBTASK,DL-64791,Phát triển tính năng App Tracker trên App MBBank,,Tính năng mới,,2026-06-11,,2026-07-01,2026-06-03,2026-08-05,,DL-64794,Story,APP TRACKER - Theo dõi tiến trình tín dụng cho Khách hàng,Released,DL-65367,Meeting,[REFINEMENT] Refinement luồng App Tracker,Done,2026-06-04,2026-06-04
EPIC,DL-65580,Bổ sung stepcheck CRA,In Progress,Cải tiến,,,2026-06-25,2026-06-25,2026-06-17,2026-08-13,,,,,,,,,,,
EPIC,DL-66472,[LD-TKS] Điều chỉnh logic Tất toán tự động T24,In Progress,Cải tiến,2026-07-01,,,,2026-07-06,2026-07-21,DL,,,,,,,,,,
STORY,DL-66509,Vay tiêu dùng hạn mức linh hoạt KHCN trên kênh số - Luồng mở khoản vay,,Sản phẩm/dịch vụ/quy trình mới,,2026-08-12,,,2026-07-07,2026-08-12,,DL-66522,Story,[TGLH] Khách hàng mở khoản vay trên App,Ready For Dev,,,,,,
STORY,DL-66509,Vay tiêu dùng hạn mức linh hoạt KHCN trên kênh số - Luồng mở khoản vay,,Sản phẩm/dịch vụ/quy trình mới,,2026-08-12,,,2026-07-07,2026-08-12,,DL-66524,Story,[TGLH] Khách hàng thực hiện ký lại khoản vay trả góp,Cancelled,,,,,,
EPIC,DL-66753,Bổ sung tập danh mục công ty thành viên Vacom - Vay tập đoàn,In Progress,Cải tiến,,,,,2026-07-20,2026-07-20,,,,,,,,,,,
STORY,DL-66834,[LD-TKS] Luồng Tất toán tự động T24 vào ngày đáo hạn LD,,Tính năng mới,2026-07-20,2026-07-21,,2026-08-12,2026-07-21,2026-08-14,DL,DL-66835,Story,LD_TKS_Luồng tất toán tự động,Ready For Golive,,,,,,
STORY,DL-66847,"[LD_TGLH] Luồng truy vấn, trả nợ, tất toán ",,Sản phẩm/dịch vụ/quy trình mới,,,,,2026-07-22,2026-08-14,,DL-66870,Story,Khách hàng thực hiện Truy vấn khoản vay linh hoạt,READY FOR REFINE,,,,,,
STORY,DL-66847,"[LD_TGLH] Luồng truy vấn, trả nợ, tất toán ",,Sản phẩm/dịch vụ/quy trình mới,,,,,2026-07-22,2026-08-14,,DL-66871,Story,Khách hàng trả nợ khoản vay linh hoạt trên App,READY FOR REFINE,,,,,,
STORY,DL-66847,"[LD_TGLH] Luồng truy vấn, trả nợ, tất toán ",,Sản phẩm/dịch vụ/quy trình mới,,,,,2026-07-22,2026-08-14,,DL-66873,Story,Khách hàng tất toán khoản vay linh hoạt,READY FOR REFINE,,,,,,
STORY,DL-67596,Cho vay đầu tư cổ phiếu,,Sản phẩm,,,,,2026-08-11,2026-08-12,,DL-67599,Story,[LD_ICASH] Phát triển luồng mở khoản vay,Ready For Dev,,,,,,
STORY,DL-67596,Cho vay đầu tư cổ phiếu,,Sản phẩm,,,,,2026-08-11,2026-08-12,,DL-67601,Story,[LD_ICASH] Phát triển luồng ký lại và hủy ký,Ready For Dev,,,,,,
STORY,DL-67596,Cho vay đầu tư cổ phiếu,,Sản phẩm,,,,,2026-08-11,2026-08-12,,DL-67664,Story,[LD_ICASH] Phát triển luồng Thu nợ theo lô ,Ready For Dev,,,,,,
EPIC,DL-67880,Bổ sung công ty thành viên Vacom ,In Progress,Cải tiến,,,,,2026-08-14,2026-08-14,,,,,,,,,,,
STORY,HCM-130100,Cải tiến module Xếp lương,,Cải tiến,,2026-06-17,2026-07-10,2026-07-06,2026-06-10,2026-08-11,Payroll,HCM-130335,Story,1. Thiết lập Loại hợp đồng đề xuất phương án lương,Released,,,,,,
STORY,HCM-130100,Cải tiến module Xếp lương,,Cải tiến,,2026-06-17,2026-07-10,2026-07-06,2026-06-10,2026-08-11,Payroll,HCM-130358,Story,2. Cải tiến chức năng Phân quyền,Released,,,,,,
STORY,HCM-130100,Cải tiến module Xếp lương,,Cải tiến,,2026-06-17,2026-07-10,2026-07-06,2026-06-10,2026-08-11,Payroll,HCM-130379,Story,3. Cải tiến Lập yêu cầu xếp lương,Released,,,,,,
STORY,HCM-130100,Cải tiến module Xếp lương,,Cải tiến,,2026-06-17,2026-07-10,2026-07-06,2026-06-10,2026-08-11,Payroll,HCM-130410,Story,4. Cải tiến Giả định phương án lương,Released,,,,,,
STORY,HCM-130100,Cải tiến module Xếp lương,,Cải tiến,,2026-06-17,2026-07-10,2026-07-06,2026-06-10,2026-08-11,Payroll,HCM-130451,Story,5. Cải tiến Xử lý phương án lương Tuyển dụng,Released,,,,,,
STORY,HCM-130100,Cải tiến module Xếp lương,,Cải tiến,,2026-06-17,2026-07-10,2026-07-06,2026-06-10,2026-08-11,Payroll,HCM-130502,Story,6. Cải tiến Phê duyệt phương án lương Tuyển dụng,Released,,,,,,
STORY,HCM-130100,Cải tiến module Xếp lương,,Cải tiến,,2026-06-17,2026-07-10,2026-07-06,2026-06-10,2026-08-11,Payroll,HCM-130563,Story,7. Cải tiến Phê duyệt phương án lương Phát triển nguồn lực,Released,,,,,,
EPIC,HCM-130270,Cải tiến module thông tin nhân viên,In Progress,Cải tiến,2026-09-15,2026-09-15,2026-10-06,,2026-06-16,2026-08-07,,,,,,,,,,,
STORY,HCM-130276,Cải tiến địa điểm làm việc mô hình kế hoạch,,Cải tiến,2026-08-27,2026-08-27,2026-08-21,,2026-06-16,2026-08-14,,HCM-133109,Story,2026.08.01 MPL Quản lý địa điểm,READY FOR REFINE,,,,,,
STORY,HCM-130276,Cải tiến địa điểm làm việc mô hình kế hoạch,,Cải tiến,2026-08-27,2026-08-27,2026-08-21,,2026-06-16,2026-08-14,,HCM-133116,Story,2026.08.02 MPL Quản lý địa điểm,Analyzing,,,,,,
STORY,HCM-130276,Cải tiến địa điểm làm việc mô hình kế hoạch,,Cải tiến,2026-08-27,2026-08-27,2026-08-21,,2026-06-16,2026-08-14,,HCM-133127,Story,2026.08.03 MPL Quản lý địa điểm,Analyzing,,,,,,
STORY,HCM-130276,Cải tiến địa điểm làm việc mô hình kế hoạch,,Cải tiến,2026-08-27,2026-08-27,2026-08-21,,2026-06-16,2026-08-14,,HCM-133137,Story,2026.08.04 MPL Quản lý địa điểm,Analyzing,,,,,,
STORY,HCM-130276,Cải tiến địa điểm làm việc mô hình kế hoạch,,Cải tiến,2026-08-27,2026-08-27,2026-08-21,,2026-06-16,2026-08-14,,HCM-133149,Story,2026.08.05 MPL Quản lý địa điểm,Analyzing,,,,,,
STORY,HCM-130276,Cải tiến địa điểm làm việc mô hình kế hoạch,,Cải tiến,2026-08-27,2026-08-27,2026-08-21,,2026-06-16,2026-08-14,,HCM-133164,Story,2026.08.2.1 MPL Quản lý địa điểm,Analyzing,,,,,,
STORY,HCM-131481,abce,,Cải tiến,,,,,2026-07-09,2026-07-09,,HCM-131482,Story,ddd,Cancelled,,,,,,
STORY,HCM-131520,LEARNING MAP (VERSION 2),,Tính năng mới,,2026-07-15,2026-08-03,2026-08-03,2026-07-13,2026-08-12,,HCM-131522,Story,US1: Cải tiến màn hình môn học,Released,,,,,,
STORY,HCM-131520,LEARNING MAP (VERSION 2),,Tính năng mới,,2026-07-15,2026-08-03,2026-08-03,2026-07-13,2026-08-12,,HCM-131564,Story,US2: Cải tiến tab bản đồ học tập,Released,,,,,,
STORY,HCM-131520,LEARNING MAP (VERSION 2),,Tính năng mới,,2026-07-15,2026-08-03,2026-08-03,2026-07-13,2026-08-12,,HCM-131575,Story,US3.1: Tự khai bao và gửi email tới CBQL,Released,,,,,,
STORY,HCM-131520,LEARNING MAP (VERSION 2),,Tính năng mới,,2026-07-15,2026-08-03,2026-08-03,2026-07-13,2026-08-12,,HCM-131586,Story,US3.2: Danh sách phê duyệt và tìm kiếm,Released,,,,,,
STORY,HCM-131520,LEARNING MAP (VERSION 2),,Tính năng mới,,2026-07-15,2026-08-03,2026-08-03,2026-07-13,2026-08-12,,HCM-131597,Story,"US3.3: Phê duyệt CBQL, cập nhật thông tin và gửi email lại cho CBNV",Released,,,,,,
STORY,HCM-131673,"HCM - Cải tiến ký mới - ký tiếp HĐLĐ thuê ngoài, Phí dịch vụ",,Cải tiến,,2026-07-31,,,2026-07-17,2026-08-11,,HCM-132077,Story,US 01 - Cải tiến ký mới HĐDV đối với nhân sự thuê ngoài,IN UAT,,,,,,
STORY,HCM-131673,"HCM - Cải tiến ký mới - ký tiếp HĐLĐ thuê ngoài, Phí dịch vụ",,Cải tiến,,2026-07-31,,,2026-07-17,2026-08-11,,HCM-132088,Story,US 02 - Cải tiến ký tiếp HĐDV đối với nhân sự thuê ngoài,IN UAT,,,,,,
STORY,HCM-131673,"HCM - Cải tiến ký mới - ký tiếp HĐLĐ thuê ngoài, Phí dịch vụ",,Cải tiến,,2026-07-31,,,2026-07-17,2026-08-11,,HCM-132099,Story,US 03 - Tự động tạo đề xuất hiệu chỉnh quá trình hợp đồng khi QTCT nghỉ việc được phê duyệt,IN UAT,,,,,,
STORY,HCM-131699,Xây dựng bảng kiểm tra dữ liệu tính lương tháng backdate,,Tính năng mới,2026-07-31,2026-07-31,,,2026-07-20,2026-08-14,Payroll,HCM-132161,Story,1. Bảng kiểm tra dữ liệu đầu vào tính lương tháng backdate,IN UAT,,,,,,
STORY,HCM-131699,Xây dựng bảng kiểm tra dữ liệu tính lương tháng backdate,,Tính năng mới,2026-07-31,2026-07-31,,,2026-07-20,2026-08-14,Payroll,HCM-132172,Story,2. Bảng kiểm tra thay đổi diễn biến phụ cấp,IN SIT,,,,,,
STORY,HCM-131699,Xây dựng bảng kiểm tra dữ liệu tính lương tháng backdate,,Tính năng mới,2026-07-31,2026-07-31,,,2026-07-20,2026-08-14,Payroll,HCM-132183,Story,3. Xuất báo cáo kiểm tra dữ liệu backdate,Cancelled,,,,,,
STORY,HCM-131962,202608_Áp khoán lương NSLĐ line SME-CN,,Cải tiến,2026-08-04,2026-08-04,,,2026-07-24,2026-08-13,Payroll,HCM-132204,Story,2. Cải tiến áp khoán NSLĐ line SME - CN,DEV DONE,,,,,,
STORY,HCM-131962,202608_Áp khoán lương NSLĐ line SME-CN,,Cải tiến,2026-08-04,2026-08-04,,,2026-07-24,2026-08-13,Payroll,HCM-132214,Story,1. Import NSLĐ line SME - CN,DEV DONE,,,,,,
STORY,HCM-131962,202608_Áp khoán lương NSLĐ line SME-CN,,Cải tiến,2026-08-04,2026-08-04,,,2026-07-24,2026-08-13,Payroll,HCM-132226,Story,3. Tổng hợp áp khoán NSLĐ line SME - CN,DEV DONE,,,,,,
STORY,HCM-131969,202608_ Cải tiến bảo hiểm Nhân thọ - Module Quản lý chế độ,,Cải tiến,2026-08-06,2026-08-06,,,2026-07-27,2026-08-13,,HCM-132417,Story,1. Cải tiến Cấu hình tham số hệ thống,Ready For Test,,,,,,
STORY,HCM-131969,202608_ Cải tiến bảo hiểm Nhân thọ - Module Quản lý chế độ,,Cải tiến,2026-08-06,2026-08-06,,,2026-07-27,2026-08-13,,HCM-132432,Story,2. Cải tiến chức năng Rà soát danh sách BHNT,Analyzing,,,,,,
STORY,HCM-131969,202608_ Cải tiến bảo hiểm Nhân thọ - Module Quản lý chế độ,,Cải tiến,2026-08-06,2026-08-06,,,2026-07-27,2026-08-13,,HCM-132442,Story,3. Xác nhận danh sách rà soát của DVNS/PTNL,IN DEV,,,,,,
STORY,HCM-131969,202608_ Cải tiến bảo hiểm Nhân thọ - Module Quản lý chế độ,,Cải tiến,2026-08-06,2026-08-06,,,2026-07-27,2026-08-13,,HCM-132454,Story,4. Import danh sách rà soát BHNT của DVNS/PTNL,IN DEV,,,,,,
STORY,HCM-131969,202608_ Cải tiến bảo hiểm Nhân thọ - Module Quản lý chế độ,,Cải tiến,2026-08-06,2026-08-06,,,2026-07-27,2026-08-13,,HCM-132465,Story,5. Cải tiến import Danh sách rà soát BHNT,Ready For Dev,,,,,,
STORY,HCM-131969,202608_ Cải tiến bảo hiểm Nhân thọ - Module Quản lý chế độ,,Cải tiến,2026-08-06,2026-08-06,,,2026-07-27,2026-08-13,,HCM-132476,Story,6. Cải tiến Import Kết quả tham gia BHNT,Ready For Dev,,,,,,
EPIC,HCM-132139,"Cải tiến quy trình tham vấn, thanh lý HĐLĐ và quản trị biểu mẫu HĐLĐ",In Progress,Cải tiến,,,,,2026-07-30,2026-07-30,,,,,,,,,,,
EPIC,HCM-132140,Số hóa văn bản - Đang khảo sát,In Progress,Cải tiến,,,,,2026-07-30,2026-07-30,,,,,,,,,,,
STORY,HCM-132961,202608_Áp khoán lương NSLĐ ARM SME,,Cải tiến,2026-08-11,2026-08-11,,,2026-08-11,2026-08-14,Payroll,HCM-132962,Story,4. Import NSLĐ nhóm ARM-SME,IN DEV,,,,,,
STORY,HCM-132961,202608_Áp khoán lương NSLĐ ARM SME,,Cải tiến,2026-08-11,2026-08-11,,,2026-08-11,2026-08-14,Payroll,HCM-132973,Story,5. Cải tiến áp khoán NSLĐ nhóm ARM SME,WAITING FOR PLANNING,,,,,,
STORY,HCM-132961,202608_Áp khoán lương NSLĐ ARM SME,,Cải tiến,2026-08-11,2026-08-11,,,2026-08-11,2026-08-14,Payroll,HCM-132984,Story,6. Tổng hợp áp khoán NSLĐ nhóm ARM-SME,WAITING FOR PLANNING,,,,,,
SUBTASK,RACARD-9210,Bổ sung logic check tuổi với KH sử dụng hạn mức 3rd,,Cải tiến,2026-05-28,2026-06-01,,,2026-06-01,2026-07-20,Team Card,RACARD-9227,Story,Bổ sung logic check tuổi với KH sử dụng hạn mức 3rd,Released,RACARD-9228,Design,Tài liệu phân tích,Done,2026-06-02,2026-06-02
SUBTASK,RACARD-9210,Bổ sung logic check tuổi với KH sử dụng hạn mức 3rd,,Cải tiến,2026-05-28,2026-06-01,,,2026-06-01,2026-07-20,Team Card,RACARD-9227,Story,Bổ sung logic check tuổi với KH sử dụng hạn mức 3rd,Released,RACARD-9229,DEV,[SERVER] Bổ sung check tuổi khi nhận hạn mức 3rd,Done,2026-06-02,2026-06-02
SUBTASK,RACARD-9210,Bổ sung logic check tuổi với KH sử dụng hạn mức 3rd,,Cải tiến,2026-05-28,2026-06-01,,,2026-06-01,2026-07-20,Team Card,RACARD-9227,Story,Bổ sung logic check tuổi với KH sử dụng hạn mức 3rd,Released,RACARD-9230,Sub-task,[SERVER] Viết thiết kế chi tiết bổ sung check tuổi,Done,2026-06-03,2026-06-03
SUBTASK,RACARD-9210,Bổ sung logic check tuổi với KH sử dụng hạn mức 3rd,,Cải tiến,2026-05-28,2026-06-01,,,2026-06-01,2026-07-20,Team Card,RACARD-9227,Story,Bổ sung logic check tuổi với KH sử dụng hạn mức 3rd,Released,RACARD-9247,Design,[CREATE TC] Bổ sung check tuổi khi nhận hạn mức 3rd,Done,2026-06-02,2026-06-03
SUBTASK,RACARD-9210,Bổ sung logic check tuổi với KH sử dụng hạn mức 3rd,,Cải tiến,2026-05-28,2026-06-01,,,2026-06-01,2026-07-20,Team Card,RACARD-9227,Story,Bổ sung logic check tuổi với KH sử dụng hạn mức 3rd,Released,RACARD-9254,Sub Test Execution,[SIT MANUAL] Bổ sung logic check tuổi với KH sử dụng hạn mức 3rd,Done,2026-06-09,2026-06-11
SUBTASK,RACARD-9210,Bổ sung logic check tuổi với KH sử dụng hạn mức 3rd,,Cải tiến,2026-05-28,2026-06-01,,,2026-06-01,2026-07-20,Team Card,RACARD-9227,Story,Bổ sung logic check tuổi với KH sử dụng hạn mức 3rd,Released,RACARD-9264,Sub-task,[TAO DATA TEST]_Bổ sung logic check tuổi với KH sử dụng hạn mức 3rd,Done,2026-06-08,2026-06-09
SUBTASK,RACARD-9217,XÁC THỰC 3DS QUA APP MB,,Sản phẩm/dịch vụ/quy trình mới,2026-03-18,,,2026-08-03,2026-06-02,2026-08-07,Team Card,RACARD-9256,Story,US1: Gửi yêu cầu giao dịch chờ xác thực sang AppMB,Ready For Golive,RACARD-9258,Design,Tài liệu phân tích,Done,,
SUBTASK,RACARD-9217,XÁC THỰC 3DS QUA APP MB,,Sản phẩm/dịch vụ/quy trình mới,2026-03-18,,,2026-08-03,2026-06-02,2026-08-07,Team Card,RACARD-9256,Story,US1: Gửi yêu cầu giao dịch chờ xác thực sang AppMB,Ready For Golive,RACARD-9260,Sub-task,[SERVER] Viết thiết kế chi tiết API tạo giao dịch WAY4,Done,2026-06-09,2026-06-09
SUBTASK,RACARD-9217,XÁC THỰC 3DS QUA APP MB,,Sản phẩm/dịch vụ/quy trình mới,2026-03-18,,,2026-08-03,2026-06-02,2026-08-07,Team Card,RACARD-9257,Story,US2: Xác thực giao dịch trên AppMB,Ready For Golive,RACARD-9259,Design,Tài liệu phân tích,Done,,
STORY,RACARD-9240,"Cải tiến các logic điều kiện gia hạn thẻ: không thực hiện kích hoạt thẻ tự động sau khi gia hạn thẻ, check cic theo service mới, bổ sung các thẻ vào luồng gia hạn",,Cải tiến,2026-07-06,2026-07-06,,2026-07-16,2026-06-04,2026-08-14,,RACARD-9347,Story,"US1: Bổ sung logic trạng thái thẻ, tích hợp service CIC v3.1, không tự động kích hoạt thẻ sau gia hạn",Released,,,,,,
STORY,RACARD-9337,Bổ sung phần xác nhận thông tin thu nhập của KH tại màn xác nhận thông tin,,Cải tiến,2026-06-24,,,2026-07-09,2026-06-24,2026-08-14,Team Card,RACARD-9351,Story,[3RD] Bổ sung xác nhận thông tin thu nhập của khách hàng,Released,,,,,,
STORY,RACARD-9405,Phát hành thẻ MB VETC Drive Pass trên kênh App MB,,Cải tiến,2026-07-06,2026-07-06,2026-07-16,2026-07-09,2026-07-06,2026-08-14,Team Card,RACARD-9417,Story,Thêm thẻ VETC Drive Pass,Released,,,,,,
STORY,RACARD-9428,[Phiếu yêu cầu] Cải tiến logic hiển thị dư nợ tối thiểu và dư nợ sao kê thẻ,,Cải tiến,,2026-07-14,,2026-07-23,2026-07-09,2026-08-07,Team Card,RACARD-9437,Story,Cải tiến logic thanh toán sao kê thẻ,Ready For Golive,,,,,,
STORY,RACARD-9502,Xác nhận đóng thẻ qua App MB,,Tính năng mới,,2026-08-12,,,2026-07-29,2026-08-12,Team Card,RACARD-9513,Story,Xác nhận đóng thẻ qua App MB,IN DEV,,,,,,
STORY,RACARD-9502,Xác nhận đóng thẻ qua App MB,,Tính năng mới,,2026-08-12,,,2026-07-29,2026-08-12,Team Card,TCTHTW-54701,Story,US4 Đóng thẻ vĩnh viễn theo lô Teller - API truy vấn YCTG push khách hàng xác nhận,SIT DONE,,,,,,
STORY,RACARD-9502,Xác nhận đóng thẻ qua App MB,,Tính năng mới,,2026-08-12,,,2026-07-29,2026-08-12,Team Card,TCTHTW-54703,Story,US5 Đóng thẻ vĩnh viễn theo lô - Đẩy lưu hồ sơ ECM khi hoàn tất yêu cầu trợ giúp thẻ,Ready For Dev,,,,,,
STORY,RACARD-9570,[Tài khoản chạm] Liên kết tài khoản chạm với ví Apple Pay sử dụng thẻ JCB Hybird,,Cải tiến,2026-08-12,,,,2026-08-07,2026-08-12,Team Card,RACARD-9573,Story,Tài khoản chạm: Chuyển đổi sang sản phẩm thẻ JCB PBA,Ready For Dev,,,,,,
STORY,RACORE-5973,Cải tiến luồng chuyển tiền zalopay,,Cải tiến,2026-06-16,2026-07-28,,,2026-06-03,2026-07-31,Core,RACORE-6291,Story,Chuyển tiền tới ví chính chủ zaloPay,DEV DONE,,,,,,
EPIC,RACORE-6000,Xóa cửa hàng VietQR trên app,In Progress,Tính năng mới,,,,,2026-06-05,2026-06-05,Core,,,,,,,,,,
EPIC,RACORE-6030,Trải nghiệm mới luồng tách lệnh cho giao dịch > 500tr.,In Progress,Sản phẩm/dịch vụ/quy trình mới,,,,,2026-06-10,2026-06-23,,,,,,,,,,,
SUBTASK,RACORE-6073,Trải nghiệm mới luồng tách lệnh cho giao dịch > 500tr.,,Sản phẩm/dịch vụ/quy trình mới,2026-06-22,,,2026-07-30,2026-06-15,2026-08-11,Core,RACORE-6040,Story,Trải nghiệm mới luồng tách lệnh cho giao dịch > 500tr.,Ready For Golive,RACORE-6041,BA,Phân tích luồng chuyển tiền tách lệnh,Done,,
SUBTASK,RACORE-6073,Trải nghiệm mới luồng tách lệnh cho giao dịch > 500tr.,,Sản phẩm/dịch vụ/quy trình mới,2026-06-22,,,2026-07-30,2026-06-15,2026-08-11,Core,RACORE-6040,Story,Trải nghiệm mới luồng tách lệnh cho giao dịch > 500tr.,Ready For Golive,RACORE-6042,BA,BA - Phân tích - Trải nghiệm mới luồng tách lệnh cho giao dịch > 500tr.,Cancelled,,
SUBTASK,RACORE-6073,Trải nghiệm mới luồng tách lệnh cho giao dịch > 500tr.,,Sản phẩm/dịch vụ/quy trình mới,2026-06-22,,,2026-07-30,2026-06-15,2026-08-11,Core,RACORE-6040,Story,Trải nghiệm mới luồng tách lệnh cho giao dịch > 500tr.,Ready For Golive,RACORE-6043,Design,DEV - Thiết kế - Trải nghiệm mới luồng tách lệnh cho giao dịch > 500tr.,Done,,
SUBTASK,RACORE-6073,Trải nghiệm mới luồng tách lệnh cho giao dịch > 500tr.,,Sản phẩm/dịch vụ/quy trình mới,2026-06-22,,,2026-07-30,2026-06-15,2026-08-11,Core,RACORE-6040,Story,Trải nghiệm mới luồng tách lệnh cho giao dịch > 500tr.,Ready For Golive,RACORE-6044,DEV,DEV - Chỉnh sửa api xác thực chuyển tiền theo TT40,Done,,
SUBTASK,RACORE-6073,Trải nghiệm mới luồng tách lệnh cho giao dịch > 500tr.,,Sản phẩm/dịch vụ/quy trình mới,2026-06-22,,,2026-07-30,2026-06-15,2026-08-11,Core,RACORE-6040,Story,Trải nghiệm mới luồng tách lệnh cho giao dịch > 500tr.,Ready For Golive,RACORE-6045,Pre-Golive,DEV - chuẩn bị golive - Trải nghiệm mới luồng tách lệnh cho giao dịch > 500tr.,Done,,
SUBTASK,RACORE-6073,Trải nghiệm mới luồng tách lệnh cho giao dịch > 500tr.,,Sản phẩm/dịch vụ/quy trình mới,2026-06-22,,,2026-07-30,2026-06-15,2026-08-11,Core,RACORE-6040,Story,Trải nghiệm mới luồng tách lệnh cho giao dịch > 500tr.,Ready For Golive,RACORE-6046,Support,DEV - Hỗ trợ - Trải nghiệm mới luồng tách lệnh cho giao dịch > 500tr.,Done,,
SUBTASK,RACORE-6073,Trải nghiệm mới luồng tách lệnh cho giao dịch > 500tr.,,Sản phẩm/dịch vụ/quy trình mới,2026-06-22,,,2026-07-30,2026-06-15,2026-08-11,Core,RACORE-6040,Story,Trải nghiệm mới luồng tách lệnh cho giao dịch > 500tr.,Ready For Golive,RACORE-6047,Review,DEV - Review tài liệu - Trải nghiệm mới luồng tách lệnh cho giao dịch > 500tr.,Done,,
SUBTASK,RACORE-6073,Trải nghiệm mới luồng tách lệnh cho giao dịch > 500tr.,,Sản phẩm/dịch vụ/quy trình mới,2026-06-22,,,2026-07-30,2026-06-15,2026-08-11,Core,RACORE-6040,Story,Trải nghiệm mới luồng tách lệnh cho giao dịch > 500tr.,Ready For Golive,RACORE-6048,Review TKCT,DEV - Review TKCT - Trải nghiệm mới luồng tách lệnh cho giao dịch > 500tr.,Done,,
SUBTASK,RACORE-6073,Trải nghiệm mới luồng tách lệnh cho giao dịch > 500tr.,,Sản phẩm/dịch vụ/quy trình mới,2026-06-22,,,2026-07-30,2026-06-15,2026-08-11,Core,RACORE-6040,Story,Trải nghiệm mới luồng tách lệnh cho giao dịch > 500tr.,Ready For Golive,RACORE-6049,Design,SIT - Test design - Trải nghiệm mới luồng tách lệnh cho giao dịch > 500tr.,To Do,,
SUBTASK,RACORE-6073,Trải nghiệm mới luồng tách lệnh cho giao dịch > 500tr.,,Sản phẩm/dịch vụ/quy trình mới,2026-06-22,,,2026-07-30,2026-06-15,2026-08-11,Core,RACORE-6040,Story,Trải nghiệm mới luồng tách lệnh cho giao dịch > 500tr.,Ready For Golive,RACORE-6050,Review,SIT - Review - Trải nghiệm mới luồng tách lệnh cho giao dịch > 500tr.,To Do,,
SUBTASK,RACORE-6073,Trải nghiệm mới luồng tách lệnh cho giao dịch > 500tr.,,Sản phẩm/dịch vụ/quy trình mới,2026-06-22,,,2026-07-30,2026-06-15,2026-08-11,Core,RACORE-6040,Story,Trải nghiệm mới luồng tách lệnh cho giao dịch > 500tr.,Ready For Golive,RACORE-6051,Sub Test Execution,SIT - thực hiện test - Trải nghiệm mới luồng tách lệnh cho giao dịch > 500tr.,Cancelled,,
SUBTASK,RACORE-6073,Trải nghiệm mới luồng tách lệnh cho giao dịch > 500tr.,,Sản phẩm/dịch vụ/quy trình mới,2026-06-22,,,2026-07-30,2026-06-15,2026-08-11,Core,RACORE-6040,Story,Trải nghiệm mới luồng tách lệnh cho giao dịch > 500tr.,Ready For Golive,RACORE-6052,KSTĐ,SIT - KSTĐ - Trải nghiệm mới luồng tách lệnh cho giao dịch > 500tr.,Done,,
SUBTASK,RACORE-6073,Trải nghiệm mới luồng tách lệnh cho giao dịch > 500tr.,,Sản phẩm/dịch vụ/quy trình mới,2026-06-22,,,2026-07-30,2026-06-15,2026-08-11,Core,RACORE-6040,Story,Trải nghiệm mới luồng tách lệnh cho giao dịch > 500tr.,Ready For Golive,RACORE-6053,Sub-task,SIT - Mini review - Trải nghiệm mới luồng tách lệnh cho giao dịch > 500tr.,To Do,,
STORY,RACORE-6073,Trải nghiệm mới luồng tách lệnh cho giao dịch > 500tr.,,Sản phẩm/dịch vụ/quy trình mới,2026-06-22,,,2026-07-30,2026-06-15,2026-08-11,Core,RACORE-6411,Story,Bổ sung thêm trải nghiệm với luồng hold tách lệnh,Ready For Golive,,,,,,
EPIC,RACORE-6082,test,In Progress,Tính năng mới,,,,,2026-06-16,2026-06-16,,,,,,,,,,,
STORY,RACORE-6222,Onboard HKD bằng đăng ký kinh doanh bản điện tử,,Cải tiến,,2026-07-06,,2026-07-23,2026-06-30,2026-08-11,Core,RACORE-6311,Story,Upload HKD bằng đăng ký kinh doanh bản PDF,Released,,,,,,
STORY,RACORE-6349,Cải tiến mẫu lệnh chuyển tiền quốc tế,,Cải tiến,,2026-07-15,,2026-07-23,2026-07-08,2026-08-05,Core,RACORE-6383,Story,Cải tiến mẫu lệnh chuyển tiền quốc tế,Released,,,,,,
EPIC,RACORE-6440,Bảo vệ giao dịch chuyển tiền: Luồng tích hợp DCMS,In Progress,Sản phẩm/dịch vụ/quy trình mới,,2026-07-27,,,2026-07-17,2026-08-12,Core,,,,,,,,,,
STORY,RACORE-6497,Validate chữ ký số khi KH onboard HKD bằng ĐKKD bản điện tử,,Cải tiến,,2026-07-27,,2026-08-06,2026-07-23,2026-08-08,Core,RACORE-6517,Story,Validate chữ ký số khi KH onboard HKD bằng ĐKKD bản điện tử,SIT DONE,,,,,,
EPIC,RACORE-6586,[Phase 2] Bảo vệ GDCT - Chỉnh sửa sao kê realtime theo tên bank mới quy hoạch,In Progress,Sản phẩm,,2026-07-31,,,2026-07-30,2026-08-12,Core,,,,,,,,,,
STORY,RACORE-6648,[PYC] Chặn tài khoản vay và đầu tư nước ngoài trên App MBBank,,Cải tiến,,,,,2026-08-04,2026-08-13,,RACORE-6654,Story,Chặn tài khoản vay và đầu tư nước ngoài trên App MBBank,Ready For Golive,,,,,,
EPIC,RACORE-6688,CR Bảo vệ giao dịch chuyển tiền - Thay đổi logic rule HOLD,In Progress,Cải tiến,,,,,2026-08-10,2026-08-10,,,,,,,,,,,
STORY,RACORE-6693,Chuyển tiền lô trên App: luồng nhập tay,,Sản phẩm,2026-05-07,,,,2026-08-10,2026-08-10,,RACORE-6698,Story,Chuyển tiền lô trên App: luồng nhập tay,Ready For Dev,,,,,,
SUBTASK,SC-76874,Chỉnh sửa mẫu biểu MB01 luồng All in one KHCN,,Cải tiến,,2026-06-26,,2026-07-09,2026-06-04,2026-08-05,,SC-77237,Story,Chỉnh sửa mẫu biểu BM01,Released,SC-77104,Meeting,[REFINEMENT] Chỉnh sửa mẫu biểu MB01 luồng All in one KHCN,Done,2026-06-05,2026-06-05
SUBTASK,SC-76874,Chỉnh sửa mẫu biểu MB01 luồng All in one KHCN,,Cải tiến,,2026-06-26,,2026-07-09,2026-06-04,2026-08-05,,SC-77237,Story,Chỉnh sửa mẫu biểu BM01,Released,SC-77200,DEV,Dev logic thay đổi BM01,Done,2026-06-08,2026-06-09
SUBTASK,SC-76898,"Cải tiến định danh, hậu kiểm KH HKD",,Cải tiến,,,2026-07-02,2026-06-25,2026-06-05,2026-08-05,,SC-76901,Story,"US1.2. [Phase 2] Cải tiến định danh, hậu kiểm KH HKD",Released,SC-76923,DEV,PT bổ sung sv get thông tin lý do chặn POSTING.RESTRICT trên ACCOUNT,Done,2026-06-08,2026-06-09
SUBTASK,SC-76898,"Cải tiến định danh, hậu kiểm KH HKD",,Cải tiến,,,2026-07-02,2026-06-25,2026-06-05,2026-08-05,,SC-76901,Story,"US1.2. [Phase 2] Cải tiến định danh, hậu kiểm KH HKD",Released,SC-76924,Meeting,"[REFINEMENT]- Cải tiến định danh, hậu kiểm KH HKD",Done,2026-06-05,2026-06-05
SUBTASK,SC-76898,"Cải tiến định danh, hậu kiểm KH HKD",,Cải tiến,,,2026-07-02,2026-06-25,2026-06-05,2026-08-05,,SC-76901,Story,"US1.2. [Phase 2] Cải tiến định danh, hậu kiểm KH HKD",Released,SC-77184,Design,"TKCT Cải tiến định danh, hậu kiểm KH HKD",Done,2026-06-08,2026-06-08
SUBTASK,SC-76898,"Cải tiến định danh, hậu kiểm KH HKD",,Cải tiến,,,2026-07-02,2026-06-25,2026-06-05,2026-08-05,,SC-76901,Story,"US1.2. [Phase 2] Cải tiến định danh, hậu kiểm KH HKD",Released,SC-77186,DEV,<DEV> FE - Cải tiến giao diện posting restrict,Done,2026-06-08,2026-06-09
SUBTASK,SC-76898,"Cải tiến định danh, hậu kiểm KH HKD",,Cải tiến,,,2026-07-02,2026-06-25,2026-06-05,2026-08-05,,SC-76901,Story,"US1.2. [Phase 2] Cải tiến định danh, hậu kiểm KH HKD",Released,SC-77188,DEV,<DEV> FE - Cải tiến điều kiện hightlight danh sách tài khoản,Done,2026-06-09,2026-06-09
SUBTASK,SC-76898,"Cải tiến định danh, hậu kiểm KH HKD",,Cải tiến,,,2026-07-02,2026-06-25,2026-06-05,2026-08-05,,SC-76901,Story,"US1.2. [Phase 2] Cải tiến định danh, hậu kiểm KH HKD",Released,SC-77189,DEV,<DEV> BE - Tìm kiếm thông tin posting restrict kèm lý do,Done,2026-06-10,2026-06-10
SUBTASK,SC-76898,"Cải tiến định danh, hậu kiểm KH HKD",,Cải tiến,,,2026-07-02,2026-06-25,2026-06-05,2026-08-05,,SC-76901,Story,"US1.2. [Phase 2] Cải tiến định danh, hậu kiểm KH HKD",Released,SC-77192,DEV,<DEV> BE - Duyệt thông tin tài khoản kèm lý do,Done,2026-06-10,2026-06-10
SUBTASK,SC-76898,"Cải tiến định danh, hậu kiểm KH HKD",,Cải tiến,,,2026-07-02,2026-06-25,2026-06-05,2026-08-05,,SC-76901,Story,"US1.2. [Phase 2] Cải tiến định danh, hậu kiểm KH HKD",Released,SC-77197,Meeting,"[REFINEMENT] Cải tiến định danh, hậu kiểm KH HKD",Done,2026-06-08,2026-06-09
SUBTASK,SC-76898,"Cải tiến định danh, hậu kiểm KH HKD",,Cải tiến,,,2026-07-02,2026-06-25,2026-06-05,2026-08-05,,SC-76901,Story,"US1.2. [Phase 2] Cải tiến định danh, hậu kiểm KH HKD",Released,SC-77208,DEV,Review code và tài liệu get thông tin lý do chặn PR trên ACCOUNT,Done,2026-06-08,2026-06-12
SUBTASK,SC-76898,"Cải tiến định danh, hậu kiểm KH HKD",,Cải tiến,,,2026-07-02,2026-06-25,2026-06-05,2026-08-05,,SC-76901,Story,"US1.2. [Phase 2] Cải tiến định danh, hậu kiểm KH HKD",Released,SC-77311,Design,"[CREATE TD][T24] Cải tiến đinh danh, hậu kiểm  KH HKD",Done,2026-06-11,2026-06-11
SUBTASK,SC-76898,"Cải tiến định danh, hậu kiểm KH HKD",,Cải tiến,,,2026-07-02,2026-06-25,2026-06-05,2026-08-05,,SC-76901,Story,"US1.2. [Phase 2] Cải tiến định danh, hậu kiểm KH HKD",Released,SC-77512,Sub Test Execution,[TC4D] [T24] Truy vấn Account IL_getAcctnOfCus_1.2,Done,2026-06-11,2026-06-12
SUBTASK,SC-76898,"Cải tiến định danh, hậu kiểm KH HKD",,Cải tiến,,,2026-07-02,2026-06-25,2026-06-05,2026-08-05,,SC-76901,Story,"US1.2. [Phase 2] Cải tiến định danh, hậu kiểm KH HKD",Released,SC-77513,Sub Test Execution,[SIT][T24]  Truy vấn Account IL_getAcctnOfCus_1.2,Done,2026-06-11,2026-06-15
SUBTASK,SC-76898,"Cải tiến định danh, hậu kiểm KH HKD",,Cải tiến,,,2026-07-02,2026-06-25,2026-06-05,2026-08-05,,SC-76901,Story,"US1.2. [Phase 2] Cải tiến định danh, hậu kiểm KH HKD",Released,SC-77514,Sub Test Execution,[TC4D][MS] current-account_v1.0_accounts_update,Done,2026-06-11,2026-06-12
SUBTASK,SC-76898,"Cải tiến định danh, hậu kiểm KH HKD",,Cải tiến,,,2026-07-02,2026-06-25,2026-06-05,2026-08-05,,SC-76901,Story,"US1.2. [Phase 2] Cải tiến định danh, hậu kiểm KH HKD",Released,SC-77515,Sub Test Execution,[SIT][MS] current-account_v1.0_accounts_update,Done,2026-06-11,2026-06-15
SUBTASK,SC-76898,"Cải tiến định danh, hậu kiểm KH HKD",,Cải tiến,,,2026-07-02,2026-06-25,2026-06-05,2026-08-05,,SC-76901,Story,"US1.2. [Phase 2] Cải tiến định danh, hậu kiểm KH HKD",Released,SC-77516,Sub Test Execution,[TC4D][Ms] Truy vấn Account accounts_v2.0_query,Done,2026-06-11,2026-06-12
SUBTASK,SC-76898,"Cải tiến định danh, hậu kiểm KH HKD",,Cải tiến,,,2026-07-02,2026-06-25,2026-06-05,2026-08-05,,SC-76901,Story,"US1.2. [Phase 2] Cải tiến định danh, hậu kiểm KH HKD",Released,SC-77517,Sub Test Execution,[SIT][MS] Truy vấn Account accounts_v2.0_query,Done,2026-06-11,2026-06-12
SUBTASK,SC-76898,"Cải tiến định danh, hậu kiểm KH HKD",,Cải tiến,,,2026-07-02,2026-06-25,2026-06-05,2026-08-05,,SC-76901,Story,"US1.2. [Phase 2] Cải tiến định danh, hậu kiểm KH HKD",Released,SC-77520,Design,"[CREATE TC][T24] Cải tiến đinh danh, hậu kiểm  KH HKD",Done,2026-06-12,2026-06-12
SUBTASK,SC-76898,"Cải tiến định danh, hậu kiểm KH HKD",,Cải tiến,,,2026-07-02,2026-06-25,2026-06-05,2026-08-05,,SC-76901,Story,"US1.2. [Phase 2] Cải tiến định danh, hậu kiểm KH HKD",Released,SC-77537,Meeting,"[REFINEMENT]- Cải tiến định danh, hậu kiểm KH HKD",Done,2026-06-05,2026-06-12
STORY,SC-77716,Phát triển tính năng cảnh báo với KHDN hết hạn nợ KTT,,Cải tiến,,2026-06-30,2026-07-16,2026-07-15,2026-06-16,2026-08-11,,SC-77753,Story,US - Cảnh báo với các KH hết thời hạn nợ KTT,Released,,,,,,
STORY,SC-77777,Quản lý LSTT điều hành trên SC,,Tính năng mới,2026-06-24,2026-06-25,2026-07-16,2026-07-15,2026-06-17,2026-08-05,,SC-77778,Story,Danh sách + Tạo mới LSTT điều hành,Released,,,,,,
STORY,SC-77777,Quản lý LSTT điều hành trên SC,,Tính năng mới,2026-06-24,2026-06-25,2026-07-16,2026-07-15,2026-06-17,2026-08-05,,SC-78054,Story,Sửa/Inactive LSTT điều hành,Released,,,,,,
EPIC,SC-77793,Tự động hóa mẫu biểu HKD,In Progress,Cải tiến,,,,,2026-06-17,2026-06-23,,,,,,,,,,,
STORY,SC-78613,BỔ SUNG CHỨNG TỪ,,Cải tiến,,2026-07-22,2026-08-06,2026-08-05,2026-06-30,2026-08-11,,ECM-20412,Story,Smart Scan - BỔ SUNG CHỨNG TỪ,Released,,,,,,
STORY,SC-78613,BỔ SUNG CHỨNG TỪ,,Cải tiến,,2026-07-22,2026-08-06,2026-08-05,2026-06-30,2026-08-11,,SC-78975,Story,Bổ sung hồ sơ thiếu,Released,,,,,,
STORY,SC-78753,Bảo vệ chuyển tiền,,Cải tiến,,2026-06-30,,2026-07-27,2026-07-01,2026-08-11,,SC-78755,Story,Phát triển các service đầu App,Released,,,,,,
STORY,SC-78753,Bảo vệ chuyển tiền,,Cải tiến,,2026-06-30,,2026-07-27,2026-07-01,2026-08-11,,SC-78756,Story,Giao dịch viên tạo hồ sơ có thay đổi dịch vụ,Released,,,,,,
STORY,SC-78753,Bảo vệ chuyển tiền,,Cải tiến,,2026-06-30,,2026-07-27,2026-07-01,2026-08-11,,SC-78757,Story,Giao dịch viên sửa hồ sơ có thay đổi dịch vụ,Released,,,,,,
STORY,SC-78753,Bảo vệ chuyển tiền,,Cải tiến,,2026-06-30,,2026-07-27,2026-07-01,2026-08-11,,SC-78758,Story,Kiểm soát viên duyệt hồ sơ có thay đổi dịch vụ,Released,,,,,,
STORY,SC-78753,Bảo vệ chuyển tiền,,Cải tiến,,2026-06-30,,2026-07-27,2026-07-01,2026-08-11,,SC-78759,Story,Kiểm soát viên duyệt lại hồ sơ có thay đổi dịch vụ,Released,,,,,,
STORY,SC-78753,Bảo vệ chuyển tiền,,Cải tiến,,2026-06-30,,2026-07-27,2026-07-01,2026-08-11,,SC-78760,Story,Điều chỉnh template BM02 in từ SC,Released,,,,,,
STORY,SC-78753,Bảo vệ chuyển tiền,,Cải tiến,,2026-06-30,,2026-07-27,2026-07-01,2026-08-11,,SC-78761,Story,"Cải tiến chặn ký số 1 cấp, chỉ cho ký số 2 cấp với dịch vụ bảo vệ chuyển tiền",Released,,,,,,
STORY,SC-78788,Cảnh báo rút gốc 1 phần và tất toán trước hạn số tiết kiệm thuộc CTKM tại quầy ,,Tính năng mới,2026-07-07,2026-07-07,,2026-07-23,2026-07-02,2026-08-05,,SC-78981,Story,Cảnh báo rút gốc 1 phần và tất toán trước hạn số tiết kiệm thuộc CTKM tại quầy,Released,,,,,,
STORY,SC-78827,Bổ sung logic định danh KHCN (priority trải nghiệm),,Cải tiến,2026-07-06,,,,2026-07-06,2026-08-11,,SC-78955,Story,Bổ sung logic định danh KHCN,Ready For Dev,,,,,,
STORY,SC-78959,Làm mịn số hóa ấn chỉ,,Cải tiến,,2026-07-07,2026-08-13,2026-08-06,2026-07-08,2026-08-14,,SC-78960,Story,US9.1 - Điều chỉnh thông tin mẫu biểu + màn hình,Released,,,,,,
STORY,SC-78959,Làm mịn số hóa ấn chỉ,,Cải tiến,,2026-07-07,2026-08-13,2026-08-06,2026-07-08,2026-08-14,,SC-78961,Story,US9.2 - Email khi KSV hoàn thành duyệt đề nghị xuất kho,Released,,,,,,
STORY,SC-79573,"Cảnh báo, kiểm soát hành vi gian lận chứng minh tài chính ",,Tính năng mới,2026-07-24,2026-07-27,,,2026-07-28,2026-08-14,,API-176549,Story,[MS-Saving] Test ảnh hưởng thay đổi Saving core.,IN SIT,,,,,,
STORY,SC-79573,"Cảnh báo, kiểm soát hành vi gian lận chứng minh tài chính ",,Tính năng mới,2026-07-24,2026-07-27,,,2026-07-28,2026-08-14,,SC-79590,Story,US- Màn hình truy vấn lịch sử giao dịch Chuyển nhượng ,Ready For Golive,,,,,,
STORY,SC-79573,"Cảnh báo, kiểm soát hành vi gian lận chứng minh tài chính ",,Tính năng mới,2026-07-24,2026-07-27,,,2026-07-28,2026-08-14,,SC-79970,Story,US- Cảnh báo tại màn hình GDV và KSV khi thực hiện Chuyển nhượng ,IN DEV,,,,,,
STORY,SC-79573,"Cảnh báo, kiểm soát hành vi gian lận chứng minh tài chính ",,Tính năng mới,2026-07-24,2026-07-27,,,2026-07-28,2026-08-14,,SC-79971,Story,Cải tiến tính năng In xác nhận số dư - bổ sung thêm trạng thái CN của sổ ,IN DEV,,,,,,
STORY,SC-79573,"Cảnh báo, kiểm soát hành vi gian lận chứng minh tài chính ",,Tính năng mới,2026-07-24,2026-07-27,,,2026-07-28,2026-08-14,,YCPT-31459,Story,"MS - Service truy vấn lịch sử chuyển nhượng, logic lấy thông tin trạng thái chuyển nhượng của STK ",Ready For Golive,,,,,,
EPIC,SC-79589,Cải tiến tiếp quỹ ATM,In Progress,Cải tiến,,,,,2026-07-29,2026-08-13,,,,,,,,,,,
STORY,SC-79704,Bổ sung giao dịch thu nợ đúng hạn lên LK01,,Cải tiến,,,,,2026-07-31,2026-08-06,,SC-79803,Story,Bổ sung giao dịch thu nợ đúng hạn lên LK01,IN DEV,,,,,,
SUBTASK,SMEDS-106663,Bổ sung nhà cung cấp cho các tính năng thanh toán,,Cải tiến,,2026-06-01,,2026-06-17,2026-06-01,2026-08-05,Daily2.0,SMEDS-106666,Story,Bổ sung nhà cung cấp cho các tính năng thanh toán,Released,SMEDS-105111,Sub Test Execution,[SIT]_Fix lỗi Devsecops ms-biz-bill-payment,Done,2026-03-31,2026-04-02
SUBTASK,SMEDS-106663,Bổ sung nhà cung cấp cho các tính năng thanh toán,,Cải tiến,,2026-06-01,,2026-06-17,2026-06-01,2026-08-05,Daily2.0,SMEDS-106666,Story,Bổ sung nhà cung cấp cho các tính năng thanh toán,Released,SMEDS-106673,BA,Phân tích tài liệu đặc tả yêu cầu,Done,2026-06-01,
SUBTASK,SMEDS-106663,Bổ sung nhà cung cấp cho các tính năng thanh toán,,Cải tiến,,2026-06-01,,2026-06-17,2026-06-01,2026-08-05,Daily2.0,SMEDS-106666,Story,Bổ sung nhà cung cấp cho các tính năng thanh toán,Released,SMEDS-106705,Design,Viết mindmap Tính năng Thanh toán nước và Quản lý hóa đơn tự động,Done,2026-06-09,2026-06-11
SUBTASK,SMEDS-106663,Bổ sung nhà cung cấp cho các tính năng thanh toán,,Cải tiến,,2026-06-01,,2026-06-17,2026-06-01,2026-08-05,Daily2.0,SMEDS-106666,Story,Bổ sung nhà cung cấp cho các tính năng thanh toán,Released,SMEDS-106706,Sub Test Execution,[SIT] Tính năng Thanh toán hóa đơn tích hợp pmp trên WEB,Done,2026-06-10,2026-06-15
SUBTASK,SMEDS-106663,Bổ sung nhà cung cấp cho các tính năng thanh toán,,Cải tiến,,2026-06-01,,2026-06-17,2026-06-01,2026-08-05,Daily2.0,SMEDS-106666,Story,Bổ sung nhà cung cấp cho các tính năng thanh toán,Released,SMEDS-106707,Sub Test Execution,[SIT] Tính năng Thanh toán hóa đơn nước tích hợp pmp trên APP,Done,2026-06-10,2026-06-15
SUBTASK,SMEDS-106663,Bổ sung nhà cung cấp cho các tính năng thanh toán,,Cải tiến,,2026-06-01,,2026-06-17,2026-06-01,2026-08-05,Daily2.0,SMEDS-106666,Story,Bổ sung nhà cung cấp cho các tính năng thanh toán,Released,SMEDS-106724,Design,[CREATE TC] Viết mindmap Tính năng Thanh toán  CAB,Done,,
SUBTASK,SMEDS-106663,Bổ sung nhà cung cấp cho các tính năng thanh toán,,Cải tiến,,2026-06-01,,2026-06-17,2026-06-01,2026-08-05,Daily2.0,SMEDS-106666,Story,Bổ sung nhà cung cấp cho các tính năng thanh toán,Released,SMEDS-106725,Sub Test Execution,[SIT MANUAL] APP Tính năng thanh toán hóa đơn internet,Done,2026-06-10,2026-06-15
SUBTASK,SMEDS-106663,Bổ sung nhà cung cấp cho các tính năng thanh toán,,Cải tiến,,2026-06-01,,2026-06-17,2026-06-01,2026-08-05,Daily2.0,SMEDS-106666,Story,Bổ sung nhà cung cấp cho các tính năng thanh toán,Released,SMEDS-106726,Sub Test Execution,[SIT MANUAL] Tính năng thanh toán hóa đơn truyền hình CAB,Done,2026-06-10,2026-06-15
SUBTASK,SMEDS-106663,Bổ sung nhà cung cấp cho các tính năng thanh toán,,Cải tiến,,2026-06-01,,2026-06-17,2026-06-01,2026-08-05,Daily2.0,SMEDS-106666,Story,Bổ sung nhà cung cấp cho các tính năng thanh toán,Released,SMEDS-106727,Sub Test Execution,[WEB_SIT MANUAL] PMP_Tính năng thanh toán điện thoại cố định,Done,2026-06-08,2026-06-16
SUBTASK,SMEDS-106663,Bổ sung nhà cung cấp cho các tính năng thanh toán,,Cải tiến,,2026-06-01,,2026-06-17,2026-06-01,2026-08-05,Daily2.0,SMEDS-106666,Story,Bổ sung nhà cung cấp cho các tính năng thanh toán,Released,SMEDS-106730,DEV,DEV BE,Done,2026-06-04,2026-06-09
SUBTASK,SMEDS-106663,Bổ sung nhà cung cấp cho các tính năng thanh toán,,Cải tiến,,2026-06-01,,2026-06-17,2026-06-01,2026-08-05,Daily2.0,SMEDS-106666,Story,Bổ sung nhà cung cấp cho các tính năng thanh toán,Released,SMEDS-106731,DEV,Dev BE,Done,2026-06-04,2026-06-09
SUBTASK,SMEDS-106663,Bổ sung nhà cung cấp cho các tính năng thanh toán,,Cải tiến,,2026-06-01,,2026-06-17,2026-06-01,2026-08-05,Daily2.0,SMEDS-106666,Story,Bổ sung nhà cung cấp cho các tính năng thanh toán,Released,SMEDS-106732,DEV,Dev BE,Done,2026-06-01,2026-06-05
SUBTASK,SMEDS-106663,Bổ sung nhà cung cấp cho các tính năng thanh toán,,Cải tiến,,2026-06-01,,2026-06-17,2026-06-01,2026-08-05,Daily2.0,SMEDS-106666,Story,Bổ sung nhà cung cấp cho các tính năng thanh toán,Released,SMEDS-106733,DEV,DEV Web,Done,2026-06-04,2026-06-09
SUBTASK,SMEDS-106663,Bổ sung nhà cung cấp cho các tính năng thanh toán,,Cải tiến,,2026-06-01,,2026-06-17,2026-06-01,2026-08-05,Daily2.0,SMEDS-106666,Story,Bổ sung nhà cung cấp cho các tính năng thanh toán,Released,SMEDS-106734,DEV,Dev Mobile,Done,2026-06-04,2026-06-09
SUBTASK,SMEDS-106663,Bổ sung nhà cung cấp cho các tính năng thanh toán,,Cải tiến,,2026-06-01,,2026-06-17,2026-06-01,2026-08-05,Daily2.0,SMEDS-106666,Story,Bổ sung nhà cung cấp cho các tính năng thanh toán,Released,SMEDS-106735,OT,[UAT] Bổ sung nhà cung cấp cho các tính năng thanh toán,Cancelled,,
SUBTASK,SMEDS-106663,Bổ sung nhà cung cấp cho các tính năng thanh toán,,Cải tiến,,2026-06-01,,2026-06-17,2026-06-01,2026-08-05,Daily2.0,SMEDS-106666,Story,Bổ sung nhà cung cấp cho các tính năng thanh toán,Released,SMEDS-106737,Sub-task,[UAT] Bổ sung nhà cung cấp cho các tính năng thanh toán,Done,,
SUBTASK,SMEDS-106663,Bổ sung nhà cung cấp cho các tính năng thanh toán,,Cải tiến,,2026-06-01,,2026-06-17,2026-06-01,2026-08-05,Daily2.0,SMEDS-106666,Story,Bổ sung nhà cung cấp cho các tính năng thanh toán,Released,SMEDS-106743,Design,[Create TC] Viết mindmap thanh toán hóa đơn điện,Done,2026-06-04,2026-06-05
SUBTASK,SMEDS-106663,Bổ sung nhà cung cấp cho các tính năng thanh toán,,Cải tiến,,2026-06-01,,2026-06-17,2026-06-01,2026-08-05,Daily2.0,SMEDS-106666,Story,Bổ sung nhà cung cấp cho các tính năng thanh toán,Released,SMEDS-106744,Sub Test Execution,[SIT] Tích hợp thanh toán hóa đơn điện với PMP Web,Done,2026-06-10,2026-06-15
SUBTASK,SMEDS-106663,Bổ sung nhà cung cấp cho các tính năng thanh toán,,Cải tiến,,2026-06-01,,2026-06-17,2026-06-01,2026-08-05,Daily2.0,SMEDS-106666,Story,Bổ sung nhà cung cấp cho các tính năng thanh toán,Released,SMEDS-106799,Sub-task,DEV - Hỗ trợ SIT,Done,2026-06-08,2026-06-19
SUBTASK,SMEDS-106759,Nâng cấp luồng bổ sung hồ sơ trên Onboarding BIZ (GTTT của Người giao dịch/Kế toán viên),,Cải tiến,,2026-06-09,,2026-06-18,2026-06-04,2026-08-05,,SMEDS-106773,Story,US1: Nâng cấp luồng bổ sung hồ sơ định danh - GTTT của người giao dịch/KTT,Released,SMEDS-106774,BA,Phân tích yêu cầu,Done,,
SUBTASK,SMEDS-106759,Nâng cấp luồng bổ sung hồ sơ trên Onboarding BIZ (GTTT của Người giao dịch/Kế toán viên),,Cải tiến,,2026-06-09,,2026-06-18,2026-06-04,2026-08-05,,SMEDS-106773,Story,US1: Nâng cấp luồng bổ sung hồ sơ định danh - GTTT của người giao dịch/KTT,Released,SMEDS-106800,KSTĐ,Checklist kiểm soát tác động_Nâng cấp luồng bổ sung hồ sơ định danh,Done,,
SUBTASK,SMEDS-106759,Nâng cấp luồng bổ sung hồ sơ trên Onboarding BIZ (GTTT của Người giao dịch/Kế toán viên),,Cải tiến,,2026-06-09,,2026-06-18,2026-06-04,2026-08-05,,SMEDS-106773,Story,US1: Nâng cấp luồng bổ sung hồ sơ định danh - GTTT của người giao dịch/KTT,Released,SMEDS-106801,Design,[CREATE TC] Nâng cấp luồng bổ sung hồ sơ định danh,Done,2026-06-03,2026-06-04
SUBTASK,SMEDS-106759,Nâng cấp luồng bổ sung hồ sơ trên Onboarding BIZ (GTTT của Người giao dịch/Kế toán viên),,Cải tiến,,2026-06-09,,2026-06-18,2026-06-04,2026-08-05,,SMEDS-106773,Story,US1: Nâng cấp luồng bổ sung hồ sơ định danh - GTTT của người giao dịch/KTT,Released,SMEDS-106803,DEV,"App - Sửa giao diện Nâng cấp bổ sung hồ sơ, Người giao dịch",Done,,
SUBTASK,SMEDS-106759,Nâng cấp luồng bổ sung hồ sơ trên Onboarding BIZ (GTTT của Người giao dịch/Kế toán viên),,Cải tiến,,2026-06-09,,2026-06-18,2026-06-04,2026-08-05,,SMEDS-106773,Story,US1: Nâng cấp luồng bổ sung hồ sơ định danh - GTTT của người giao dịch/KTT,Released,SMEDS-106804,DEV,App - Ghép Api Người giao dịch,Done,,
SUBTASK,SMEDS-106759,Nâng cấp luồng bổ sung hồ sơ trên Onboarding BIZ (GTTT của Người giao dịch/Kế toán viên),,Cải tiến,,2026-06-09,,2026-06-18,2026-06-04,2026-08-05,,SMEDS-106773,Story,US1: Nâng cấp luồng bổ sung hồ sơ định danh - GTTT của người giao dịch/KTT,Released,SMEDS-106805,Sub-task,Hỗ trợ SIT,Done,,
SUBTASK,SMEDS-106759,Nâng cấp luồng bổ sung hồ sơ trên Onboarding BIZ (GTTT của Người giao dịch/Kế toán viên),,Cải tiến,,2026-06-09,,2026-06-18,2026-06-04,2026-08-05,,SMEDS-106773,Story,US1: Nâng cấp luồng bổ sung hồ sơ định danh - GTTT của người giao dịch/KTT,Released,SMEDS-106827,Sub-task,TKCT chỉnh sửa template hợp đồng fill thông tin Người giao dịch và đẩy file GTTT,Done,2026-06-01,2026-06-12
SUBTASK,SMEDS-106759,Nâng cấp luồng bổ sung hồ sơ trên Onboarding BIZ (GTTT của Người giao dịch/Kế toán viên),,Cải tiến,,2026-06-09,,2026-06-18,2026-06-04,2026-08-05,,SMEDS-106773,Story,US1: Nâng cấp luồng bổ sung hồ sơ định danh - GTTT của người giao dịch/KTT,Released,SMEDS-106828,Sub-task,Implement bổ sung người giao dịch,Done,,
SUBTASK,SMEDS-106759,Nâng cấp luồng bổ sung hồ sơ trên Onboarding BIZ (GTTT của Người giao dịch/Kế toán viên),,Cải tiến,,2026-06-09,,2026-06-18,2026-06-04,2026-08-05,,SMEDS-106773,Story,US1: Nâng cấp luồng bổ sung hồ sơ định danh - GTTT của người giao dịch/KTT,Released,SMEDS-106829,DEV,Đẩy thông tin Người giao dịch lên T24 khi định danh và fill hợp đồng,Done,2026-06-01,2026-06-12
SUBTASK,SMEDS-106759,Nâng cấp luồng bổ sung hồ sơ trên Onboarding BIZ (GTTT của Người giao dịch/Kế toán viên),,Cải tiến,,2026-06-09,,2026-06-18,2026-06-04,2026-08-05,,SMEDS-106773,Story,US1: Nâng cấp luồng bổ sung hồ sơ định danh - GTTT của người giao dịch/KTT,Released,SMEDS-106830,Sub-task,Hỗ trợ SIT,Done,,
SUBTASK,SMEDS-106759,Nâng cấp luồng bổ sung hồ sơ trên Onboarding BIZ (GTTT của Người giao dịch/Kế toán viên),,Cải tiến,,2026-06-09,,2026-06-18,2026-06-04,2026-08-05,,SMEDS-106773,Story,US1: Nâng cấp luồng bổ sung hồ sơ định danh - GTTT của người giao dịch/KTT,Released,SMEDS-106831,DEV,Đẩy file GTTT người giao dịch lên ECM,Done,2026-06-05,2026-06-12
SUBTASK,SMEDS-106759,Nâng cấp luồng bổ sung hồ sơ trên Onboarding BIZ (GTTT của Người giao dịch/Kế toán viên),,Cải tiến,,2026-06-09,,2026-06-18,2026-06-04,2026-08-05,,SMEDS-106773,Story,US1: Nâng cấp luồng bổ sung hồ sơ định danh - GTTT của người giao dịch/KTT,Released,SMEDS-106832,DEV,Unit test luồng người giao dịch định danh lv3,Done,2026-06-08,2026-06-12
SUBTASK,SMEDS-106759,Nâng cấp luồng bổ sung hồ sơ trên Onboarding BIZ (GTTT của Người giao dịch/Kế toán viên),,Cải tiến,,2026-06-09,,2026-06-18,2026-06-04,2026-08-05,,SMEDS-106773,Story,US1: Nâng cấp luồng bổ sung hồ sơ định danh - GTTT của người giao dịch/KTT,Released,SMEDS-106833,DEV,Cải tiến luồng sinh trắc học so khớp số GTTT với loại cũ CMND,Done,2026-06-08,2026-06-12
SUBTASK,SMEDS-106759,Nâng cấp luồng bổ sung hồ sơ trên Onboarding BIZ (GTTT của Người giao dịch/Kế toán viên),,Cải tiến,,2026-06-09,,2026-06-18,2026-06-04,2026-08-05,,SMEDS-106773,Story,US1: Nâng cấp luồng bổ sung hồ sơ định danh - GTTT của người giao dịch/KTT,Released,SMEDS-106834,Sub-task,Hỗ trợ SIT luồng người giao dịch và chỉnh sửa sinh trắc học,Done,2026-06-08,2026-06-12
SUBTASK,SMEDS-106759,Nâng cấp luồng bổ sung hồ sơ trên Onboarding BIZ (GTTT của Người giao dịch/Kế toán viên),,Cải tiến,,2026-06-09,,2026-06-18,2026-06-04,2026-08-05,,SMEDS-106773,Story,US1: Nâng cấp luồng bổ sung hồ sơ định danh - GTTT của người giao dịch/KTT,Released,SMEDS-106840,Sub Test Execution,[SIT] Bổ sung thông tin Người giao dịch cho luồng định danh siêu nhỏ 2 USER,Done,2026-06-12,2026-06-15
STORY,SMEDS-106878,Gắn nguồn thanh toán là thẻ cho các tính năng thanh toán hóa đơn trên BIZ,,Cải tiến,,2026-06-16,,2026-07-06,2026-06-16,2026-08-12,Daily2.0,SMEDS-106883,Story,US01. Tạo giao dịch thanh toán hóa đơn thường với nguồn thanh toán thẻ,Released,,,,,,
STORY,SMEDS-106878,Gắn nguồn thanh toán là thẻ cho các tính năng thanh toán hóa đơn trên BIZ,,Cải tiến,,2026-06-16,,2026-07-06,2026-06-16,2026-08-12,Daily2.0,SMEDS-106884,Story,US02. Duyệt giao dịch thanh toán hóa đơn thường với nguồn thanh toán thẻ,Released,,,,,,
STORY,SMEDS-106878,Gắn nguồn thanh toán là thẻ cho các tính năng thanh toán hóa đơn trên BIZ,,Cải tiến,,2026-06-16,,2026-07-06,2026-06-16,2026-08-12,Daily2.0,SMEDS-106885,Story,US03. Tạo giao dịch thanh toán hóa đơn tự động với nguồn thanh toán thẻ,Released,,,,,,
STORY,SMEDS-106878,Gắn nguồn thanh toán là thẻ cho các tính năng thanh toán hóa đơn trên BIZ,,Cải tiến,,2026-06-16,,2026-07-06,2026-06-16,2026-08-12,Daily2.0,SMEDS-106886,Story,US04. Duyệt giao dịch thanh toán hóa đơn tự động với nguồn thanh toán thẻ,Released,,,,,,
STORY,SMEDS-106929,Thay đổi 1 số nội dung trong văn kiện CDs & Thay đổi giá trị giao dịch mua CDs tối thiểu,,Cải tiến,2026-06-17,,,2026-06-25,2026-06-17,2026-08-11,Daily2.0,MS-91796,Story,[US03] - Thay đổi template HĐ CCTG - MS Document,Released,,,,,,
STORY,SMEDS-106929,Thay đổi 1 số nội dung trong văn kiện CDs & Thay đổi giá trị giao dịch mua CDs tối thiểu,,Cải tiến,2026-06-17,,,2026-06-25,2026-06-17,2026-08-11,Daily2.0,NHLK-8484,Story,[US04] - Thay đổi template HĐ CCTG - MS lưu ký,Released,,,,,,
STORY,SMEDS-106929,Thay đổi 1 số nội dung trong văn kiện CDs & Thay đổi giá trị giao dịch mua CDs tối thiểu,,Cải tiến,2026-06-17,,,2026-06-25,2026-06-17,2026-08-11,Daily2.0,SMEDS-106930,Story,[US01] Config số tiền min mua CCTG,Released,,,,,,
STORY,SMEDS-106929,Thay đổi 1 số nội dung trong văn kiện CDs & Thay đổi giá trị giao dịch mua CDs tối thiểu,,Cải tiến,2026-06-17,,,2026-06-25,2026-06-17,2026-08-11,Daily2.0,SMEDS-106931,Story,[US02] Thay đổi template hợp đồng CCTG,Released,,,,,,
STORY,SMEDS-106979,Đẩy hồ sơ Onboarding lên ECM portal,,Cải tiến,,2026-06-22,2026-06-30,2026-06-30,2026-06-22,2026-08-14,OBBiz2.0,SMEDS-106983,Story,US1_Quy hoạch bộ danh mục hồ sơ KHDN + Chỉnh sửa luồng lưu hồ sơ Onboard Biz + Khai thác hồ sơ OB BIZ trên ECM Portal,Released,,,,,,
STORY,SMEDS-106979,Đẩy hồ sơ Onboarding lên ECM portal,,Cải tiến,,2026-06-22,2026-06-30,2026-06-30,2026-06-22,2026-08-14,OBBiz2.0,SMEDS-107004,Story,US4_Cập nhật luồng đẩy thông tin ký số CA CLOUD INTRUST,Released,,,,,,
STORY,SMEDS-106995,Test,,Cải tiến,,,,,2026-06-23,2026-06-26,,SMEDS-106997,Story,US1,To Do,,,,,,
STORY,SMEDS-106995,Test,,Cải tiến,,,,,2026-06-23,2026-06-26,,SMEDS-107113,Story,US2,To Do,,,,,,
STORY,SMEDS-107002,"Đẩy hồ sơ Onboarding lên ECM portal_US2,3",,Cải tiến,,2026-06-22,2026-07-02,2026-07-02,2026-06-23,2026-08-14,OBBiz2.0,ECM-19031,Story,Chuyển đổi dịch vụ BIZ Onboarding & khai thác ECM Portal,Released,,,,,,
STORY,SMEDS-107002,"Đẩy hồ sơ Onboarding lên ECM portal_US2,3",,Cải tiến,,2026-06-22,2026-07-02,2026-07-02,2026-06-23,2026-08-14,OBBiz2.0,SMEDS-107006,Story,US2_Migrate dữ liệu hồ sơ KH đã onboard trên BIZ sang ECM Portal,Released,,,,,,
STORY,SMEDS-107002,"Đẩy hồ sơ Onboarding lên ECM portal_US2,3",,Cải tiến,,2026-06-22,2026-07-02,2026-07-02,2026-06-23,2026-08-14,OBBiz2.0,SMEDS-107007,Story,US3_Gửi email remind KH và RM trong trường hợp KH chưa bổ sung hồ sơ định danh LV3,Released,,,,,,
STORY,SMEDS-107012,CẢI TIẾN LƯU HỒ SƠ PH THẺ SME HYBRID TRÊN ECM POTAL,,Cải tiến,2026-06-23,2026-06-23,,2026-07-07,2026-06-23,2026-08-05,Daily2.0,SMEDS-107016,Story,Cải tiến màn hình hiển thị trên ECM Portal,Released,,,,,,
STORY,SMEDS-107012,CẢI TIẾN LƯU HỒ SƠ PH THẺ SME HYBRID TRÊN ECM POTAL,,Cải tiến,2026-06-23,2026-06-23,,2026-07-07,2026-06-23,2026-08-05,Daily2.0,SMEDS-107017,Story,Cải tiến luồng phát hành thẻ SME Hybrid,Released,,,,,,
STORY,SMEDS-107012,CẢI TIẾN LƯU HỒ SƠ PH THẺ SME HYBRID TRÊN ECM POTAL,,Cải tiến,2026-06-23,2026-06-23,,2026-07-07,2026-06-23,2026-08-05,Daily2.0,SMEDS-107019,Story,Cải tiến luồng thiết lập mã PIN,Released,,,,,,
STORY,SMEDS-107035,Tích hợp PMP với các dịch vụ thanh toán hóa đơn,,Cải tiến,,,,,2026-06-24,2026-08-03,Daily2.0,SMEDS-107036,Story,US1. Tích hợp PMP với các dịch vụ thanh toán hóa đơn,Released,,,,,,
STORY,SMEDS-107045,TÍCH HỢP INSIDER CHO BIZ - TRIỂN KHAI JN SẢN PHẨM THẺ BIZ (BIZ 2.0),,Tính năng mới,,2026-07-20,2026-08-04,2026-08-04,2026-06-24,2026-08-14,OBBiz2.0,SMEDS-107061,Story,US1: Tích hợp SDK insider cho web/app BIZ 2.0,Released,,,,,,
STORY,SMEDS-107045,TÍCH HỢP INSIDER CHO BIZ - TRIỂN KHAI JN SẢN PHẨM THẺ BIZ (BIZ 2.0),,Tính năng mới,,2026-07-20,2026-08-04,2026-08-04,2026-06-24,2026-08-14,OBBiz2.0,SMEDS-107135,Story,US2: Tích hợp event/attribute cho CJ Thẻ,Released,,,,,,
STORY,SMEDS-107161,EPIC_20042026_Chỉnh sửa luồng CA Cloud common_phase 2,,Cải tiến,,2026-07-10,2026-07-29,2026-07-28,2026-07-01,2026-08-05,OBBiz2.0,ECM-20455,Story,Cung cấp dịch vụ tìm kiếm hồ sơ ECM Portal cho luồng tận dụng BIZ Onboarding,Released,,,,,,
STORY,SMEDS-107161,EPIC_20042026_Chỉnh sửa luồng CA Cloud common_phase 2,,Cải tiến,,2026-07-10,2026-07-29,2026-07-28,2026-07-01,2026-08-05,OBBiz2.0,SMEDS-107162,Story,US2: Bổ sung lựa chọn phương thức gửi OTP khi KH đăng ký/ Thêm mới thiết bị,Released,,,,,,
STORY,SMEDS-107161,EPIC_20042026_Chỉnh sửa luồng CA Cloud common_phase 2,,Cải tiến,,2026-07-10,2026-07-29,2026-07-28,2026-07-01,2026-08-05,OBBiz2.0,SMEDS-107180,Story,US3: Tận dụng hồ sơ KH tại ECM khi đăng ký CA CLOUD,Released,,,,,,
STORY,SMEDS-107198,Bổ sung thông tin người đại diện theo pháp luật trong file thỏa thuận tiền gửi của các sản phẩm tiền gửi,,Cải tiến,,,2026-07-16,2026-07-14,2026-07-06,2026-08-05,Daily2.0,SMEDS-107202,Story,US_Bổ sung thông tin người đại diện theo pháp luật trong file thỏa thuận tiền gửi của các sản phẩm tiền gửi,Released,,,,,,
STORY,SMEDS-107222,"BỔ SUNG LOGIC NHẬP TÊN NGƯỜI PHÁT HÀNH THẺ; THAY ĐỔI FILE ĐKĐK, HỢP ĐỒNG PHT",,Cải tiến,2026-07-09,2026-07-08,2026-07-23,2026-07-22,2026-07-08,2026-08-05,Daily2.0,SMEDS-107225,Story,Thay đổi logic rút gọn tên chủ thẻ và tên doanh nghiệp,Released,,,,,,
STORY,SMEDS-107222,"BỔ SUNG LOGIC NHẬP TÊN NGƯỜI PHÁT HÀNH THẺ; THAY ĐỔI FILE ĐKĐK, HỢP ĐỒNG PHT",,Cải tiến,2026-07-09,2026-07-08,2026-07-23,2026-07-22,2026-07-08,2026-08-05,Daily2.0,SMEDS-107226,Story,Thay đổi template file hợp đồng phát hành + file Điều kiện điều khoản,Released,,,,,,
STORY,SMEDS-107232,Phát triển tính năng mới - Tải chứng từ CDs,,Tính năng mới,,2026-07-09,2026-07-30,2026-07-28,2026-07-08,2026-08-05,Daily2.0,SMEDS-107233,Story,[US01] Truy vấn và xem danh sách hợp đồng,Released,,,,,,
STORY,SMEDS-107232,Phát triển tính năng mới - Tải chứng từ CDs,,Tính năng mới,,2026-07-09,2026-07-30,2026-07-28,2026-07-08,2026-08-05,Daily2.0,SMEDS-107234,Story,[US02] Tải file CCTG,Released,,,,,,
STORY,SMEDS-107232,Phát triển tính năng mới - Tải chứng từ CDs,,Tính năng mới,,2026-07-09,2026-07-30,2026-07-28,2026-07-08,2026-08-05,Daily2.0,SMEDS-107235,Story,[US03] Sửa api UpdateDocID ,Released,,,,,,
STORY,SMEDS-107236,Phát triển nguồn thanh toán bằng thẻ cho các dịch vụ thanh toán hóa đơn và quản lý trạng thái giao dịch từ nguồn thẻ,,Cải tiến,,2026-07-13,2026-07-30,2026-07-29,2026-07-08,2026-08-11,Daily2.0,SMEDS-107252,Story,US1. Phát triển nguồn thanh toán bằng thẻ cho các dịch vụ thanh toán hóa đơn,Released,,,,,,
STORY,SMEDS-107236,Phát triển nguồn thanh toán bằng thẻ cho các dịch vụ thanh toán hóa đơn và quản lý trạng thái giao dịch từ nguồn thẻ,,Cải tiến,,2026-07-13,2026-07-30,2026-07-29,2026-07-08,2026-08-11,Daily2.0,SMEDS-107253,Story,US2. Phát triển nguồn thanh toán bằng thẻ cho tính năng quản lý trạng thái ,Released,,,,,,
EPIC,SMEDS-107327,Fix lỗi DevSecOps luồng BIZ OB,In Progress,Cải tiến,,,2026-07-14,2026-07-14,2026-07-16,2026-08-05,OBBiz2.0,,,,,,,,,,
STORY,SMEDS-107338,Bổ sung thêm logic và nội dung hạch toán của chi Bankhub,,Cải tiến,,2026-07-29,2026-08-13,2026-08-11,2026-07-17,2026-08-14,Daily2.0,SMEDS-107339,Story,US: Truyền thêm thông tin lúc hạch toán_bankhub,Released,,,,,,
STORY,SMEDS-107348,Mở tài khoản ngoại tệ trên luồng Onboarding BIZ,,Tính năng mới,,2026-07-21,2026-08-11,2026-08-10,2026-07-20,2026-08-14,OBBiz2.0,SMEDS-107355,Story,US1: Mở code level 1_Chỉnh sửa luồng đăng ký tài khoản số đẹp VND,Released,,,,,,
STORY,SMEDS-107348,Mở tài khoản ngoại tệ trên luồng Onboarding BIZ,,Tính năng mới,,2026-07-21,2026-08-11,2026-08-10,2026-07-20,2026-08-14,OBBiz2.0,SMEDS-107356,Story,US2: Mở code level 1_Đăng ký tài khoản số đẹp ngoại tệ,Released,,,,,,
STORY,SMEDS-107348,Mở tài khoản ngoại tệ trên luồng Onboarding BIZ,,Tính năng mới,,2026-07-21,2026-08-11,2026-08-10,2026-07-20,2026-08-14,OBBiz2.0,SMEDS-107357,Story,US3: Định danh level 3_Luồng chọn lại tài khoản số đẹp,Released,,,,,,
STORY,SMEDS-107348,Mở tài khoản ngoại tệ trên luồng Onboarding BIZ,,Tính năng mới,,2026-07-21,2026-08-11,2026-08-10,2026-07-20,2026-08-14,OBBiz2.0,SMEDS-107358,Story,US4: Định danh level 3_ Chỉnh sửa module Ký hợp đồng mở tài khoản,Released,,,,,,
STORY,SMEDS-107348,Mở tài khoản ngoại tệ trên luồng Onboarding BIZ,,Tính năng mới,,2026-07-21,2026-08-11,2026-08-10,2026-07-20,2026-08-14,OBBiz2.0,SMEDS-107395,Story,US 1: Chỉnh sửa luồng ký HSM + CA CLOUD trên luồng onboarding.,Released,,,,,,
EPIC,SMEDS-107394,Chỉnh sửa luồng ký HSM + CA CLOUD trên luồng onboarding.,In Progress,Cải tiến,,2026-07-21,,,2026-07-22,2026-07-29,,,,,,,,,,,
STORY,SMEDS-107397,"CHUYỂN VỊ TRÍ MODULE THẺ + TINH CHỈNH MÀN CHI TIẾT THẺ, LUỒNG PHÁT HÀNH THẺ ",,Cải tiến,,2026-07-23,2026-08-05,2026-08-04,2026-07-22,2026-08-06,Daily2.0,SMEDS-107403,Story,Đưa tính năng thẻ ra ngoài Navbar và tinh chỉnh màn chi tiết thẻ,Released,,,,,,
STORY,SMEDS-107397,"CHUYỂN VỊ TRÍ MODULE THẺ + TINH CHỈNH MÀN CHI TIẾT THẺ, LUỒNG PHÁT HÀNH THẺ ",,Cải tiến,,2026-07-23,2026-08-05,2026-08-04,2026-07-22,2026-08-06,Daily2.0,SMEDS-107404,Story,Bổ sung logic check thời hạn thị thực đối với khách hàng dùng hộ chiếu để thực hiện phát hành thẻ,Released,,,,,,
STORY,SMEDS-107405,Sửa đổi các trường thông tin trên văn kiện CDs,,Cải tiến,,2026-07-27,2026-08-07,2026-08-04,2026-07-23,2026-08-10,Daily2.0,SMEDS-107409,Story,[US01] Sửa đổi logic mapping các trường thông tin trên hợp đồng CCTG,Released,,,,,,
STORY,SMEDS-107484,EPIC_Sửa đổi các trường thông tin trên hợp đồng tiền gửi,,Cải tiến,,2026-07-31,2026-08-12,2026-08-11,2026-07-28,2026-08-14,Daily2.0,SMEDS-107485,Story,US_Sửa đổi các trường thông tin trên hợp đồng tiền gửi,Released,,,,,,
STORY,SMEDS-107499,360 Doanh nghiệp (Phase 2),,Tính năng mới,,2026-07-30,,,2026-07-29,2026-08-11,"Daily2.0, OBBiz2.0",ECM-20598,Story,Cung cấp dịch vụ BIZ 360,IN UAT,,,,,,
STORY,SMEDS-107499,360 Doanh nghiệp (Phase 2),,Tính năng mới,,2026-07-30,,,2026-07-29,2026-08-11,"Daily2.0, OBBiz2.0",SMEDS-107517,Story,US1. Hồ sơ pháp lý,IN UAT,,,,,,
STORY,SMEDS-107499,360 Doanh nghiệp (Phase 2),,Tính năng mới,,2026-07-30,,,2026-07-29,2026-08-11,"Daily2.0, OBBiz2.0",SMEDS-107518,Story,US2. Thành viên trong công ty,IN UAT,,,,,,
STORY,SMEDS-107528,Đăng nhập nhanh bằng tài khoản đã lưu (Web),,Tính năng mới,,2026-08-05,2026-08-21,,2026-07-30,2026-08-14,Daily2.0,SMEDS-107551,Story,Đăng nhập nhanh bằng tài khoản đã lưu trên WEB,IN SIT,,,,,,
EPIC,SMEDS-107581,BIZ FE: Thay đổi thứ tự check STK vs Thẻ trong tính năng chuyển tiền tới STK,In Progress,Cải tiến,,2026-08-03,2026-08-31,2026-08-31,2026-08-03,2026-08-05,Daily2.0,,,,,,,,,,
STORY,SMEDS-107602,Tích hợp PMP cho tính năng Nạp tiền đại lý vé máy bay,,Cải tiến,,,,,2026-08-06,2026-08-11,,SMEDS-107603,Story,Tích hợp PMP cho tính năng Nạp tiền đại lý vé máy bay,Ready For Dev,,,,,,
STORY,SMEDS-107607,BỔ SUNG KÝ SỐ TẬP TRUNG HỢP ĐỒNG PHÁT HÀNH THẺ KHDN,,Cải tiến,,,2026-08-27,,2026-08-06,2026-08-14,Daily2.0,MS-94935,Story,[MS loan common] Cải tiến logic Chức năng quản lý user ký số,DEVELOPING,,,,,,
STORY,SMEDS-107607,BỔ SUNG KÝ SỐ TẬP TRUNG HỢP ĐỒNG PHÁT HÀNH THẺ KHDN,,Cải tiến,,,2026-08-27,,2026-08-06,2026-08-14,Daily2.0,SBU-132260,Story,[BPM] Bổ sung cấu hình sản phẩm Thẻ trên màn hình khai báo user ký,IN UAT,,,,,,
STORY,SMEDS-107607,BỔ SUNG KÝ SỐ TẬP TRUNG HỢP ĐỒNG PHÁT HÀNH THẺ KHDN,,Cải tiến,,,2026-08-27,,2026-08-06,2026-08-14,Daily2.0,SMEDS-107651,Story,Bổ sung luồng ký số MB trên hợp đồng phát hành thẻ Hybrid Biz,IN DEV,,,,,,
STORY,SMEDS-107614,Cải tiến check thông tin doanh nghiệp và điều hướng mở tài khoản,,Cải tiến,,2026-08-12,2026-08-13,2026-08-13,2026-08-07,2026-08-14,OBBiz2.0,SMEDS-107632,Story,US_Cải tiến check trạng thái doanh nghiệp từ Thuế + Xử lý dừng luồng KH nếu thông tin doanh nghiệp trên web bố cáo không hợp lệ ,Released,,,,,,
STORY,SMEDS-107689,"Bổ sung thông tin hạch toán phục vụ thanh toán Tích hợp DV Điện, Nước qua TGTT Vinatti",,Cải tiến,,,,,2026-08-12,2026-08-12,Daily2.0,SMEDS-107690,Story,"Bổ sung thông tin hạch toán phục vụ thanh toán Tích hợp DV Điện, Nước qua TGTT Vinatti",To Do,,,,,,
STORY,SMEDS-107712,360 Doanh nghiệp (Phase 2.2.1 Hồ sơ tín dụng),,Sản phẩm,,,,,2026-08-13,2026-08-14,"Daily2.0, OBBiz2.0",SMEDS-107727,Story,Triển khai tính năng Hồ sơ tín dụng ,Analyzing,,,,,,
STORY,SMEDS-107713,360 Doanh nghiệp (Phase 2.2.2 Hồ sơ tài chính),,Sản phẩm,,,,,2026-08-13,2026-08-14,"Daily2.0, OBBiz2.0",SMEDS-107729,Story,Triển khai tính năng Hồ sơ tài chính,Analyzing,,,,,,
STORY,TCTHTW-46478,Nâng cấp Way 4 2026 ,,Cải tiến,,,2026-11-26,,2026-06-08,2026-07-09,Cải tiến,TCTHTW-48533,Story,Kế hoạch nâng cấp way4 2026,To Do,,,,,,
STORY,TCTHTW-46478,Nâng cấp Way 4 2026 ,,Cải tiến,,,2026-11-26,,2026-06-08,2026-07-09,Cải tiến,TCTHTW-48534,Story,Luồng giao dịch thẻ,To Do,,,,,,
SUBTASK,TCTHTW-46478,Nâng cấp Way 4 2026 ,,Cải tiến,,,2026-11-26,,2026-06-08,2026-07-09,Cải tiến,TCTHTW-50603,Story,Giao dịch và hạch toán thẻ,IN SIT,TCTHTW-44210,Review,[REVIEW][TC_SIT] Review TCs Nâng cấp Way4 V62 phần giao dịch đặc biệt,Done,2026-05-19,2026-05-20
SUBTASK,TCTHTW-46478,Nâng cấp Way 4 2026 ,,Cải tiến,,,2026-11-26,,2026-06-08,2026-07-09,Cải tiến,TCTHTW-50603,Story,Giao dịch và hạch toán thẻ,IN SIT,TCTHTW-44222,Review,[REVIEW][TC_SIT] Reviews TCs Giao dịch thẻ active,Done,2026-05-18,2026-05-22
SUBTASK,TCTHTW-46478,Nâng cấp Way 4 2026 ,,Cải tiến,,,2026-11-26,,2026-06-08,2026-07-09,Cải tiến,TCTHTW-50603,Story,Giao dịch và hạch toán thẻ,IN SIT,TCTHTW-44223,Review,[REVIEW][TC_SIT] Review TCs GD chiều ACQ,Done,2026-05-19,2026-05-22
SUBTASK,TCTHTW-46478,Nâng cấp Way 4 2026 ,,Cải tiến,,,2026-11-26,,2026-06-08,2026-07-09,Cải tiến,TCTHTW-50603,Story,Giao dịch và hạch toán thẻ,IN SIT,TCTHTW-44225,Review,[REVIEW][TC_SIT] Reviews TCs GD + usage thẻ sub,Done,2026-05-19,2026-05-22
SUBTASK,TCTHTW-46478,Nâng cấp Way 4 2026 ,,Cải tiến,,,2026-11-26,,2026-06-08,2026-07-09,Cải tiến,TCTHTW-50603,Story,Giao dịch và hạch toán thẻ,IN SIT,TCTHTW-44333,Review,[REVIEW][TC_SIT] TCs hạch toán phí phát sinh core card,Done,2026-05-21,2026-05-22
SUBTASK,TCTHTW-46478,Nâng cấp Way 4 2026 ,,Cải tiến,,,2026-11-26,,2026-06-08,2026-07-09,Cải tiến,TCTHTW-50603,Story,Giao dịch và hạch toán thẻ,IN SIT,TCTHTW-44911,Support,[SUPPORT] Hỗ trợ DEV bắn GD POS retail onus thông luồng v62,Done,2026-05-26,2026-05-27
SUBTASK,TCTHTW-46478,Nâng cấp Way 4 2026 ,,Cải tiến,,,2026-11-26,,2026-06-08,2026-07-09,Cải tiến,TCTHTW-50603,Story,Giao dịch và hạch toán thẻ,IN SIT,TCTHTW-44945,Design,"Viết TCs phần GD của 3 thẻ Visa, JCB, Master",Done,2026-05-28,2026-05-29
SUBTASK,TCTHTW-46478,Nâng cấp Way 4 2026 ,,Cải tiến,,,2026-11-26,,2026-06-08,2026-07-09,Cải tiến,TCTHTW-50603,Story,Giao dịch và hạch toán thẻ,IN SIT,TCTHTW-44946,Review,[REVIEW][TC_SIT] Review TCs phần GD nâng cấp,Done,2026-05-28,2026-05-29
SUBTASK,TCTHTW-46478,Nâng cấp Way 4 2026 ,,Cải tiến,,,2026-11-26,,2026-06-08,2026-07-09,Cải tiến,TCTHTW-50603,Story,Giao dịch và hạch toán thẻ,IN SIT,TCTHTW-44966,Support,[SUPPORT] Hỗ trợ bắn GD ATM onus thông luồng nâng cấp V62 cho dev,Done,2026-05-29,2026-06-01
SUBTASK,TCTHTW-46478,Nâng cấp Way 4 2026 ,,Cải tiến,,,2026-11-26,,2026-06-08,2026-07-09,Cải tiến,TCTHTW-50603,Story,Giao dịch và hạch toán thẻ,IN SIT,TCTHTW-45288,Design,Viết TCs GD thẻ SME,Done,2026-06-01,2026-06-02
SUBTASK,TCTHTW-46478,Nâng cấp Way 4 2026 ,,Cải tiến,,,2026-11-26,,2026-06-08,2026-07-09,Cải tiến,TCTHTW-50603,Story,Giao dịch và hạch toán thẻ,IN SIT,TCTHTW-45639,Sub Test Execution,[SIT] SIT giao dịch thẻ Visa hybrid,Done,2026-06-02,2026-06-12
SUBTASK,TCTHTW-46478,Nâng cấp Way 4 2026 ,,Cải tiến,,,2026-11-26,,2026-06-08,2026-07-09,Cải tiến,TCTHTW-50603,Story,Giao dịch và hạch toán thẻ,IN SIT,TCTHTW-46389,Support,"[SUPPORT] Hỗ trợ bắn GD JCB token, GD adjustment",Done,2026-06-03,2026-06-04
SUBTASK,TCTHTW-46478,Nâng cấp Way 4 2026 ,,Cải tiến,,,2026-11-26,,2026-06-08,2026-07-09,Cải tiến,TCTHTW-50603,Story,Giao dịch và hạch toán thẻ,IN SIT,TCTHTW-46400,Support,"[SUPPORT] bắn thông luồng giao dịch token, thông luồng trả góp",Done,2026-06-01,2026-06-08
SUBTASK,TCTHTW-46478,Nâng cấp Way 4 2026 ,,Cải tiến,,,2026-11-26,,2026-06-08,2026-07-09,Cải tiến,TCTHTW-50603,Story,Giao dịch và hạch toán thẻ,IN SIT,TCTHTW-46473,Sub Test Execution,[SIT][AUTO] SIT giao dịch thẻ Visa hybrid,Done,2026-06-09,2026-06-15
SUBTASK,TCTHTW-46478,Nâng cấp Way 4 2026 ,,Cải tiến,,,2026-11-26,,2026-06-08,2026-07-09,Cải tiến,TCTHTW-50603,Story,Giao dịch và hạch toán thẻ,IN SIT,TCTHTW-46608,Sub Test Execution,[SIT] SIT giao dịch thẻ JCB hybrid,Done,2026-06-10,2026-06-17
SUBTASK,TCTHTW-46478,Nâng cấp Way 4 2026 ,,Cải tiến,,,2026-11-26,,2026-06-08,2026-07-09,Cải tiến,TCTHTW-50659,Story,Các tính năng trên CP,SIT DONE,TCTHTW-43813,Design,Viết test case Cập nhật thông tin Kh sau PH,Done,2026-05-13,2026-05-14
SUBTASK,TCTHTW-46478,Nâng cấp Way 4 2026 ,,Cải tiến,,,2026-11-26,,2026-06-08,2026-07-09,Cải tiến,TCTHTW-50659,Story,Các tính năng trên CP,SIT DONE,TCTHTW-43814,Design,Viết test case Cập nhật thông tin SĐT/email,Done,2026-05-14,2026-05-15
SUBTASK,TCTHTW-46478,Nâng cấp Way 4 2026 ,,Cải tiến,,,2026-11-26,,2026-06-08,2026-07-09,Cải tiến,TCTHTW-50659,Story,Các tính năng trên CP,SIT DONE,TCTHTW-43816,Design,Viết TCs mở khóa thẻ tạm thời,Done,2026-05-14,2026-05-18
SUBTASK,TCTHTW-46478,Nâng cấp Way 4 2026 ,,Cải tiến,,,2026-11-26,,2026-06-08,2026-07-09,Cải tiến,TCTHTW-50659,Story,Các tính năng trên CP,SIT DONE,TCTHTW-43817,Design,Viết TCs đóng mở tính năng chi tiêu internet của thẻ,Done,2026-05-14,2026-05-18
SUBTASK,TCTHTW-46478,Nâng cấp Way 4 2026 ,,Cải tiến,,,2026-11-26,,2026-06-08,2026-07-09,Cải tiến,TCTHTW-50659,Story,Các tính năng trên CP,SIT DONE,TCTHTW-44169,Design,Viết test case đóng mở chi tiêu nước ngoài,Done,,2026-05-18
SUBTASK,TCTHTW-46478,Nâng cấp Way 4 2026 ,,Cải tiến,,,2026-11-26,,2026-06-08,2026-07-09,Cải tiến,TCTHTW-50659,Story,Các tính năng trên CP,SIT DONE,TCTHTW-44172,Design,Viết TCs cập nhật số lần cho phép sai OTP 3DS,Done,2026-05-18,2026-05-18
SUBTASK,TCTHTW-46478,Nâng cấp Way 4 2026 ,,Cải tiến,,,2026-11-26,,2026-06-08,2026-07-09,Cải tiến,TCTHTW-50659,Story,Các tính năng trên CP,SIT DONE,TCTHTW-44509,Review,"[REVIEW][TC_SIT] review TC Phát hành lại, gia hạn, cập nhật thông tin KH",Done,,2026-05-26
SUBTASK,TCTHTW-46478,Nâng cấp Way 4 2026 ,,Cải tiến,,,2026-11-26,,2026-06-08,2026-07-09,Cải tiến,TCTHTW-50659,Story,Các tính năng trên CP,SIT DONE,TCTHTW-44510,Design,Viết test case Thay đổi hạn mức giao dịch,Done,,2026-05-26
SUBTASK,TCTHTW-46478,Nâng cấp Way 4 2026 ,,Cải tiến,,,2026-11-26,,2026-06-08,2026-07-09,Cải tiến,TCTHTW-50659,Story,Các tính năng trên CP,SIT DONE,TCTHTW-45039,Review,[REVIEW][TC_SIT] Menu yêu cầu trợ giúp trên CP,Done,,2026-06-01
SUBTASK,TCTHTW-46478,Nâng cấp Way 4 2026 ,,Cải tiến,,,2026-11-26,,2026-06-08,2026-07-09,Cải tiến,TCTHTW-50659,Story,Các tính năng trên CP,SIT DONE,TCTHTW-46401,Sub Test Execution,[SIT]  đóng mở hạn mức giao dịch,Done,2026-06-01,2026-06-12
SUBTASK,TCTHTW-46478,Nâng cấp Way 4 2026 ,,Cải tiến,,,2026-11-26,,2026-06-08,2026-07-09,Cải tiến,TCTHTW-50659,Story,Các tính năng trên CP,SIT DONE,TCTHTW-46402,Sub Test Execution,[SIT]  thay đổi hạn mức giao dịch,Done,2026-06-02,2026-06-08
SUBTASK,TCTHTW-46478,Nâng cấp Way 4 2026 ,,Cải tiến,,,2026-11-26,,2026-06-08,2026-07-09,Cải tiến,TCTHTW-50659,Story,Các tính năng trên CP,SIT DONE,TCTHTW-46482,Sub Test Execution,[SIT][AUTO] Định danh thẻ trên CP,Done,2026-06-02,2026-06-08
SUBTASK,TCTHTW-46478,Nâng cấp Way 4 2026 ,,Cải tiến,,,2026-11-26,,2026-06-08,2026-07-09,Cải tiến,TCTHTW-50659,Story,Các tính năng trên CP,SIT DONE,TCTHTW-46484,Sub Test Execution,[SIT][AUTO] PH thẻ in trước,Done,,
SUBTASK,TCTHTW-46478,Nâng cấp Way 4 2026 ,,Cải tiến,,,2026-11-26,,2026-06-08,2026-07-09,Cải tiến,TCTHTW-50659,Story,Các tính năng trên CP,SIT DONE,TCTHTW-46598,Sub Test Execution,[SIT][AUTO] Cập nhật TTKH sau phát hành,Done,,
SUBTASK,TCTHTW-46478,Nâng cấp Way 4 2026 ,,Cải tiến,,,2026-11-26,,2026-06-08,2026-07-09,Cải tiến,TCTHTW-50659,Story,Các tính năng trên CP,SIT DONE,TCTHTW-46622,Sub Test Execution,[SIT][AUTO] Thay đổi hạn mức giao dịch thẻ Debit,Done,2026-06-25,2026-06-26
SUBTASK,TCTHTW-46478,Nâng cấp Way 4 2026 ,,Cải tiến,,,2026-11-26,,2026-06-08,2026-07-09,Cải tiến,TCTHTW-50659,Story,Các tính năng trên CP,SIT DONE,TCTHTW-46672,Sub Test Execution,[SIT][AUTO] Phát hành thẻ,Done,,
SUBTASK,TCTHTW-46478,Nâng cấp Way 4 2026 ,,Cải tiến,,,2026-11-26,,2026-06-08,2026-07-09,Cải tiến,TCTHTW-50660,Story,API,SIT DONE,TCTHTW-44458,Review, [REVIEW][TC_SIT] TCs CBC,Done,2026-05-21,2026-05-22
SUBTASK,TCTHTW-46478,Nâng cấp Way 4 2026 ,,Cải tiến,,,2026-11-26,,2026-06-08,2026-07-09,Cải tiến,TCTHTW-50660,Story,API,SIT DONE,TCTHTW-44912,Support,[SUPPORT] Hỗ trợ thông luồng API cho bên đội auto,Done,2026-05-27,2026-05-28
SUBTASK,TCTHTW-46478,Nâng cấp Way 4 2026 ,,Cải tiến,,,2026-11-26,,2026-06-08,2026-07-09,Cải tiến,TCTHTW-50660,Story,API,SIT DONE,TCTHTW-46485,Sub Test Execution,[SIT][AUTO] API hủy đăng ký/tất toán GD trả góp,Done,2026-06-02,2026-06-08
SUBTASK,TCTHTW-46478,Nâng cấp Way 4 2026 ,,Cải tiến,,,2026-11-26,,2026-06-08,2026-07-09,Cải tiến,TCTHTW-50660,Story,API,SIT DONE,TCTHTW-47629,Sub Test Execution,[SIT][AUTO] Validate API GetADDINFO,Done,2026-07-22,2026-07-24
STORY,TCTHTW-46478,Nâng cấp Way 4 2026 ,,Cải tiến,,,2026-11-26,,2026-06-08,2026-07-09,Cải tiến,TCTHTW-50663,Story,Phát triển HA MB,To Do,,,,,,
SUBTASK,TCTHTW-46478,Nâng cấp Way 4 2026 ,,Cải tiến,,,2026-11-26,,2026-06-08,2026-07-09,Cải tiến,TCTHTW-50675,Story,Tokenization,IN SIT,TCTHTW-43855,Design,"Viết TCs Cập nhật trạng thái token khi nâng hạng, gia hạn thẻ Visa, master",Done,2026-05-18,2026-05-19
SUBTASK,TCTHTW-46478,Nâng cấp Way 4 2026 ,,Cải tiến,,,2026-11-26,,2026-06-08,2026-07-09,Cải tiến,TCTHTW-50675,Story,Tokenization,IN SIT,TCTHTW-44335,Review,[REVIEW][TC_SIT] Tokenization,Done,2026-05-21,2026-05-22
SUBTASK,TCTHTW-46478,Nâng cấp Way 4 2026 ,,Cải tiến,,,2026-11-26,,2026-06-08,2026-07-09,Cải tiến,TCTHTW-50695,Story,"SMS, trả góp, thông tư, cashback",IN SIT,TCTHTW-44282,Review,[REVIEW][TC_SIT] Review TCs Nâng cấp Way4 V62 phần Trả góp,Done,2026-05-20,2026-05-26
SUBTASK,TCTHTW-46478,Nâng cấp Way 4 2026 ,,Cải tiến,,,2026-11-26,,2026-06-08,2026-07-09,Cải tiến,TCTHTW-50695,Story,"SMS, trả góp, thông tư, cashback",IN SIT,TCTHTW-44466,Review,[REVIEW][TC_SIT] Review TCs SMS trả góp ,Done,2026-05-25,2026-05-26
SUBTASK,TCTHTW-46478,Nâng cấp Way 4 2026 ,,Cải tiến,,,2026-11-26,,2026-06-08,2026-07-09,Cải tiến,TCTHTW-50695,Story,"SMS, trả góp, thông tư, cashback",IN SIT,TCTHTW-44884,Review,[REVIEW][TC_SIT] TC nâng cấp Way4 V62 phần cashback,Done,2026-05-25,2026-05-26
SUBTASK,TCTHTW-46478,Nâng cấp Way 4 2026 ,,Cải tiến,,,2026-11-26,,2026-06-08,2026-07-09,Cải tiến,TCTHTW-50695,Story,"SMS, trả góp, thông tư, cashback",IN SIT,TCTHTW-46481,Sub Test Execution,[SIT][AUTO] SMS chủ động,Done,2026-06-23,2026-06-24
SUBTASK,TCTHTW-46478,Nâng cấp Way 4 2026 ,,Cải tiến,,,2026-11-26,,2026-06-08,2026-07-09,Cải tiến,TCTHTW-50695,Story,"SMS, trả góp, thông tư, cashback",IN SIT,TCTHTW-46483,Sub Test Execution,[SIT][AUTO] SMS giao dịch không thành công,Done,2026-06-02,2026-06-08
SUBTASK,TCTHTW-46478,Nâng cấp Way 4 2026 ,,Cải tiến,,,2026-11-26,,2026-06-08,2026-07-09,Cải tiến,TCTHTW-50695,Story,"SMS, trả góp, thông tư, cashback",IN SIT,TCTHTW-46666,Sub Test Execution,"[SIT] Test module trả góp trên CP, APP",Done,2026-06-05,2026-06-12
SUBTASK,TCTHTW-46478,Nâng cấp Way 4 2026 ,,Cải tiến,,,2026-11-26,,2026-06-08,2026-07-09,Cải tiến,TCTHTW-50695,Story,"SMS, trả góp, thông tư, cashback",IN SIT,TCTHTW-47625,Sub Test Execution,[SIT][AUTO] Tính năng trả góp trên CP,Done,2026-07-01,2026-07-10
SUBTASK,TCTHTW-46486,Cải tiến trích nợ quá hạn OVD realtime theo biến động số dư tài khoản,,Cải tiến,2026-06-08,2026-06-09,2026-07-09,2026-06-29,2026-06-09,2026-08-05,Cải tiến,TCTHTW-46489,Story,Cải tiến trích nợ quá hạn OVD realtime theo biến động số dư tài khoản,Ready For Golive,TCTHTW-46497,Meeting,[REFINEMENT] Cải tiến trích nợ quá hạn OVD realtime theo biến động số dư tài khoản,Done,2026-06-09,2026-06-09
SUBTASK,TCTHTW-46486,Cải tiến trích nợ quá hạn OVD realtime theo biến động số dư tài khoản,,Cải tiến,2026-06-08,2026-06-09,2026-07-09,2026-06-29,2026-06-09,2026-08-05,Cải tiến,TCTHTW-46489,Story,Cải tiến trích nợ quá hạn OVD realtime theo biến động số dư tài khoản,Ready For Golive,TCTHTW-46498,Meeting,[REFINEMENT] Cải tiến trích nợ quá hạn OVD realtime theo biến động số dư tài khoản,Done,2026-06-09,2026-06-09
SUBTASK,TCTHTW-46486,Cải tiến trích nợ quá hạn OVD realtime theo biến động số dư tài khoản,,Cải tiến,2026-06-08,2026-06-09,2026-07-09,2026-06-29,2026-06-09,2026-08-05,Cải tiến,TCTHTW-46489,Story,Cải tiến trích nợ quá hạn OVD realtime theo biến động số dư tài khoản,Ready For Golive,TCTHTW-46499,Design,[CREATE TD] Cải tiến trích nợ quá hạn OVD realtime theo biến động số dư tài khoản,Done,2026-06-09,2026-06-11
SUBTASK,TCTHTW-46486,Cải tiến trích nợ quá hạn OVD realtime theo biến động số dư tài khoản,,Cải tiến,2026-06-08,2026-06-09,2026-07-09,2026-06-29,2026-06-09,2026-08-05,Cải tiến,TCTHTW-46489,Story,Cải tiến trích nợ quá hạn OVD realtime theo biến động số dư tài khoản,Ready For Golive,TCTHTW-46500,Meeting,[MINI REVIEW] Cải tiến trích nợ quá hạn OVD realtime theo biến động số dư tài khoản,Done,2026-06-11,2026-06-12
SUBTASK,TCTHTW-46486,Cải tiến trích nợ quá hạn OVD realtime theo biến động số dư tài khoản,,Cải tiến,2026-06-08,2026-06-09,2026-07-09,2026-06-29,2026-06-09,2026-08-05,Cải tiến,TCTHTW-46489,Story,Cải tiến trích nợ quá hạn OVD realtime theo biến động số dư tài khoản,Ready For Golive,TCTHTW-46501,Sub Test Execution,[TC4D] Cải tiến trích nợ quá hạn OVD realtime theo biến động số dư tài khoản,Done,2026-06-12,2026-06-12
SUBTASK,TCTHTW-46486,Cải tiến trích nợ quá hạn OVD realtime theo biến động số dư tài khoản,,Cải tiến,2026-06-08,2026-06-09,2026-07-09,2026-06-29,2026-06-09,2026-08-05,Cải tiến,TCTHTW-46489,Story,Cải tiến trích nợ quá hạn OVD realtime theo biến động số dư tài khoản,Ready For Golive,TCTHTW-46502,Sub Test Execution,[SIT] Cải tiến trích nợ quá hạn OVD realtime theo biến động số dư tài khoản,Done,2026-06-24,2026-06-26
SUBTASK,TCTHTW-46486,Cải tiến trích nợ quá hạn OVD realtime theo biến động số dư tài khoản,,Cải tiến,2026-06-08,2026-06-09,2026-07-09,2026-06-29,2026-06-09,2026-08-05,Cải tiến,TCTHTW-46489,Story,Cải tiến trích nợ quá hạn OVD realtime theo biến động số dư tài khoản,Ready For Golive,TCTHTW-46541,Meeting,[REFINEMENT] Cải tiến trích nợ quá hạn OVD realtime theo biến động số dư tài khoản,Done,2026-06-09,2026-06-09
SUBTASK,TCTHTW-46486,Cải tiến trích nợ quá hạn OVD realtime theo biến động số dư tài khoản,,Cải tiến,2026-06-08,2026-06-09,2026-07-09,2026-06-29,2026-06-09,2026-08-05,Cải tiến,TCTHTW-46489,Story,Cải tiến trích nợ quá hạn OVD realtime theo biến động số dư tài khoản,Ready For Golive,TCTHTW-47274,Meeting,[MINI REVIEW] Cải tiến trích nợ quá hạn OVD realtime theo biến động số dư tài khoản,Done,2026-06-12,2026-06-12
SUBTASK,TCTHTW-46486,Cải tiến trích nợ quá hạn OVD realtime theo biến động số dư tài khoản,,Cải tiến,2026-06-08,2026-06-09,2026-07-09,2026-06-29,2026-06-09,2026-08-05,Cải tiến,TCTHTW-46489,Story,Cải tiến trích nợ quá hạn OVD realtime theo biến động số dư tài khoản,Ready For Golive,TCTHTW-47630,Review,[REVIEW][TD_SIT]Cải tiến trích nợ quá hạn OVD realtime theo biến động số dư tài khoản,Done,2026-06-12,2026-06-12
SUBTASK,TCTHTW-46589,"Tính năng enable/disable phương thức xác thực 3DS: SMS, EMAIL",,Cải tiến,,2026-06-12,2026-06-25,2026-07-01,2026-06-10,2026-08-05,,TCTHTW-46606,Story,"Tính năng enable/disable phương thức xác thức 3DS: SMS, EMAIL",Released,TCTHTW-46607,BA,[BA] Phân tích tính năng enable/disable PTXT giao dịch 3DS,Done,,
SUBTASK,TCTHTW-46594,Chặn TK đầu tư trên kênh ATM POS,,Cải tiến,,2026-06-30,2026-06-21,2026-07-20,2026-06-10,2026-08-11,,TCTHTW-46595,Story,Chặn gắn tài khoản đầu tư vào luồng tạo/điều chỉnh thông tin POS,Analyzing,TCTHTW-46597,BA,Làm rõ yêu cầu và phân tích đặc tả,Done,2026-06-10,2026-06-11
STORY,TCTHTW-46594,Chặn TK đầu tư trên kênh ATM POS,,Cải tiến,,2026-06-30,2026-06-21,2026-07-20,2026-06-10,2026-08-11,,TCTHTW-47864,Story,Chặn gắn TK đầu tư vào luồng truy vấn TK - Giao dịch nộp tiền CDM,Ready For Golive,,,,,,
STORY,TCTHTW-46623,Thanh quyết toán tự động với TCT,,Sản phẩm/dịch vụ/quy trình mới,,,,,2026-06-11,2026-06-26,,TCTHTW-46624,Story,Đồng bộ Kafka từ KDL,To Do,,,,,,
STORY,TCTHTW-46623,Thanh quyết toán tự động với TCT,,Sản phẩm/dịch vụ/quy trình mới,,,,,2026-06-11,2026-06-26,,TCTHTW-46627,Story,Xây dựng giao diện CardPortal ,To Do,,,,,,
STORY,TCTHTW-46623,Thanh quyết toán tự động với TCT,,Sản phẩm/dịch vụ/quy trình mới,,,,,2026-06-11,2026-06-26,,TCTHTW-46628,Story,"Hạch toán FT, CHG, CDV sang T24",To Do,,,,,,
STORY,TCTHTW-47635,Xây dựng các nội dung push noti trả góp theo hành trình trải nghiệm,,Tính năng mới,,2026-07-07,2026-07-23,2026-07-20,2026-06-15,2026-08-05,,TCTHTW-48408,Story,Push noti mời trả góp theo dư nợ theo mốc thời gian và số tiền,UAT DONE,,,,,,
STORY,TCTHTW-47641,Hạn chế giao dịch thẻ SME nếu KH chưa hoàn thành sinh trắc học,,Tính năng mới,2026-06-17,2026-06-17,2026-07-01,2026-07-06,2026-06-15,2026-08-05,,TCTHTW-47853,Story,US2.Hạn chế giao dịch khi thực hiện các YCTG thẻ với KH chưa hoàn thành sinh trắc học (thẻ SME),IN UAT,,,,,,
STORY,TCTHTW-47641,Hạn chế giao dịch thẻ SME nếu KH chưa hoàn thành sinh trắc học,,Tính năng mới,2026-06-17,2026-06-17,2026-07-01,2026-07-06,2026-06-15,2026-08-05,,TCTHTW-47854,Story,US3.Chỉnh sửa JOB cập nhật bỏ hạn chế giao dịch khi KH hoàn thành sinh trắc học (cho thẻ SME),SIT DONE,,,,,,
STORY,TCTHTW-47641,Hạn chế giao dịch thẻ SME nếu KH chưa hoàn thành sinh trắc học,,Tính năng mới,2026-06-17,2026-06-17,2026-07-01,2026-07-06,2026-06-15,2026-08-05,,TCTHTW-47855,Story,US4.Thông báo giao dịch lỗi khi KH chưa hoàn thành sinh trắc học thẻ SME,SIT DONE,,,,,,
STORY,TCTHTW-47641,Hạn chế giao dịch thẻ SME nếu KH chưa hoàn thành sinh trắc học,,Tính năng mới,2026-06-17,2026-06-17,2026-07-01,2026-07-06,2026-06-15,2026-08-05,,TCTHTW-47856,Story,US 5.Migrate chặn GD thẻ SME của khách hàng chưa hoàn thành STH,Pending,,,,,,
EPIC,TCTHTW-47666,Hạch toán tự động thanh quyết toán với các Tổ chức thẻ quốc tế,In Progress,Sản phẩm/dịch vụ/quy trình mới,,,,,2026-06-15,2026-06-18,,,,,,,,,,,
STORY,TCTHTW-47672,Tích hợp dữ liệu GD tiếp quỹ thành công từ Smart channel sang TMS,,Tính năng mới,,2026-06-30,,2026-07-16,2026-06-15,2026-08-05,,TCTHTW-47675,Story,Tích hợp dữ liệu GD tiếp quỹ thành công từ Smart channel sang TMS,Released,,,,,,
STORY,TCTHTW-47857,Xây dựng công cụ RISK RULE MANAGEMENT cho hệ thống thẻ,,Sản phẩm/dịch vụ/quy trình mới,,,,,2026-06-16,2026-07-15,,TCTHTW-47858,Story,US1_Xây dựng menu quản lý Risk rule,Analyzing,,,,,,
STORY,TCTHTW-47857,Xây dựng công cụ RISK RULE MANAGEMENT cho hệ thống thẻ,,Sản phẩm/dịch vụ/quy trình mới,,,,,2026-06-16,2026-07-15,,TCTHTW-47859,Story,US2_Xây dựng danh sách Rule base,Ready For Dev,,,,,,
STORY,TCTHTW-47870,Hạch toán tự động thanh quyết toán với các Tổ chức thẻ quốc tế,,Sản phẩm/dịch vụ/quy trình mới,,2026-06-23,2026-08-14,2026-07-31,2026-06-15,2026-08-14,,TCTHTW-48150,Story,CardPortal và hạch toán,UAT DONE,,,,,,
STORY,TCTHTW-47870,Hạch toán tự động thanh quyết toán với các Tổ chức thẻ quốc tế,,Sản phẩm/dịch vụ/quy trình mới,,2026-06-23,2026-08-14,2026-07-31,2026-06-15,2026-08-14,,TCTHTW-48154,Story,Xử lý dữ liệu ,To Do,,,,,,
STORY,TCTHTW-47870,Hạch toán tự động thanh quyết toán với các Tổ chức thẻ quốc tế,,Sản phẩm/dịch vụ/quy trình mới,,2026-06-23,2026-08-14,2026-07-31,2026-06-15,2026-08-14,,TCTHTW-48155,Story,Đồng bộ Kafka từ KDL,To Do,,,,,,
STORY,TCTHTW-48160,Cải tiến nội bộ: fix lỗi,,Cải tiến,,,,2026-07-13,2026-06-18,2026-08-05,,TCTHTW-48163,Story,Migrate trường RBS_MEMBER_ID cho các bản ghi thẻ bị null,UAT DONE,,,,,,
EPIC,TCTHTW-48306,Dự án kết nối cổng thanh toán Cybersource cho thẻ quốc tế,In Progress,Sản phẩm/dịch vụ/quy trình mới,2025-06-23,,,,2026-06-18,2026-06-18,,,,,,,,,,,
EPIC,TCTHTW-48307,Dự án kết nối cổng thanh toán Cybersource cho thẻ quốc tế,In Progress,Sản phẩm/dịch vụ/quy trình mới,2025-06-23,,,,2026-06-18,2026-06-18,,,,,,,,,,,
STORY,TCTHTW-48539,Chặn mở khóa thẻ pickup04 do hit mô hình rủi ro AI từ hệ thống FCRM,,Cải tiến,2026-06-26,2026-06-26,,2026-07-16,2026-06-23,2026-08-14,Cải tiến,TCTHTW-49525,Story,Chặn mở khóa thẻ pickup04 do hit mô hình rủi ro AI từ hệ thống FCRM,Ready For Golive,,,,,,
STORY,TCTHTW-48539,Chặn mở khóa thẻ pickup04 do hit mô hình rủi ro AI từ hệ thống FCRM,,Cải tiến,2026-06-26,2026-06-26,,2026-07-16,2026-06-23,2026-08-14,Cải tiến,TCTHTW-50492,Story,FCRM_Thay đổi nội dung thông báo khóa thẻ,Cancelled,,,,,,
STORY,TCTHTW-48586,Phát triển thẻ MB VETC Drive Pass,,Sản phẩm/dịch vụ/quy trình mới,,2026-07-01,2026-07-14,2026-07-08,2026-06-24,2026-08-05,,TCTHTW-49026,Story,US1. Thông tin cấu hình sản phẩm thẻ MB Visa Tasco,IN UAT,,,,,,
STORY,TCTHTW-48586,Phát triển thẻ MB VETC Drive Pass,,Sản phẩm/dịch vụ/quy trình mới,,2026-07-01,2026-07-14,2026-07-08,2026-06-24,2026-08-05,,TCTHTW-49027,Story,US2. Cấu hình tham số Servicepack sản phẩm thẻ Visa Platinum Tasco CORE CARD,IN UAT,,,,,,
STORY,TCTHTW-48586,Phát triển thẻ MB VETC Drive Pass,,Sản phẩm/dịch vụ/quy trình mới,,2026-07-01,2026-07-14,2026-07-08,2026-06-24,2026-08-05,,TCTHTW-49028,Story,US3. Cấu hình tham số Servicepack sản phẩm thẻ Visa Platinum Tasco tại CORE ACCOUNT,IN UAT,,,,,,
STORY,TCTHTW-48586,Phát triển thẻ MB VETC Drive Pass,,Sản phẩm/dịch vụ/quy trình mới,,2026-07-01,2026-07-14,2026-07-08,2026-06-24,2026-08-05,,TCTHTW-49029,Story,US4. Cấu hình Accounting Scheme thẻ Visa Platinum Tasco tại CORE ACCOUNT,IN UAT,,,,,,
STORY,TCTHTW-48586,Phát triển thẻ MB VETC Drive Pass,,Sản phẩm/dịch vụ/quy trình mới,,2026-07-01,2026-07-14,2026-07-08,2026-06-24,2026-08-05,,TCTHTW-49030,Story,US5. Cấu hình Usage Limiters cho thẻ Visa Platinum Tasco,IN UAT,,,,,,
STORY,TCTHTW-48586,Phát triển thẻ MB VETC Drive Pass,,Sản phẩm/dịch vụ/quy trình mới,,2026-07-01,2026-07-14,2026-07-08,2026-06-24,2026-08-05,,TCTHTW-49031,Story,US6. Cấu hình tham số bảng cho các chương trình vệ tinh cho Visa Tasco,IN UAT,,,,,,
STORY,TCTHTW-48586,Phát triển thẻ MB VETC Drive Pass,,Sản phẩm/dịch vụ/quy trình mới,,2026-07-01,2026-07-14,2026-07-08,2026-06-24,2026-08-05,,TCTHTW-49032,Story,US7. Phát hành thẻ in trước Visa Platinum Tasco + định danh thẻ,IN UAT,,,,,,
STORY,TCTHTW-48586,Phát triển thẻ MB VETC Drive Pass,,Sản phẩm/dịch vụ/quy trình mới,,2026-07-01,2026-07-14,2026-07-08,2026-06-24,2026-08-05,,TCTHTW-49033,Story,US8. Phát hành thẻ Visa Platinum Tasco qua các kênh # CP,IN UAT,,,,,,
STORY,TCTHTW-48586,Phát triển thẻ MB VETC Drive Pass,,Sản phẩm/dịch vụ/quy trình mới,,2026-07-01,2026-07-14,2026-07-08,2026-06-24,2026-08-05,,TCTHTW-49034,Story,US10. Hạch toán giao dịch khi On/OFF HYBRID thẻ Visa Tasco,IN DEV,,,,,,
STORY,TCTHTW-48586,Phát triển thẻ MB VETC Drive Pass,,Sản phẩm/dịch vụ/quy trình mới,,2026-07-01,2026-07-14,2026-07-08,2026-06-24,2026-08-05,,TCTHTW-50664,Story,"US11.Luồng quản lý phôi, mã hóa và in thẻ vật lý Visa VETC DRIVE PASS (TASCO)",To Do,,,,,,
STORY,TCTHTW-48586,Phát triển thẻ MB VETC Drive Pass,,Sản phẩm/dịch vụ/quy trình mới,,2026-07-01,2026-07-14,2026-07-08,2026-06-24,2026-08-05,,TCTHTW-50665,Story,US12. Bổ sung thẻ Visa TASCO vào menu hạch toán trên Card Portal,IN UAT,,,,,,
STORY,TCTHTW-48586,Phát triển thẻ MB VETC Drive Pass,,Sản phẩm/dịch vụ/quy trình mới,,2026-07-01,2026-07-14,2026-07-08,2026-06-24,2026-08-05,,TCTHTW-50666,Story,US13 +20. Bổ sung thẻ Visa TASCO lên phần mềm Quản lý thẻ pin + hành trình chuyển phát thẻ/ module đặt hàng phôi thẻ,To Do,,,,,,
STORY,TCTHTW-48586,Phát triển thẻ MB VETC Drive Pass,,Sản phẩm/dịch vụ/quy trình mới,,2026-07-01,2026-07-14,2026-07-08,2026-06-24,2026-08-05,,TCTHTW-50667,Story,US14 + 15: thông báo giao dịch thành công/ không thành công,To Do,,,,,,
STORY,TCTHTW-48586,Phát triển thẻ MB VETC Drive Pass,,Sản phẩm/dịch vụ/quy trình mới,,2026-07-01,2026-07-14,2026-07-08,2026-06-24,2026-08-05,,TCTHTW-50668,Story,US16. Thông báo nhắc nợ cho thẻ Visa TASCO,IN UAT,,,,,,
STORY,TCTHTW-48586,Phát triển thẻ MB VETC Drive Pass,,Sản phẩm/dịch vụ/quy trình mới,,2026-07-01,2026-07-14,2026-07-08,2026-06-24,2026-08-05,,TCTHTW-50669,Story,US17. SMS do khách hàng chủ động thực hiện thẻ Visa TASCO,IN UAT,,,,,,
STORY,TCTHTW-48586,Phát triển thẻ MB VETC Drive Pass,,Sản phẩm/dịch vụ/quy trình mới,,2026-07-01,2026-07-14,2026-07-08,2026-06-24,2026-08-05,,TCTHTW-50670,Story,US18. Khai báo template sao kê PDF và nội dung email sao kê thẻ Visa TASCO,IN UAT,,,,,,
STORY,TCTHTW-48586,Phát triển thẻ MB VETC Drive Pass,,Sản phẩm/dịch vụ/quy trình mới,,2026-07-01,2026-07-14,2026-07-08,2026-06-24,2026-08-05,,TCTHTW-50671,Story,US21. Thanh toán sao kê thẻ Visa TASCO,Analyzing,,,,,,
STORY,TCTHTW-48586,Phát triển thẻ MB VETC Drive Pass,,Sản phẩm/dịch vụ/quy trình mới,,2026-07-01,2026-07-14,2026-07-08,2026-06-24,2026-08-05,,TCTHTW-50672,Story,US22. Yêu cầu cho dịch vụ giao dịch qua tokenization với thẻ Visa tasco,IN UAT,,,,,,
STORY,TCTHTW-48586,Phát triển thẻ MB VETC Drive Pass,,Sản phẩm/dịch vụ/quy trình mới,,2026-07-01,2026-07-14,2026-07-08,2026-06-24,2026-08-05,,TCTHTW-50673,Story,US23. Bổ sung thẻ Visa TASCO vào menu Chương trình GSGD Advanced Risk,IN UAT,,,,,,
STORY,TCTHTW-48586,Phát triển thẻ MB VETC Drive Pass,,Sản phẩm/dịch vụ/quy trình mới,,2026-07-01,2026-07-14,2026-07-08,2026-06-24,2026-08-05,,TCTHTW-50674,Story,US24 Bổ sung thẻ Visa Tasco vào các chức năng liên quan đến giao dịch trên App,To Do,,,,,,
STORY,TCTHTW-48586,Phát triển thẻ MB VETC Drive Pass,,Sản phẩm/dịch vụ/quy trình mới,,2026-07-01,2026-07-14,2026-07-08,2026-06-24,2026-08-05,,TCTHTW-50847,Story,US19. Bổ sung thẻ Visa Tasco vào báo cáo ORS,Released,,,,,,
STORY,TCTHTW-48586,Phát triển thẻ MB VETC Drive Pass,,Sản phẩm/dịch vụ/quy trình mới,,2026-07-01,2026-07-14,2026-07-08,2026-06-24,2026-08-05,,TCTHTW-52002,Story,US9. Bổ sung thẻ Visa Tasco vào các YCTG thẻ,SIT DONE,,,,,,
EPIC,TCTHTW-48718,Bổ sung trường thông tin mã phôi vào Service In thẻ vật lý,In Progress,Cải tiến,,,,,2026-06-25,2026-06-25,,,,,,,,,,,
STORY,TCTHTW-48773,Điều chỉnh môi trường chi nhánh PH/ định danh thẻ,,Cải tiến,,2026-06-23,,2026-07-13,2026-06-26,2026-08-10,,TCTHTW-50543,Story,Điều chỉnh môi trường chi nhánh PH/định danh thẻ,Ready For Golive,,,,,,
STORY,TCTHTW-48775,Bổ sung trả góp qua api với đối tác vào báo cáo trả góp ĐVLK ,,Cải tiến,,2026-06-23,2026-07-15,2026-07-09,2026-06-26,2026-08-05,,TCTHTW-50452,Story,Cải tiến báo cáo trả góp ĐVLK,Ready For Golive,,,,,,
STORY,TCTHTW-48784,Xây dựng push sms - noti - email cho KH khi phát hành/định danh/PHL/Gia hạn/Nâng giảm hạn mức thẻ: Phase 1 phát hành mới,,Tính năng mới,,2026-07-06,2026-08-05,2026-07-23,2026-06-26,2026-08-06,,TCTHTW-48786,Story,Xây dựng push sms - noti - email cho KH khi phát hành mới,IN UAT,,,,,,
EPIC,TCTHTW-50597,In mẫu biểu Yêu cầu trợ giúp thẻ tự động trên Smart Channel,In Progress,Cải tiến,,,,,2026-07-06,2026-07-06,"Cải tiến, VH",,,,,,,,,,
EPIC,TCTHTW-50622,Hạch toán tự động giao dịch credit cho thẻ visa debit và thẻ PBA,In Progress,Cải tiến,,,,,2026-07-07,2026-07-07,"Cải tiến, VH",,,,,,,,,,
STORY,TCTHTW-50658,"Check dư nợ khi các tác động HM Thẻ, valid HM thẻ là số nguyên dương",,Cải tiến,,2026-07-01,2026-07-22,2026-07-16,2026-07-01,2026-08-05,,TCTHTW-50676,Story,"Check dư nợ khi tác động HM thẻ, validate HM thẻ là số nguyên dương",Released,,,,,,
STORY,TCTHTW-50725,Gửi SMS/Push app thông báo các giao dịch tự động hoàn trả hạn mức thẻ tín dụng/thẻ Hybrid nguồn hạn mức,,Cải tiến,,2026-07-27,2026-08-06,2026-07-30,2026-07-07,2026-08-05,,TCTHTW-50727,Story,Gửi SMS/Push app thông báo các giao dịch tự động hoàn trả hạn mức thẻ tín dụng/thẻ Hybrid nguồn hạn mức,IN UAT,,,,,,
EPIC,TCTHTW-51548,Thay đổi nội dung khóa thẻ trên FCRM,In Progress,Cải tiến,2026-07-10,2026-07-10,2026-07-31,2026-07-31,2026-07-14,2026-08-05,Cải tiến,,,,,,,,,,
EPIC,TCTHTW-51714,"Thay đổi nội dung email, sms, push app cho KH chạm cảnh báo trên FCRM",In Progress,Cải tiến,2026-07-09,2026-07-10,2026-07-31,2026-07-31,2026-07-15,2026-08-05,,,,,,,,,,,
SUBTASK,TCTHTW-51719,Cải tiến hạch toán tự động chênh lệch Auth Fin thẻ Visa debit,,Cải tiến,2026-07-01,,,2026-07-30,2026-07-15,2026-08-05,VH,TCTHTW-40843,Story,Cải tiến hạch toán tự động chênh lệch giao dịch Auth Fin thẻ Visa debit,Ready For Golive,TCTHTW-42408,Sub-task,Tài liệu phân tích BA,Done,,
SUBTASK,TCTHTW-51719,Cải tiến hạch toán tự động chênh lệch Auth Fin thẻ Visa debit,,Cải tiến,2026-07-01,,,2026-07-30,2026-07-15,2026-08-05,VH,TCTHTW-40843,Story,Cải tiến hạch toán tự động chênh lệch giao dịch Auth Fin thẻ Visa debit,Ready For Golive,TCTHTW-43820,Meeting,[REFINEMENT]Cải tiến hạch toán tự động chênh lệch giao dịch Auth Fin thẻ Visa debit,Done,2026-05-06,2026-05-06
SUBTASK,TCTHTW-51719,Cải tiến hạch toán tự động chênh lệch Auth Fin thẻ Visa debit,,Cải tiến,2026-07-01,,,2026-07-30,2026-07-15,2026-08-05,VH,TCTHTW-40843,Story,Cải tiến hạch toán tự động chênh lệch giao dịch Auth Fin thẻ Visa debit,Ready For Golive,TCTHTW-43821,Meeting,[MINI REVIEW]Cải tiến hạch toán tự động chênh lệch giao dịch Auth Fin thẻ Visa debit,Done,2026-05-14,2026-05-14
SUBTASK,TCTHTW-51719,Cải tiến hạch toán tự động chênh lệch Auth Fin thẻ Visa debit,,Cải tiến,2026-07-01,,,2026-07-30,2026-07-15,2026-08-05,VH,TCTHTW-40843,Story,Cải tiến hạch toán tự động chênh lệch giao dịch Auth Fin thẻ Visa debit,Ready For Golive,TCTHTW-44218,Sub Test Execution,[SIT] Cải tiến hạch toán tự động chênh lệch giao dịch Auth Fin thẻ Visa debit,Done,2026-05-18,2026-05-22
SUBTASK,TCTHTW-51719,Cải tiến hạch toán tự động chênh lệch Auth Fin thẻ Visa debit,,Cải tiến,2026-07-01,,,2026-07-30,2026-07-15,2026-08-05,VH,TCTHTW-40843,Story,Cải tiến hạch toán tự động chênh lệch giao dịch Auth Fin thẻ Visa debit,Ready For Golive,TCTHTW-44513,Sub-task,[CRATE DATA] Cải tiến hạch toán tự động chênh lệch giao dịch Auth Fin thẻ Visa debit,Done,2026-05-14,2026-05-15
SUBTASK,TCTHTW-51719,Cải tiến hạch toán tự động chênh lệch Auth Fin thẻ Visa debit,,Cải tiến,2026-07-01,,,2026-07-30,2026-07-15,2026-08-05,VH,TCTHTW-40843,Story,Cải tiến hạch toán tự động chênh lệch giao dịch Auth Fin thẻ Visa debit,Ready For Golive,TCTHTW-44771,Meeting,[REFINEMENT] Chương trình hạch toán xử lý fin thẻ VISA DEBIT_MS Scheduler,Done,,2026-05-26
SUBTASK,TCTHTW-51719,Cải tiến hạch toán tự động chênh lệch Auth Fin thẻ Visa debit,,Cải tiến,2026-07-01,,,2026-07-30,2026-07-15,2026-08-05,VH,TCTHTW-40843,Story,Cải tiến hạch toán tự động chênh lệch giao dịch Auth Fin thẻ Visa debit,Ready For Golive,TCTHTW-44772,Meeting,[MINI REVIEW] Chương trình hạch toán xử lý fin thẻ VISA DEBIT_MS Scheduler,Done,,2026-05-26
SUBTASK,TCTHTW-51719,Cải tiến hạch toán tự động chênh lệch Auth Fin thẻ Visa debit,,Cải tiến,2026-07-01,,,2026-07-30,2026-07-15,2026-08-05,VH,TCTHTW-40843,Story,Cải tiến hạch toán tự động chênh lệch giao dịch Auth Fin thẻ Visa debit,Ready For Golive,TCTHTW-44773,Support,[CREATE DATA] Chương trình hạch toán xử lý fin thẻ VISA DEBIT_MS Scheduler,Done,,2026-05-26
SUBTASK,TCTHTW-51719,Cải tiến hạch toán tự động chênh lệch Auth Fin thẻ Visa debit,,Cải tiến,2026-07-01,,,2026-07-30,2026-07-15,2026-08-05,VH,TCTHTW-40843,Story,Cải tiến hạch toán tự động chênh lệch giao dịch Auth Fin thẻ Visa debit,Ready For Golive,TCTHTW-44774,Sub Test Execution,[SIT]  Chương trình hạch toán xử lý fin thẻ VISA DEBIT_MS Scheduler,Done,,2026-05-26
SUBTASK,TCTHTW-51719,Cải tiến hạch toán tự động chênh lệch Auth Fin thẻ Visa debit,,Cải tiến,2026-07-01,,,2026-07-30,2026-07-15,2026-08-05,VH,TCTHTW-40843,Story,Cải tiến hạch toán tự động chênh lệch giao dịch Auth Fin thẻ Visa debit,Ready For Golive,TCTHTW-44775,Design,Viết Testcase Chương trình hạch toán xử lý fin_MS Scheduler,Done,,2026-05-26
SUBTASK,TCTHTW-51719,Cải tiến hạch toán tự động chênh lệch Auth Fin thẻ Visa debit,,Cải tiến,2026-07-01,,,2026-07-30,2026-07-15,2026-08-05,VH,TCTHTW-40843,Story,Cải tiến hạch toán tự động chênh lệch giao dịch Auth Fin thẻ Visa debit,Ready For Golive,TCTHTW-44863,Sub Test Execution,[SIT] Chương trình hạch toán xử lý fin_MS Scheduler,Done,,
SUBTASK,TCTHTW-51719,Cải tiến hạch toán tự động chênh lệch Auth Fin thẻ Visa debit,,Cải tiến,2026-07-01,,,2026-07-30,2026-07-15,2026-08-05,VH,TCTHTW-40843,Story,Cải tiến hạch toán tự động chênh lệch giao dịch Auth Fin thẻ Visa debit,Ready For Golive,TCTHTW-46231,Support,[SUPPORT] Cải tiến hạch toán ICM thẻ visa debit,Done,2026-05-28,2026-06-04
SUBTASK,TCTHTW-51719,Cải tiến hạch toán tự động chênh lệch Auth Fin thẻ Visa debit,,Cải tiến,2026-07-01,,,2026-07-30,2026-07-15,2026-08-05,VH,TCTHTW-40843,Story,Cải tiến hạch toán tự động chênh lệch giao dịch Auth Fin thẻ Visa debit,Ready For Golive,TCTHTW-47282,KSTĐ,[CHECKLIST KIỂM SOÁT TÁC ĐỘNG]_Chương trình hạch toán xử lý fin thẻ VISA DEBIT_MS Scheduler,Done,,2026-06-12
STORY,TCTHTW-51857,Thu phí giao dịch nộp tiền CDM,,Cải tiến,2026-07-16,,,,2026-07-16,2026-08-14,"Cải tiến, VH",TCTHTW-53575,Story,US1: Thu phí giao dịch nộp tiền tại máy CRM MB,IN UAT,,,,,,
STORY,TCTHTW-52269,Cải tiến tính năng tự động cập nhật email đầu mối CN/PGD,,Cải tiến,,2026-07-27,2026-08-06,2026-08-04,2026-07-20,2026-08-12,,TCTHTW-52403,Story,[Way4] Luồng call API sang HCM lấy danh sách email theo chức danh yêu cầu,IN UAT,,,,,,
EPIC,TCTHTW-52702,Từ chối realtime giao dịch thẻ quốc tế rủi ro tại giao dịch authorise đầu tiên,In Progress,Tính năng mới,2026-07-22,2026-07-22,,,2026-07-22,2026-08-12,,,,,,,,,,,
STORY,TCTHTW-53434,Điều chỉnh logic gửi sao kê thẻ tín dụng,,Cải tiến,2026-07-22,,,2026-08-04,2026-07-23,2026-08-11,,TCTHTW-53538,Story,Cải tiến logic xuất sao kê PDF,IN UAT,,,,,,
STORY,TCTHTW-53533,Quản lý tỷ giá thẻ KHCN tại MB,,Sản phẩm,,2026-07-28,2026-09-10,2026-08-25,2026-07-27,2026-08-06,Way 4,TCTHTW-53610,Story,4.1.1 Nguyên tắc lấy dữ liệu tỷ giá giao dịch thẻ tại MB,Ready For Dev,,,,,,
STORY,TCTHTW-53533,Quản lý tỷ giá thẻ KHCN tại MB,,Sản phẩm,,2026-07-28,2026-09-10,2026-08-25,2026-07-27,2026-08-06,Way 4,TCTHTW-53614,Story,4.1.2 Luồng xử lý chung với giao dịch cấp phép thẻ có áp dụng tỉ giá,Ready For Dev,,,,,,
STORY,TCTHTW-53533,Quản lý tỷ giá thẻ KHCN tại MB,,Sản phẩm,,2026-07-28,2026-09-10,2026-08-25,2026-07-27,2026-08-06,Way 4,TCTHTW-53618,Story,4.1.3 Luồng xử lý chung với giao dịch tài chính có áp dụng tỉ giá tại Core Account,Ready For Dev,,,,,,
STORY,TCTHTW-53533,Quản lý tỷ giá thẻ KHCN tại MB,,Sản phẩm,,2026-07-28,2026-09-10,2026-08-25,2026-07-27,2026-08-06,Way 4,TCTHTW-53620,Story,4.1.4 Luồng xử lý hạch toán Incoming T24 với các giao dịch có áp dụng tỉ giá,Ready For Dev,,,,,,
STORY,TCTHTW-53533,Quản lý tỷ giá thẻ KHCN tại MB,,Sản phẩm,,2026-07-28,2026-09-10,2026-08-25,2026-07-27,2026-08-06,Way 4,TCTHTW-53654,Story,4.1.5 Quy định và luồng xử lý với các giao dịch đặc biệt (ADHOC) có áp dụng tỷ giá,Ready For Dev,,,,,,
STORY,TCTHTW-53576,Cập nhật giá trị và thời hạn HMTD khi phát hành thẻ SME hybrid,,Cải tiến,2026-07-29,2026-08-04,,,2026-07-29,2026-08-06,,TCTHTW-54664,Story,Cải tiến service hạn mức chào + Luồng PH thẻ sme hybrid,IN UAT,,,,,,
STORY,TCTHTW-53597,Thay đổi mã lỗi GD thẻ Visa SME để đáp ứng MAR từ 51 sang 78,,Cải tiến,,2026-08-02,2026-08-12,2026-08-11,2026-07-30,2026-08-12,,TCTHTW-54285,Story,US1: Mapping mã lỗi 78 và bổ sung mapping mã lỗi cho thẻ SME - V58,UAT DONE,,,,,,
STORY,TCTHTW-53793,Gia hạn ngày thanh toán trong khoảng 1-16 ngày hoặc gia hạn 1 kỳ,,Tính năng mới,,,,,2026-07-30,2026-08-10,NHS,TCTHTW-53801,Story,US1 - Phát triển API validate /query phí GHTT,To Do,,,,,,
STORY,TCTHTW-53793,Gia hạn ngày thanh toán trong khoảng 1-16 ngày hoặc gia hạn 1 kỳ,,Tính năng mới,,,,,2026-07-30,2026-08-10,NHS,TCTHTW-53802,Story,US2 - Phát triển API GHTT (gia hạn thanh toán),To Do,,,,,,
STORY,TCTHTW-53793,Gia hạn ngày thanh toán trong khoảng 1-16 ngày hoặc gia hạn 1 kỳ,,Tính năng mới,,,,,2026-07-30,2026-08-10,NHS,TCTHTW-53803,Story,US3_Gia hạn duedate thẻ tín dụng/hybrid,To Do,,,,,,
STORY,TCTHTW-53793,Gia hạn ngày thanh toán trong khoảng 1-16 ngày hoặc gia hạn 1 kỳ,,Tính năng mới,,,,,2026-07-30,2026-08-10,NHS,TCTHTW-53804,Story,US4_Ảnh hưởng trả góp do Flexdue,To Do,,,,,,
STORY,TCTHTW-53793,Gia hạn ngày thanh toán trong khoảng 1-16 ngày hoặc gia hạn 1 kỳ,,Tính năng mới,,,,,2026-07-30,2026-08-10,NHS,TCTHTW-53805,Story,"US5_Test ảnh hưởng SNQH, STQH, STTT,Late gần nhất báo cáo XHTD, CIC, Sao kê PDF",To Do,,,,,,
STORY,TCTHTW-53793,Gia hạn ngày thanh toán trong khoảng 1-16 ngày hoặc gia hạn 1 kỳ,,Tính năng mới,,,,,2026-07-30,2026-08-10,NHS,TCTHTW-53808,Story,US6_Reset lượt GHTT về 0 khi KH thanh toán đủ min,To Do,,,,,,
STORY,TCTHTW-53793,Gia hạn ngày thanh toán trong khoảng 1-16 ngày hoặc gia hạn 1 kỳ,,Tính năng mới,,,,,2026-07-30,2026-08-10,NHS,TCTHTW-53809,Story,US7_Ảnh hưởng chương trình TNTĐ và nhắc nợ do Flexdue,To Do,,,,,,
STORY,TCTHTW-53793,Gia hạn ngày thanh toán trong khoảng 1-16 ngày hoặc gia hạn 1 kỳ,,Tính năng mới,,,,,2026-07-30,2026-08-10,NHS,TCTHTW-53810,Story,US8_Bố sung báo cáo truy vấn GHTT trên cardportal,To Do,,,,,,
STORY,TCTHTW-54920,Chặn tính năng mở lại thẻ trên app MB nếu thẻ bị khóa bởi mô hình FCRM,,Cải tiến,,2026-08-06,2026-08-31,,2026-08-04,2026-08-05,,TCTHTW-54924,Story,US_Bổ sung thông tin nhận diện kênh khóa thẻ rủi ro và tham số kênh cho phép mở khóa thẻ rủi ro trên API getCardList,IN SIT,,,,,,
STORY,TCTHTW-55094,Phát triển sản phẩm thẻ MasterCard World - Giai đoạn 1,,Sản phẩm,,2026-08-10,,2026-08-13,2026-08-06,2026-08-14,,TCTHTW-55106,Story,US13. Bổ sung thẻ MC WORLD vào báo cáo ORS,To Do,,,,,,
STORY,TCTHTW-55147,Hiển thị số dư với giao dịch rút tiền thẻ MB và chỉnh sửa tọa độ nhập mã CBC trên ATM/CRM,,Cải tiến,2026-08-10,,,,2026-08-10,2026-08-11,,TCTHTW-55331,Story,Hiển thị số dư với giao dịch rút tiền thẻ MB và chỉnh sửa tọa độ nhập mã CBC trên ATM/CRM,Analyzing,,,,,,
STORY,TCTHTW-55360,Xây dựng luồng push noti/sms/email cho các yêu cầu trợ giúp,,Cải tiến,,,,,2026-08-12,2026-08-12,,TCTHTW-55361,Story,Xây dựng luồng push noti/sms/email cho các yêu cầu trợ giúp,IN UAT,,,,,,
EPIC,TCTHTW-55502,Báo cáo - Cảnh báo kết quả hạch toán tự động thanh quyết toán với các Tổ chức thẻ quốc tế,In Progress,Tính năng mới,,,,,2026-08-13,2026-08-13,,,,,,,,,,,
STORY,TESAV-8593,Cải tiến trải nghiệm & UI CDs,,Cải tiến,,2026-07-07,,2026-07-16,2026-06-30,2026-08-05,,TESAV-8627,Story,US 07.6.1- APP - Cải tiến wording trải nghiệm + noti + email giao dịch CD,Released,,,,,,
STORY,TESAV-8593,Cải tiến trải nghiệm & UI CDs,,Cải tiến,,2026-07-07,,2026-07-16,2026-06-30,2026-08-05,,TESAV-8660,Story, US 07.6.1- APP - Autofill RM CD,Released,,,,,,
STORY,TESAV-8595,Cải tiến trải nghiệm & UI TKS,,Cải tiến,,2026-07-07,,2026-07-23,2026-06-30,2026-08-05,,TESAV-8643,Story,Cải tiến trải nghiệm & UI TKS ,Released,,,,,,
STORY,TESAV-8596,"Cải tiến điều hướng & văn kiện, lãi suất TK Siêu lãi ngày",,Cải tiến,,2026-07-07,,2026-07-16,2026-06-30,2026-08-11,,TESAV-8642,Story,Điều hướng màn hình khi vào SLN,Released,,,,,,
STORY,TESAV-8596,"Cải tiến điều hướng & văn kiện, lãi suất TK Siêu lãi ngày",,Cải tiến,,2026-07-07,,2026-07-16,2026-06-30,2026-08-11,,TESAV-8650,Story,Cải tiến biểu lợi suất chi tiết theo nhãn đối tượng KH,Released,,,,,,
STORY,TESAV-8672,[Sản phẩm mới] Tiết kiệm số trả lãi đầu kỳ,,Sản phẩm/dịch vụ/quy trình mới,,2026-07-16,,,2026-07-09,2026-08-14,,TESAV-8797,Story,APP - Tìm kiếm sản phẩm và màn home tiền gửi,IN DEV,,,,,,
STORY,TESAV-8672,[Sản phẩm mới] Tiết kiệm số trả lãi đầu kỳ,,Sản phẩm/dịch vụ/quy trình mới,,2026-07-16,,,2026-07-09,2026-08-14,,TESAV-8798,Story,APP-Mở sổ tiết kiệm trả lãi trước,IN SIT,,,,,,
STORY,TESAV-8672,[Sản phẩm mới] Tiết kiệm số trả lãi đầu kỳ,,Sản phẩm/dịch vụ/quy trình mới,,2026-07-16,,,2026-07-09,2026-08-14,,TESAV-8865,Story,Cấu hình tham số sản phẩm Trả lãi đầu kì,IN DEV,,,,,,
STORY,TESAV-8672,[Sản phẩm mới] Tiết kiệm số trả lãi đầu kỳ,,Sản phẩm/dịch vụ/quy trình mới,,2026-07-16,,,2026-07-09,2026-08-14,,TESAV-8866,Story,MSSA-T24.US01. Luồng mở mới sổ Tiết kiệm trả lãi đầu kì,IN DEV,,,,,,
STORY,TESAV-8672,[Sản phẩm mới] Tiết kiệm số trả lãi đầu kỳ,,Sản phẩm/dịch vụ/quy trình mới,,2026-07-16,,,2026-07-09,2026-08-14,,TESAV-8878,Story,MSSA-T24 .US02. Truy vấn danh sách sổ và chi tiết sổ,IN DEV,,,,,,
STORY,TESAV-8672,[Sản phẩm mới] Tiết kiệm số trả lãi đầu kỳ,,Sản phẩm/dịch vụ/quy trình mới,,2026-07-16,,,2026-07-09,2026-08-14,,TESAV-8881,Story,MSSA .US01. Tất toán trước hạn ngoài COB,Ready For Dev,,,,,,
STORY,TESAV-8672,[Sản phẩm mới] Tiết kiệm số trả lãi đầu kỳ,,Sản phẩm/dịch vụ/quy trình mới,,2026-07-16,,,2026-07-09,2026-08-14,,TESAV-8895,Story,MSSA.US04. Job retry truy vấn thông tin mở sổ,Cancelled,,,,,,
STORY,TESAV-8672,[Sản phẩm mới] Tiết kiệm số trả lãi đầu kỳ,,Sản phẩm/dịch vụ/quy trình mới,,2026-07-16,,,2026-07-09,2026-08-14,,TESAV-8898,Story,"MSSA.US03. API xác định ngày mở sổ , ngày đáo hạn sổ LD",Ready For Dev,,,,,,
STORY,TESAV-8672,[Sản phẩm mới] Tiết kiệm số trả lãi đầu kỳ,,Sản phẩm/dịch vụ/quy trình mới,,2026-07-16,,,2026-07-09,2026-08-14,,TESAV-8905,Story,Gửi noti + mail mở sổ thành công,DEV DONE,,,,,,
STORY,TESAV-8672,[Sản phẩm mới] Tiết kiệm số trả lãi đầu kỳ,,Sản phẩm/dịch vụ/quy trình mới,,2026-07-16,,,2026-07-09,2026-08-14,,TESAV-8910,Story,APP - Tất toán sổ tiết kiệm trả trước,IN DEV,,,,,,
STORY,TESAV-8672,[Sản phẩm mới] Tiết kiệm số trả lãi đầu kỳ,,Sản phẩm/dịch vụ/quy trình mới,,2026-07-16,,,2026-07-09,2026-08-14,,TESAV-8920,Story,APP- Xem chi tiết sổ tiết kiệm,WAITING FOR PLANNING,,,,,,
STORY,TESAV-8672,[Sản phẩm mới] Tiết kiệm số trả lãi đầu kỳ,,Sản phẩm/dịch vụ/quy trình mới,,2026-07-16,,,2026-07-09,2026-08-14,,TESAV-8957,Story,Preview thỏa thuận/hợp đồng tiền gửi trả lãi trước khi mở sổ,IN DEV,,,,,,
STORY,TESAV-8672,[Sản phẩm mới] Tiết kiệm số trả lãi đầu kỳ,,Sản phẩm/dịch vụ/quy trình mới,,2026-07-16,,,2026-07-09,2026-08-14,,TESAV-8963,Story,APP Gửi noti + mail tất toán thành công,DEV DONE,,,,,,
STORY,TESAV-8672,[Sản phẩm mới] Tiết kiệm số trả lãi đầu kỳ,,Sản phẩm/dịch vụ/quy trình mới,,2026-07-16,,,2026-07-09,2026-08-14,,TESAV-8966,Story,APP - Khóa tất toán online sổ tiết kiệm trả lãi trước,DEV DONE,,,,,,
STORY,TESAV-8672,[Sản phẩm mới] Tiết kiệm số trả lãi đầu kỳ,,Sản phẩm/dịch vụ/quy trình mới,,2026-07-16,,,2026-07-09,2026-08-14,,TESAV-8978,Story,MSSA-T24.US02. Luồng tính lãi khi Tất toán sổ tiết kiệm,Ready For Dev,,,,,,
STORY,TESAV-8672,[Sản phẩm mới] Tiết kiệm số trả lãi đầu kỳ,,Sản phẩm/dịch vụ/quy trình mới,,2026-07-16,,,2026-07-09,2026-08-14,,TESAV-9048,Story,TLT Roll out phase 1 cho tập CBNV ,Analyzing,,,,,,
STORY,TESAV-8672,[Sản phẩm mới] Tiết kiệm số trả lãi đầu kỳ,,Sản phẩm/dịch vụ/quy trình mới,,2026-07-16,,,2026-07-09,2026-08-14,,TESAV-9068,Story,T24 - US 01: Noti BDSD trên TKTT,READY FOR REFINE,,,,,,
STORY,TESAV-8672,[Sản phẩm mới] Tiết kiệm số trả lãi đầu kỳ,,Sản phẩm/dịch vụ/quy trình mới,,2026-07-16,,,2026-07-09,2026-08-14,,TESAV-9085,Story,Truy vấn danh sách sổ,DEV DONE,,,,,,
STORY,TESAV-8708,"Cải tiến trải nghiệm CDs_màn xem chi tiết CCTG nhận CN(trường lợi tức hiện tại, cuối kì)",,Cải tiến,,2026-07-16,,2026-07-23,2026-07-13,2026-08-07,,TESAV-8784,Story,Màn xem chi tiết CCTG sau nhận chuyển nhượng,Released,,,,,,
EPIC,TESAV-9013,Giấy xác nhận số dư tiền gửi số,In Progress,Tính năng mới,,,,,2026-07-31,2026-08-12,,,,,,,,,,,
EPIC,TESAV-9103,Chặn chuyển nhượng với sổ áp dụng voucher với kỳ hạn được tham số trên hệ thống,In Progress,Cải tiến,,,,,2026-08-13,2026-08-13,,,,,,,,,,,
EPIC,USC-5255,XÂY LUỒNG CALLBACK TỪ LITEX VỀ MB,In Progress,Cải tiến,2026-06-01,,,,2026-06-08,2026-06-08,,,,,,,,,,,
EPIC,USC-5256,XÂY LUỒNG CALLBACK TỪ LITEX VỀ MB,In Progress,Cải tiến,2026-06-01,,,,2026-06-08,2026-06-08,,,,,,,,,,,
EPIC,USC-5260,XÂY LUỒNG CALLBACK TỪ LITEX VỀ MB,In Progress,Cải tiến,2026-06-01,,,,2026-06-08,2026-06-08,,,,,,,,,,,
SUBTASK,USC-5264,XÂY LUỒNG CALLBACK TỪ LITEX VỀ MB,,Cải tiến,2026-06-01,,,,2026-06-08,2026-06-18,,PMP-66838,Story,[PMP] Xử lý luồng đối tác LiteX call MB ,Released,PMP-66839,BA,[BA]_[Phân tích yêu cầu]_[PMP] Xử lý luồng đối tác LiteX call MB ,Done,,
SUBTASK,USC-5264,XÂY LUỒNG CALLBACK TỪ LITEX VỀ MB,,Cải tiến,2026-06-01,,,,2026-06-08,2026-06-18,,PMP-66838,Story,[PMP] Xử lý luồng đối tác LiteX call MB ,Released,PMP-66840,DEV,[DEV]_[Thiết kế chi tiết + phát triển]_[PMP] Xử lý luồng đối tác LiteX call MB ,Done,,
SUBTASK,USC-5264,XÂY LUỒNG CALLBACK TỪ LITEX VỀ MB,,Cải tiến,2026-06-01,,,,2026-06-08,2026-06-18,,PMP-66838,Story,[PMP] Xử lý luồng đối tác LiteX call MB ,Released,PMP-66841,Design,[TEST]_[CREATE TC]_[PMP] Xử lý luồng đối tác LiteX call MB_Cập nhật bổ sung order,Done,,
SUBTASK,USC-5264,XÂY LUỒNG CALLBACK TỪ LITEX VỀ MB,,Cải tiến,2026-06-01,,,,2026-06-08,2026-06-18,,PMP-66838,Story,[PMP] Xử lý luồng đối tác LiteX call MB ,Released,PMP-66842,KSTĐ,[TEST]_[CHECKLIST KIỂM SOÁT TÁC ĐỘNG]_[PMP] Xử lý luồng đối tác LiteX call MB ,Done,,
SUBTASK,USC-5264,XÂY LUỒNG CALLBACK TỪ LITEX VỀ MB,,Cải tiến,2026-06-01,,,,2026-06-08,2026-06-18,,PMP-66838,Story,[PMP] Xử lý luồng đối tác LiteX call MB ,Released,PMP-66843,Sub Test Execution,[TEST]_[SIT MANUAL]_[PMP] Xử lý luồng đối tác LiteX call MB_Cập nhật bổ sung order,Done,,
SUBTASK,USC-5264,XÂY LUỒNG CALLBACK TỪ LITEX VỀ MB,,Cải tiến,2026-06-01,,,,2026-06-08,2026-06-18,,PMP-66838,Story,[PMP] Xử lý luồng đối tác LiteX call MB ,Released,PMP-67003,Design,[TEST]_[CREATE TD]_[PMP] Xử lý luồng đối tác LiteX call MB_Cập nhật bổ sung order,Done,,
SUBTASK,USC-5264,XÂY LUỒNG CALLBACK TỪ LITEX VỀ MB,,Cải tiến,2026-06-01,,,,2026-06-08,2026-06-18,,PMP-66838,Story,[PMP] Xử lý luồng đối tác LiteX call MB ,Released,PMP-67022,Design,[CREATE TD] Xử lý luồng LiteX call MB _API hủy order.canceled,Done,,
SUBTASK,USC-5264,XÂY LUỒNG CALLBACK TỪ LITEX VỀ MB,,Cải tiến,2026-06-01,,,,2026-06-08,2026-06-18,,PMP-66838,Story,[PMP] Xử lý luồng đối tác LiteX call MB ,Released,PMP-67023,Sub Test Execution,[SIT MANUAL] Xử lý luồng LiteX callback MB_APi hủy order.cancel,Done,,
SUBTASK,USC-5264,XÂY LUỒNG CALLBACK TỪ LITEX VỀ MB,,Cải tiến,2026-06-01,,,,2026-06-08,2026-06-18,,PMP-66838,Story,[PMP] Xử lý luồng đối tác LiteX call MB ,Released,PMP-67068,Meeting,[REFIREMENT] Xử lý luồng đối tác LiteX call MB+ Rà soát Nâng cấp T24 R25+ ĐT AI skill cho testing API,Done,,
SUBTASK,USC-5264,XÂY LUỒNG CALLBACK TỪ LITEX VỀ MB,,Cải tiến,2026-06-01,,,,2026-06-08,2026-06-18,,PMP-66838,Story,[PMP] Xử lý luồng đối tác LiteX call MB ,Released,PMP-67201,Support,[CREATE DATA] Tạo data thanh toán đối tác LiteX,Done,,
SUBTASK,USC-5264,XÂY LUỒNG CALLBACK TỪ LITEX VỀ MB,,Cải tiến,2026-06-01,,,,2026-06-08,2026-06-18,,PMP-67199,Story,[Open Banking] Xây dựng api đối tác LiteX gọi sang MB,Released,PMP-67200,BA,BA Phân tích yêu cầu,Done,,
SUBTASK,USC-5264,XÂY LUỒNG CALLBACK TỪ LITEX VỀ MB,,Cải tiến,2026-06-01,,,,2026-06-08,2026-06-18,,USC-5271,Story,US1. Luồng callback chiều litex về MB,Released,USC-5272,BA,BA - Phân tích - US1. Luồng callback chiều litex về MB,Done,,
SUBTASK,USC-5264,XÂY LUỒNG CALLBACK TỪ LITEX VỀ MB,,Cải tiến,2026-06-01,,,,2026-06-08,2026-06-18,,USC-5271,Story,US1. Luồng callback chiều litex về MB,Released,USC-5273,Design,DEV - Thiết kế - US1. Luồng callback chiều litex về MB,Done,,
SUBTASK,USC-5264,XÂY LUỒNG CALLBACK TỪ LITEX VỀ MB,,Cải tiến,2026-06-01,,,,2026-06-08,2026-06-18,,USC-5271,Story,US1. Luồng callback chiều litex về MB,Released,USC-5274,DEV,DEV - Phát triển - US1. Luồng callback chiều litex về MB,Done,,
SUBTASK,USC-5264,XÂY LUỒNG CALLBACK TỪ LITEX VỀ MB,,Cải tiến,2026-06-01,,,,2026-06-08,2026-06-18,,USC-5271,Story,US1. Luồng callback chiều litex về MB,Released,USC-5275,Pre-Golive,DEV - chuẩn bị golive - US1. Luồng callback chiều litex về MB,Done,,
SUBTASK,USC-5264,XÂY LUỒNG CALLBACK TỪ LITEX VỀ MB,,Cải tiến,2026-06-01,,,,2026-06-08,2026-06-18,,USC-5271,Story,US1. Luồng callback chiều litex về MB,Released,USC-5276,Support,DEV - Hỗ trợ - US1. Luồng callback chiều litex về MB,Done,,
SUBTASK,USC-5264,XÂY LUỒNG CALLBACK TỪ LITEX VỀ MB,,Cải tiến,2026-06-01,,,,2026-06-08,2026-06-18,,USC-5271,Story,US1. Luồng callback chiều litex về MB,Released,USC-5277,Review,DEV - Review tài liệu - US1. Luồng callback chiều litex về MB,Done,,
SUBTASK,USC-5264,XÂY LUỒNG CALLBACK TỪ LITEX VỀ MB,,Cải tiến,2026-06-01,,,,2026-06-08,2026-06-18,,USC-5271,Story,US1. Luồng callback chiều litex về MB,Released,USC-5278,Review TKCT,DEV - Review TKCT - US1. Luồng callback chiều litex về MB,Done,,
SUBTASK,USC-5264,XÂY LUỒNG CALLBACK TỪ LITEX VỀ MB,,Cải tiến,2026-06-01,,,,2026-06-08,2026-06-18,,USC-5271,Story,US1. Luồng callback chiều litex về MB,Released,USC-5279,Design,SIT - Test design - US1. Luồng callback chiều litex về MB,Done,2026-06-09,2026-06-10
SUBTASK,USC-5264,XÂY LUỒNG CALLBACK TỪ LITEX VỀ MB,,Cải tiến,2026-06-01,,,,2026-06-08,2026-06-18,,USC-5271,Story,US1. Luồng callback chiều litex về MB,Released,USC-5280,Sub-task,[CREATE TC] US1. Luồng callback chiều litex về MB,Done,2026-06-11,2026-06-12
SUBTASK,USC-5264,XÂY LUỒNG CALLBACK TỪ LITEX VỀ MB,,Cải tiến,2026-06-01,,,,2026-06-08,2026-06-18,,USC-5271,Story,US1. Luồng callback chiều litex về MB,Released,USC-5281,Sub Test Execution,SIT - thực hiện test - Hủy gia hạn từ đầu LiteX,Done,2026-06-15,2026-06-17
SUBTASK,USC-5264,XÂY LUỒNG CALLBACK TỪ LITEX VỀ MB,,Cải tiến,2026-06-01,,,,2026-06-08,2026-06-18,,USC-5271,Story,US1. Luồng callback chiều litex về MB,Released,USC-5282,KSTĐ,SIT - KSTĐ - US1. Luồng callback chiều litex về MB,Cancelled,,
SUBTASK,USC-5264,XÂY LUỒNG CALLBACK TỪ LITEX VỀ MB,,Cải tiến,2026-06-01,,,,2026-06-08,2026-06-18,,USC-5271,Story,US1. Luồng callback chiều litex về MB,Released,USC-5283,Sub-task,SIT - Mini review - US1. Luồng callback chiều litex về MB,Done,2026-06-15,2026-06-16
SUBTASK,USC-5286,MAPPING THÊM MÃ LỖI CHO TÍNH NĂNG MBS,,Cải tiến,,,,2026-06-16,2026-06-09,2026-08-11,,USC-5290,Story,Mapping mã lỗi MBS,Released,USC-5291,BA,BA - Phân tích - Mapping mã lỗi MBS,Done,,
SUBTASK,USC-5286,MAPPING THÊM MÃ LỖI CHO TÍNH NĂNG MBS,,Cải tiến,,,,2026-06-16,2026-06-09,2026-08-11,,USC-5290,Story,Mapping mã lỗi MBS,Released,USC-5292,Design,DEV - Thiết kế - Mapping mã lỗi MBS,Done,,
SUBTASK,USC-5286,MAPPING THÊM MÃ LỖI CHO TÍNH NĂNG MBS,,Cải tiến,,,,2026-06-16,2026-06-09,2026-08-11,,USC-5290,Story,Mapping mã lỗi MBS,Released,USC-5293,DEV,[DEV-CLIENT] - Phát triển - Mapping mã lỗi,Done,2026-06-10,2026-06-10
SUBTASK,USC-5286,MAPPING THÊM MÃ LỖI CHO TÍNH NĂNG MBS,,Cải tiến,,,,2026-06-16,2026-06-09,2026-08-11,,USC-5290,Story,Mapping mã lỗi MBS,Released,USC-5294,Pre-Golive,DEV - chuẩn bị golive - Mapping mã lỗi MBS,Cancelled,,
SUBTASK,USC-5286,MAPPING THÊM MÃ LỖI CHO TÍNH NĂNG MBS,,Cải tiến,,,,2026-06-16,2026-06-09,2026-08-11,,USC-5290,Story,Mapping mã lỗi MBS,Released,USC-5295,Support,DEV - Hỗ trợ - Mapping mã lỗi MBS,Done,,
SUBTASK,USC-5286,MAPPING THÊM MÃ LỖI CHO TÍNH NĂNG MBS,,Cải tiến,,,,2026-06-16,2026-06-09,2026-08-11,,USC-5290,Story,Mapping mã lỗi MBS,Released,USC-5296,Review,DEV - Review tài liệu - Mapping mã lỗi MBS,Done,,
SUBTASK,USC-5286,MAPPING THÊM MÃ LỖI CHO TÍNH NĂNG MBS,,Cải tiến,,,,2026-06-16,2026-06-09,2026-08-11,,USC-5290,Story,Mapping mã lỗi MBS,Released,USC-5297,Review TKCT,DEV - Review TKCT - Mapping mã lỗi MBS,Cancelled,,
SUBTASK,USC-5286,MAPPING THÊM MÃ LỖI CHO TÍNH NĂNG MBS,,Cải tiến,,,,2026-06-16,2026-06-09,2026-08-11,,USC-5290,Story,Mapping mã lỗi MBS,Released,USC-5298,Design,[CREATE TD] Mapping mã lỗi MBS,Done,2026-06-09,2026-06-10
SUBTASK,USC-5286,MAPPING THÊM MÃ LỖI CHO TÍNH NĂNG MBS,,Cải tiến,,,,2026-06-16,2026-06-09,2026-08-11,,USC-5290,Story,Mapping mã lỗi MBS,Released,USC-5299,Review,SIT - Review - Mapping mã lỗi MBS,Cancelled,,
SUBTASK,USC-5286,MAPPING THÊM MÃ LỖI CHO TÍNH NĂNG MBS,,Cải tiến,,,,2026-06-16,2026-06-09,2026-08-11,,USC-5290,Story,Mapping mã lỗi MBS,Released,USC-5300,Sub Test Execution,[SIT/UAT MANUAL] Mapping thêm mã lỗi MBS,Done,2026-06-16,2026-06-17
SUBTASK,USC-5286,MAPPING THÊM MÃ LỖI CHO TÍNH NĂNG MBS,,Cải tiến,,,,2026-06-16,2026-06-09,2026-08-11,,USC-5290,Story,Mapping mã lỗi MBS,Released,USC-5301,KSTĐ,[CHECKLIST KIỂM SOÁT TÁC ĐỘNG] Mapping mã lỗi MBS,Done,,
SUBTASK,USC-5286,MAPPING THÊM MÃ LỖI CHO TÍNH NĂNG MBS,,Cải tiến,,,,2026-06-16,2026-06-09,2026-08-11,,USC-5290,Story,Mapping mã lỗi MBS,Released,USC-5302,Sub-task,SIT - Mini review - Mapping mã lỗi MBS,Done,,
SUBTASK,USC-5286,MAPPING THÊM MÃ LỖI CHO TÍNH NĂNG MBS,,Cải tiến,,,,2026-06-16,2026-06-09,2026-08-11,,USC-5290,Story,Mapping mã lỗi MBS,Released,USC-5303,Sub-task,[DEV-CLIENT] - BB Mapping mã lỗi,Done,2026-06-09,2026-06-09
SUBTASK,USC-5286,MAPPING THÊM MÃ LỖI CHO TÍNH NĂNG MBS,,Cải tiến,,,,2026-06-16,2026-06-09,2026-08-11,,USC-5290,Story,Mapping mã lỗi MBS,Released,USC-5304,Sub-task,[DEV-CLIENT] - Support SIT - Mapping mã lỗi,Done,2026-06-11,2026-06-12
SUBTASK,USC-5286,MAPPING THÊM MÃ LỖI CHO TÍNH NĂNG MBS,,Cải tiến,,,,2026-06-16,2026-06-09,2026-08-11,,USC-5290,Story,Mapping mã lỗi MBS,Released,USC-5306,Meeting,[REFINEMENT] Luồng Callback chiều LITE X về MB,Done,2026-06-08,2026-06-08
SUBTASK,USC-5286,MAPPING THÊM MÃ LỖI CHO TÍNH NĂNG MBS,,Cải tiến,,,,2026-06-16,2026-06-09,2026-08-11,,USC-5290,Story,Mapping mã lỗi MBS,Released,USC-5307,Meeting,[MINI REVIEW] Gia hạn bask,Done,2026-06-08,2026-06-08
SUBTASK,USC-5286,MAPPING THÊM MÃ LỖI CHO TÍNH NĂNG MBS,,Cải tiến,,,,2026-06-16,2026-06-09,2026-08-11,,USC-5290,Story,Mapping mã lỗi MBS,Released,USC-5308,Meeting,[REFINEMENT] Mapping thêm mã lỗi MBS,Done,2026-06-08,2026-06-08
SUBTASK,USC-5286,MAPPING THÊM MÃ LỖI CHO TÍNH NĂNG MBS,,Cải tiến,,,,2026-06-16,2026-06-09,2026-08-11,,USC-5290,Story,Mapping mã lỗi MBS,Released,USC-5309,Sub-task,[OTHER] Mapping thêm mã lỗi cho MBS,Done,2026-06-08,2026-06-08
SUBTASK,USC-5286,MAPPING THÊM MÃ LỖI CHO TÍNH NĂNG MBS,,Cải tiến,,,,2026-06-16,2026-06-09,2026-08-11,,USC-5290,Story,Mapping mã lỗi MBS,Released,USC-5310,Sub-task,[PLANNING] Mapping thêm mã lỗi cho MBS và Luồng callback chiều LiteX về MB,Done,2026-06-09,2026-06-09
SUBTASK,USC-5286,MAPPING THÊM MÃ LỖI CHO TÍNH NĂNG MBS,,Cải tiến,,,,2026-06-16,2026-06-09,2026-08-11,,USC-5290,Story,Mapping mã lỗi MBS,Released,USC-5311,Sub-task,[OTHER] Triển khai và ứng dụng các skill AI vào các giai đoạn kiểm thử manual,Done,2026-06-09,2026-06-09
SUBTASK,USC-5286,MAPPING THÊM MÃ LỖI CHO TÍNH NĂNG MBS,,Cải tiến,,,,2026-06-16,2026-06-09,2026-08-11,,USC-5290,Story,Mapping mã lỗi MBS,Released,USC-5319,Design,[CREATE TC] Mapping mã lỗi MBS,Done,2026-06-11,2026-06-11
SUBTASK,USC-5286,MAPPING THÊM MÃ LỖI CHO TÍNH NĂNG MBS,,Cải tiến,,,,2026-06-16,2026-06-09,2026-08-11,,USC-5290,Story,Mapping mã lỗi MBS,Released,USC-5320,Meeting,[MINI REVIEW] Mapping thêm mã lỗi MBS,Done,2026-06-11,2026-06-11
SUBTASK,USC-5286,MAPPING THÊM MÃ LỖI CHO TÍNH NĂNG MBS,,Cải tiến,,,,2026-06-16,2026-06-09,2026-08-11,,USC-5290,Story,Mapping mã lỗi MBS,Released,USC-5321,Sub-task,[OTHER] Mock data App - MS - MBS để mapping mã lỗi MBS,Done,2026-06-12,2026-06-15
STORY,USC-5326,Luồng hủy sản phẩm bảo hiểm + tặng quà giữ chân KH,,Tính năng mới,,2026-06-18,,2026-07-08,2026-06-17,2026-08-05,,USC-5337,Story,US1. Tặng quà cho KH hủy sản phẩm bảo hiểm litex,Released,,,,,,
STORY,USC-5372,Cập nhật noti đăng ký thành công và keyword search,,Cải tiến,2026-06-22,,,2026-06-25,2026-06-23,2026-08-05,,USC-5376,Story,Cập nhật noti đăng ký thành công và keyword search,Released,,,,,,
STORY,USC-5389,Xây dựng trigger khung tự động,,Tính năng mới,,,,,2026-06-24,2026-08-04,,PMP-67838,Story,"[BILLING] Xây khung auto: Ngày thanh toán đầu tiên, trigger số dư, số tiền thanh toán theo sản phẩm",Cancelled,,,,,,
STORY,USC-5441,"Cải tiến nội dung push notti & email khi mua thành công, gia hạn gói ",,Cải tiến,,,,,2026-06-30,2026-08-12,,USC-5446,Story,"SUB_Cải tiến nội dung push notti & email khi mua thành công, gia hạn gói",Released,,,,,,
STORY,USC-5523,EPIC - Điều hướng tính năng PFM,,Cải tiến,,,,2026-08-12,2026-08-03,2026-08-14,,USC-5502,Story,Điều hướng & Off quyền lợi PFM trong gói hội viên MB và tính năng ngoài,Released,,,,,,
STORY,USC-5531,Bán chéo bảo hiểm MBL luồng thanh toán,,Cải tiến,,2026-07-27,,2026-08-06,2026-08-03,2026-08-11,,USC-5413,Story,US2. [Luồng thanh toán] Bán chéo bảo hiểm bệnh hiểm nghèo MBL,Released,,,,,,
EPIC,USC-5548,Xây dựng khung tắt Noti BDSD,In Progress,Tính năng mới,,,,,2026-08-11,2026-08-11,,,,,,,,,,,
STORY,USC-5549,"Không gợi ý trên các giao dịch dùng tài khoản lương, tài khoản thấu chi",,Cải tiến,,,,,2026-08-11,2026-08-13,,APPPART-1260,Story,Chặn hiển thị sản phẩm bán chéo với tài khoản nguồn = TKTC/ TKLương ,Analyzing,,,,,,
STORY,USC-5549,"Không gợi ý trên các giao dịch dùng tài khoản lương, tài khoản thấu chi",,Cải tiến,,,,,2026-08-11,2026-08-13,,USC-5565,Story,"Cải tiến: Không gợi ý trên các giao dịch dùng tài khoản lương, tài khoản thấu chi",To Do,,,,,,
STORY,USC-5556,Cải tiến WebPortal khung bán chéo,,Cải tiến,,,,,2026-08-11,2026-08-13,,USC-5564,Story,Cải tiến tính năng quản lý sản phẩm bán chéo  ,Analyzing,,,,,,
EPIC,USC-5560,Áp dụng khung bán chéo modal 2 tick,In Progress,Cải tiến,,,,,2026-08-11,2026-08-12,,,,,,,,,,,
EPIC,WM-29590,PENTEST API vàng bạc Bảo Tín Mạnh Hải,In Progress,Tính năng mới,2026-06-04,,,,2026-06-04,2026-07-06,WM - Team 1 ,,,,,,,,,,
EPIC,WM-30220,Bổ sung TCPH quỹ An Bình,In Progress,Cải tiến,2026-06-17,,,2026-06-26,2026-06-17,2026-08-05,,,,,,,,,,,
STORY,WM-30310,Giao dịch trái phiếu riêng lẻ Tập đoàn GĐ1,,Sản phẩm/dịch vụ/quy trình mới,,,,,2026-06-22,2026-08-09,WM - Team 1 ,WM-30311,Story,Đồng bộ thông tin trái phiếu đa kho,SIT DONE,,,,,,
STORY,WM-30310,Giao dịch trái phiếu riêng lẻ Tập đoàn GĐ1,,Sản phẩm/dịch vụ/quy trình mới,,,,,2026-06-22,2026-08-09,WM - Team 1 ,WM-30312,Story,Luồng mua trái phiếu đa kho,SIT DONE,,,,,,
STORY,WM-30310,Giao dịch trái phiếu riêng lẻ Tập đoàn GĐ1,,Sản phẩm/dịch vụ/quy trình mới,,,,,2026-06-22,2026-08-09,WM - Team 1 ,WM-30340,Story,Luồng bán trái phiếu đa kho,SIT DONE,,,,,,
STORY,WM-30310,Giao dịch trái phiếu riêng lẻ Tập đoàn GĐ1,,Sản phẩm/dịch vụ/quy trình mới,,,,,2026-06-22,2026-08-09,WM - Team 1 ,WM-30353,Story,Đồng bộ kết quả khớp lệnh bán TPRL,SIT DONE,,,,,,
STORY,WM-30310,Giao dịch trái phiếu riêng lẻ Tập đoàn GĐ1,,Sản phẩm/dịch vụ/quy trình mới,,,,,2026-06-22,2026-08-09,WM - Team 1 ,WM-30670,Story,APP - Danh sách và chi tiết trái phiếu,SIT DONE,,,,,,
STORY,WM-30310,Giao dịch trái phiếu riêng lẻ Tập đoàn GĐ1,,Sản phẩm/dịch vụ/quy trình mới,,,,,2026-06-22,2026-08-09,WM - Team 1 ,WM-30684,Story,Đồng bộ thông tin lệnh mua/bán sang TP MB,IN SIT,,,,,,
STORY,WM-30310,Giao dịch trái phiếu riêng lẻ Tập đoàn GĐ1,,Sản phẩm/dịch vụ/quy trình mới,,,,,2026-06-22,2026-08-09,WM - Team 1 ,WM-30702,Story,Đồng bộ khớp lệnh đáo hạn trái phiếu (OTC + TPRL),SIT DONE,,,,,,
STORY,WM-30310,Giao dịch trái phiếu riêng lẻ Tập đoàn GĐ1,,Sản phẩm/dịch vụ/quy trình mới,,,,,2026-06-22,2026-08-09,WM - Team 1 ,WM-31052,Story,Luồng mua trái phiếu - sửa trải nghiệm,IN SIT,,,,,,
STORY,WM-30310,Giao dịch trái phiếu riêng lẻ Tập đoàn GĐ1,,Sản phẩm/dịch vụ/quy trình mới,,,,,2026-06-22,2026-08-09,WM - Team 1 ,WM-31053,Story,Luồng bán - sửa trải nghiệm và gen hợp đồng bán trước hạn,SIT DONE,,,,,,
STORY,WM-30310,Giao dịch trái phiếu riêng lẻ Tập đoàn GĐ1,,Sản phẩm/dịch vụ/quy trình mới,,,,,2026-06-22,2026-08-09,WM - Team 1 ,WM-31900,Story,Đồng bộ TP - đơn giá phân biệt theo kỳ hạn,SIT DONE,,,,,,
EPIC,WM-30453,Cải tiến nội bộ hệ thống CNTT,In Progress,Cải tiến,,,,,2026-06-24,2026-08-11,WM - Team 1 ,,,,,,,,,,
STORY,WM-30864,Giao dịch vàng Bảo Tín Mạnh Hải,,Tính năng mới,2026-07-20,2026-07-20,,2026-08-17,2026-07-20,2026-08-11,WM - Team 1 ,WM-30894,Story,Tạo tài khoản KH - tích hợp đối tác BTMH,UAT DONE,,,,,,
STORY,WM-30864,Giao dịch vàng Bảo Tín Mạnh Hải,,Tính năng mới,2026-07-20,2026-07-20,,2026-08-17,2026-07-20,2026-08-11,WM - Team 1 ,WM-30895,Story,APP-Danh sách sản phẩm BTMH + Job đồng bộ + Webhook,UAT DONE,,,,,,
STORY,WM-30864,Giao dịch vàng Bảo Tín Mạnh Hải,,Tính năng mới,2026-07-20,2026-07-20,,2026-08-17,2026-07-20,2026-08-11,WM - Team 1 ,WM-30896,Story,Tích hợp API lấy thông tin sp BTMH -Job đồng bộ tt sp,Cancelled,,,,,,
STORY,WM-30864,Giao dịch vàng Bảo Tín Mạnh Hải,,Tính năng mới,2026-07-20,2026-07-20,,2026-08-17,2026-07-20,2026-08-11,WM - Team 1 ,WM-30897,Story,Đồng bộ thông tin cửa hàng BTMH,UAT DONE,,,,,,
STORY,WM-30864,Giao dịch vàng Bảo Tín Mạnh Hải,,Tính năng mới,2026-07-20,2026-07-20,,2026-08-17,2026-07-20,2026-08-11,WM - Team 1 ,WM-30898,Story,APP- Tích hợp luồng Đăng ký mua vàng BTMH,UAT DONE,,,,,,
STORY,WM-30864,Giao dịch vàng Bảo Tín Mạnh Hải,,Tính năng mới,2026-07-20,2026-07-20,,2026-08-17,2026-07-20,2026-08-11,WM - Team 1 ,WM-30899,Story,Job retry timeout tạo đơn sang BTMH,UAT DONE,,,,,,
STORY,WM-30864,Giao dịch vàng Bảo Tín Mạnh Hải,,Tính năng mới,2026-07-20,2026-07-20,,2026-08-17,2026-07-20,2026-08-11,WM - Team 1 ,WM-30900,Story,Callback_Đồng bộ trạng thái GD từ đối tác BTMH,UAT DONE,,,,,,
STORY,WM-30864,Giao dịch vàng Bảo Tín Mạnh Hải,,Tính năng mới,2026-07-20,2026-07-20,,2026-08-17,2026-07-20,2026-08-11,WM - Team 1 ,WM-30901,Story,"APP-Danh sách tài sản, chi tiết tài sản vàng",UAT DONE,,,,,,
STORY,WM-30864,Giao dịch vàng Bảo Tín Mạnh Hải,,Tính năng mới,2026-07-20,2026-07-20,,2026-08-17,2026-07-20,2026-08-11,WM - Team 1 ,WM-30902,Story," Tích hợp luồng Thanh toán, Hoàn tiền",Cancelled,,,,,,
STORY,WM-30864,Giao dịch vàng Bảo Tín Mạnh Hải,,Tính năng mới,2026-07-20,2026-07-20,,2026-08-17,2026-07-20,2026-08-11,WM - Team 1 ,WM-30915,Story,Tích hợp luồng webhook đối tác BTMH chủ động cập nhật thông tin sp,Cancelled,,,,,,
EPIC,WM-31047,[Beerich] Phát triển SPĐT Chứng chỉ quỹ trên Beerich - Phase 1,In Progress,Sản phẩm/dịch vụ/quy trình mới,,,,,2026-07-22,2026-07-31,,,,,,,,,,,
STORY,WM-31288,Phát triển nền tảng SPĐT trên Beerich,,Hệ thống mới,,2026-07-29,,,2026-07-24,2026-08-14,,WM-31220,Story,[DG Lite CCQ-Beerich] Onboarding DG Lite CCQ (Định danh + Đăng nhập),Ready For Dev,,,,,,
STORY,WM-31288,Phát triển nền tảng SPĐT trên Beerich,,Hệ thống mới,,2026-07-29,,,2026-07-24,2026-08-14,,WM-31221,Story,[DG Lite CCQ-Beerich] Mở tài khoản Digi,Ready For Dev,,,,,,
STORY,WM-31288,Phát triển nền tảng SPĐT trên Beerich,,Hệ thống mới,,2026-07-29,,,2026-07-24,2026-08-14,,WM-31234,Story,[DG Lite CCQ-Beerich] Cập nhật thông tin cá nhân,IN DEV,,,,,,
STORY,WM-31288,Phát triển nền tảng SPĐT trên Beerich,,Hệ thống mới,,2026-07-29,,,2026-07-24,2026-08-14,,WM-31235,Story,[DG Lite CCQ-Beerich] Luồng mua CCQ - Chỉnh sửa phần chuyển tiền,IN DEV,,,,,,
STORY,WM-31288,Phát triển nền tảng SPĐT trên Beerich,,Hệ thống mới,,2026-07-29,,,2026-07-24,2026-08-14,,WM-31236,Story,[DG Lite CCQ-Beerich] Luồng mua combo CCQ - Chỉnh sửa phần chuyển tiền,IN DEV,,,,,,
STORY,WM-31288,Phát triển nền tảng SPĐT trên Beerich,,Hệ thống mới,,2026-07-29,,,2026-07-24,2026-08-14,,WM-31289,Story,Màn hình Home Đầu tư (Trang tổng quan),Pending,,,,,,
STORY,WM-31288,Phát triển nền tảng SPĐT trên Beerich,,Hệ thống mới,,2026-07-29,,,2026-07-24,2026-08-14,,WM-31290,Story,Màn hình Hồ sơ người dùng,IN DEV,,,,,,
STORY,WM-31288,Phát triển nền tảng SPĐT trên Beerich,,Hệ thống mới,,2026-07-29,,,2026-07-24,2026-08-14,,WM-31291,Story,Màn hình Tổng tài sản đầu tư,IN DEV,,,,,,
STORY,WM-31288,Phát triển nền tảng SPĐT trên Beerich,,Hệ thống mới,,2026-07-29,,,2026-07-24,2026-08-14,,WM-31342,Story,Chỉnh sửa module quản lý banner - Thêm trường Loại ứng dụng,To Do,,,,,,
STORY,WM-31288,Phát triển nền tảng SPĐT trên Beerich,,Hệ thống mới,,2026-07-29,,,2026-07-24,2026-08-14,,WM-31360,Story,Màn hình Lợi nhuận đã nhận,Pending,,,,,,
STORY,WM-31288,Phát triển nền tảng SPĐT trên Beerich,,Hệ thống mới,,2026-07-29,,,2026-07-24,2026-08-14,,WM-32131,Story,[Mua tự động] Màn hình theo dõi Tích lũy tự động,READY FOR REFINE,,,,,,
STORY,WM-31288,Phát triển nền tảng SPĐT trên Beerich,,Hệ thống mới,,2026-07-29,,,2026-07-24,2026-08-14,,WM-32148,Story,[Mua tự động] Màn hình xem chi tiết lệnh đặt mua tự động,READY FOR REFINE,,,,,,
STORY,WM-31288,Phát triển nền tảng SPĐT trên Beerich,,Hệ thống mới,,2026-07-29,,,2026-07-24,2026-08-14,,WM-32161,Story,[Mua tự động] Chỉnh sửa màn hình thông tin quỹ - Bổ sung thông tin mua tự động,READY FOR REFINE,,,,,,
STORY,WM-31288,Phát triển nền tảng SPĐT trên Beerich,,Hệ thống mới,,2026-07-29,,,2026-07-24,2026-08-14,,WM-32188,Story,[Mua tự động] Luồng hủy dịch vụ,READY FOR REFINE,,,,,,
STORY,WM-31288,Phát triển nền tảng SPĐT trên Beerich,,Hệ thống mới,,2026-07-29,,,2026-07-24,2026-08-14,,WM-32201,Story,[Mua tự động] Màn hình theo dõi tài sản,READY FOR REFINE,,,,,,
STORY,WM-31288,Phát triển nền tảng SPĐT trên Beerich,,Hệ thống mới,,2026-07-29,,,2026-07-24,2026-08-14,,WM-32214,Story,[Mua tự động] Luồng đăng ký mua tự động,READY FOR REFINE,,,,,,
STORY,WM-31336,Sàn giao dịch hàng hóa trên Wealth (Thành viên môi giới),,Sản phẩm,,2026-08-05,,,2026-07-27,2026-08-12,,WM-31684,Story,Luồng onboard cho sàn giao dịch hàng hóa DComes,Ready For Dev,,,,,,
STORY,WM-31336,Sàn giao dịch hàng hóa trên Wealth (Thành viên môi giới),,Sản phẩm,,2026-08-05,,,2026-07-27,2026-08-12,,WM-31713,Story,Luồng nộp tiền Dcomes,IN DEV,,,,,,
