hierarchy_level,project_key,epic_key,epic_name,epic_status,epic_request_type,epic_idea_approval_date,epic_start_date,epic_due_date,epic_r4g_date,epic_created,epic_updated,epic_Components,epic_stories,story_key,story_issue_type,story_summary,story_status,story_Components,story_subtasks,subtask_key,subtask_issue_type,subtask_summary,subtask_status,subtask_start_date,subtask_due_date
EPIC,API,PHUCLAM-366846,Cả*********************rt,Pending,Cải tiến,,2026-02-11,2026-03-04,2026-03-04,2026-02-10,2026-08-05,API - Line 3,"PHUCLAM-114873,PHUCLAM-516654,PHUCLAM-464680",,,,,,,,,,,,
STORY,API,PHUCLAM-366846,Cả*********************rt,Pending,Cải tiến,,2026-02-11,2026-03-04,2026-03-04,2026-02-10,2026-08-05,API - Line 3,,PHUCLAM-114873,Story,Custo*********************icket,Released,API - Line 3,,,,,,,
STORY,API,PHUCLAM-366846,Cả*********************rt,Pending,Cải tiến,,2026-02-11,2026-03-04,2026-03-04,2026-02-10,2026-08-05,API - Line 3,,PHUCLAM-516654,Story,Custom*********************u auto,Released,API - Line 3,,,,,,,
STORY,API,PHUCLAM-366846,Cả*********************rt,Pending,Cải tiến,,2026-02-11,2026-03-04,2026-03-04,2026-02-10,2026-08-05,API - Line 3,,PHUCLAM-464680,Story,Custo*********************tháng,Pending,API - Line 3,,,,,,,
EPIC,API,PHUCLAM-942973,TT*********************as,Pending,Cải tiến,2026-02-24,2026-02-24,2026-03-31,2026-07-03,2026-02-11,2026-08-05,API - Line 1,"PHUCLAM-627398,PHUCLAM-118353,PHUCLAM-236792,PHUCLAM-107712,PHUCLAM-588106,PHUCLAM-265167,PHUCLAM-586695,PHUCLAM-343543,PHUCLAM-561319,PHUCLAM-886900,PHUCLAM-369472,PHUCLAM-889669,PHUCLAM-528278,PHUCLAM-524636,PHUCLAM-315929,PHUCLAM-654617,HIEU-480168",,,,,,,,,,,,
STORY,API,PHUCLAM-942973,TT*********************as,Pending,Cải tiến,2026-02-24,2026-02-24,2026-03-31,2026-07-03,2026-02-11,2026-08-05,API - Line 1,,PHUCLAM-627398,Story,QR Gl*********************nh QR,Ready For Golive,,,,,,,,
STORY,API,PHUCLAM-942973,TT*********************as,Pending,Cải tiến,2026-02-24,2026-02-24,2026-03-31,2026-07-03,2026-02-11,2026-08-05,API - Line 1,,PHUCLAM-118353,Story,QR G********************* PMP,Ready For Golive,,,,,,,,
STORY,API,PHUCLAM-942973,TT*********************as,Pending,Cải tiến,2026-02-24,2026-02-24,2026-03-31,2026-07-03,2026-02-11,2026-08-05,API - Line 1,,PHUCLAM-236792,Story,QR G*********************o có,Pending,,,,,,,,
STORY,API,PHUCLAM-942973,TT*********************as,Pending,Cải tiến,2026-02-24,2026-02-24,2026-03-31,2026-07-03,2026-02-11,2026-08-05,API - Line 1,,PHUCLAM-107712,Story,QR *********************inh,Ready For Golive,,,,,,,,
STORY,API,PHUCLAM-942973,TT*********************as,Pending,Cải tiến,2026-02-24,2026-02-24,2026-03-31,2026-07-03,2026-02-11,2026-08-05,API - Line 1,,PHUCLAM-588106,Story,QR Gl*********************thống,Pending,,,,,,,,
STORY,API,PHUCLAM-942973,TT*********************as,Pending,Cải tiến,2026-02-24,2026-02-24,2026-03-31,2026-07-03,2026-02-11,2026-08-05,API - Line 1,,PHUCLAM-265167,Story,QR G*********************h ID,Ready For Golive,,,,,,,,
STORY,API,PHUCLAM-942973,TT*********************as,Pending,Cải tiến,2026-02-24,2026-02-24,2026-03-31,2026-07-03,2026-02-11,2026-08-05,API - Line 1,,PHUCLAM-586695,Story,QR ********************* MB,Ready For Golive,,,,,,,,
STORY,API,PHUCLAM-942973,TT*********************as,Pending,Cải tiến,2026-02-24,2026-02-24,2026-03-31,2026-07-03,2026-02-11,2026-08-05,API - Line 1,,PHUCLAM-343543,Story,QR Gl*********************_ TCH,Ready For Golive,,,,,,,,
STORY,API,PHUCLAM-942973,TT*********************as,Pending,Cải tiến,2026-02-24,2026-02-24,2026-03-31,2026-07-03,2026-02-11,2026-08-05,API - Line 1,,PHUCLAM-561319,Story,QR GLO*********************rchant,Cancelled,API - Line 1,,,,,,,
STORY,API,PHUCLAM-942973,TT*********************as,Pending,Cải tiến,2026-02-24,2026-02-24,2026-03-31,2026-07-03,2026-02-11,2026-08-05,API - Line 1,,PHUCLAM-886900,Story,QR G*********************sinh,Cancelled,API - Line 1,,,,,,,
STORY,API,PHUCLAM-942973,TT*********************as,Pending,Cải tiến,2026-02-24,2026-02-24,2026-03-31,2026-07-03,2026-02-11,2026-08-05,API - Line 1,,PHUCLAM-369472,Story,QR GL*********************chant,Cancelled,API - Line 1,,,,,,,
STORY,API,PHUCLAM-942973,TT*********************as,Pending,Cải tiến,2026-02-24,2026-02-24,2026-03-31,2026-07-03,2026-02-11,2026-08-05,API - Line 1,,PHUCLAM-889669,Story,QR GLOB*********************erchant,Cancelled,API - Line 1,,,,,,,
STORY,API,PHUCLAM-942973,TT*********************as,Pending,Cải tiến,2026-02-24,2026-02-24,2026-03-31,2026-07-03,2026-02-11,2026-08-05,API - Line 1,,PHUCLAM-528278,Story,QR GLOBAL*********************/Terminal,Cancelled,API - Line 1,,,,,,,
STORY,API,PHUCLAM-942973,TT*********************as,Pending,Cải tiến,2026-02-24,2026-02-24,2026-03-31,2026-07-03,2026-02-11,2026-08-05,API - Line 1,,PHUCLAM-524636,Story,QR G*********************info,Cancelled,API - Line 1,,,,,,,
STORY,API,PHUCLAM-942973,TT*********************as,Pending,Cải tiến,2026-02-24,2026-02-24,2026-03-31,2026-07-03,2026-02-11,2026-08-05,API - Line 1,,PHUCLAM-315929,Story,API-1680*********************Terminal,Cancelled,API - Line 1,,,,,,,
STORY,API,PHUCLAM-942973,TT*********************as,Pending,Cải tiến,2026-02-24,2026-02-24,2026-03-31,2026-07-03,2026-02-11,2026-08-05,API - Line 1,,PHUCLAM-654617,Story,Cả*********************QR,IN UAT,,PHUCLAM-347308,,,,,,
SUBTASK,API,PHUCLAM-942973,TT*********************as,Pending,Cải tiến,2026-02-24,2026-02-24,2026-03-31,2026-07-03,2026-02-11,2026-08-05,API - Line 1,,PHUCLAM-654617,Story,Cả*********************QR,IN UAT,,,PHUCLAM-347308,BA,V*********************ả,Done,,
STORY,PMP,PHUCLAM-942973,TT*********************as,Pending,Cải tiến,2026-02-24,2026-02-24,2026-03-31,2026-07-03,2026-02-11,2026-08-05,API - Line 1,,HIEU-480168,Story,[BILL*********************ều về,Released,,,,,,,,
EPIC,API,PHUCLAM-971415,[TÍNH *********************TK NET,To Do,Cải tiến,,2026-03-05,2026-03-31,,2026-03-05,2026-03-18,API - Line 2,,,,,,,,,,,,,
EPIC,API,PHUCLAM-395680,YC c*********************P MB,Cancelled,Cải tiến,,2026-03-02,2026-03-13,,2026-03-11,2026-05-14,API - Line 1,,,,,,,,,,,,,
EPIC,API,PHUCLAM-367748,[Onb*********************EDIT,Pending,Cải tiến,2026-03-16,2026-03-16,2026-04-01,,2026-03-13,2026-06-17,API - Line 1,"PHUCLAM-279166,PHUCLAM-748877",,,,,,,,,,,,
SUBTASK,API,PHUCLAM-367748,[Onb*********************EDIT,Pending,Cải tiến,2026-03-16,2026-03-16,2026-04-01,,2026-03-13,2026-06-17,API - Line 1,,,,,,,,PHUCLAM-809574,Elicitate,L*********************u,Done,2026-03-16,2026-03-20
STORY,API,PHUCLAM-367748,[Onb*********************EDIT,Pending,Cải tiến,2026-03-16,2026-03-16,2026-04-01,,2026-03-13,2026-06-17,API - Line 1,,PHUCLAM-279166,Story,[Onb********************* tác,Pending,API - Line 1,,,,,,,
STORY,API,PHUCLAM-367748,[Onb*********************EDIT,Pending,Cải tiến,2026-03-16,2026-03-16,2026-04-01,,2026-03-13,2026-06-17,API - Line 1,,PHUCLAM-748877,Story,Cải tiến*********************nh 2 cấp,Released,,,,,,,,
EPIC,API,PHUCLAM-311523,[Age*********************hant,Cancelled,Sản phẩm/dịch vụ/quy trình mới,,,,,2026-03-20,2026-07-01,API - Line 2,,,,,,,,,,,,,
EPIC,API,PHUCLAM-222444,[CD]*********************hiệp,To Do,Sản phẩm/dịch vụ/quy trình mới,,,,,2026-03-20,2026-03-20,API - Line 2,,,,,,,,,,,,,
SUBTASK,API,PHUCLAM-222444,[CD]*********************hiệp,To Do,Sản phẩm/dịch vụ/quy trình mới,,,,,2026-03-20,2026-03-20,API - Line 2,,,,,,,,PHUCLAM-381640,Elicitate,BA - *********************ghiệp,To Do,,
EPIC,API,PHUCLAM-493826,[Agen*********************Money,Pending,Sản phẩm/dịch vụ/quy trình mới,,,,,2026-03-20,2026-04-01,API - Line 2,,,,,,,,,,,,,
SUBTASK,API,PHUCLAM-493826,[Agen*********************Money,Pending,Sản phẩm/dịch vụ/quy trình mới,,,,,2026-03-20,2026-04-01,API - Line 2,,,,,,,,PHUCLAM-964478,Elicitate,BA - El*********************l Money,To Do,,
EPIC,API,PHUCLAM-602411,[THU H*********************thu lô,Cancelled,Cải tiến,,2026-03-23,2026-04-16,,2026-03-23,2026-05-04,,,,,,,,,,,,,,
EPIC,API,PHUCLAM-273361,MBs*********************ĐĐT,Released,Tính năng mới,,,,2026-07-09,2026-03-23,2026-08-27,API - Line 1,,,,,,,,,,,,,
EPIC,API,PHUCLAM-933114,Web********************* kỳ,IN PO,Tính năng mới,2025-12-31,,,,2026-03-24,2026-04-14,API - Line 1,PHUCLAM-428704,,,,,,,,,,,,
STORY,API,PHUCLAM-933114,Web********************* kỳ,IN PO,Tính năng mới,2025-12-31,,,,2026-03-24,2026-04-14,API - Line 1,,PHUCLAM-428704,Story,Webc********************* đky,SIT DONE,API - Line 1,,,,,,,
EPIC,API,PHUCLAM-319960,[CHI LÔ *********************IAO DỊCH,Cancelled,Cải tiến,,,2026-04-22,,2026-04-10,2026-04-24,API - Line 2,,,,,,,,,,,,,
EPIC,API,PHUCLAM-328509,[CARD][*********************GD Auth,Released,Cải tiến,2026-04-14,2026-04-21,2026-07-06,2026-06-23,2026-04-14,2026-08-05,API - Line 2,,,,,,,,,,,,,
EPIC,API,PHUCLAM-820398,[CAR********************* góp,Released,Tính năng mới,2026-04-14,2026-04-21,2026-07-06,2026-06-23,2026-04-14,2026-08-05,API - Line 2,,,,,,,,,,,,,
EPIC,API,PHUCLAM-840745,[Mở TKCK S********************* mở TK SSI,To Do,Cải tiến,,,,,2026-04-14,2026-04-14,API - Line 2,,,,,,,,,,,,,
EPIC,API,PHUCLAM-293045,THDD_*********************ớc TT,To Do,Cải tiến,,,,,2026-04-16,2026-04-16,API - Line 1,,,,,,,,,,,,,
EPIC,API,PHUCLAM-745794,ET*********************ất,To Do,Cải tiến,,2026-04-13,2026-05-29,,2026-04-16,2026-04-16,API - Line 1,,,,,,,,,,,,,
EPIC,API,PHUCLAM-899037,[Mở TK M********************* đối tác,To Do,Cải tiến,2026-04-16,,,,2026-04-16,2026-04-16,API - Line 2,,,,,,,,,,,,,
EPIC,API,PHUCLAM-801018,Xây ********************* HKD,Pending,Tính năng mới,,,,,2026-04-22,2026-06-15,API - Line 3,"PHUCLAM-128983,PHUCLAM-146916,PHUCLAM-470728",,,,,,,,,,,,
STORY,API,PHUCLAM-801018,Xây ********************* HKD,Pending,Tính năng mới,,,,,2026-04-22,2026-06-15,API - Line 3,,PHUCLAM-128983,Story,US_co*********************kafka,Pending,API - Line 3,,,,,,,
STORY,API,PHUCLAM-801018,Xây ********************* HKD,Pending,Tính năng mới,,,,,2026-04-22,2026-06-15,API - Line 3,,PHUCLAM-146916,Story,US*********************hí,Pending,API - Line 3,,,,,,,
STORY,API,PHUCLAM-801018,Xây ********************* HKD,Pending,Tính năng mới,,,,,2026-04-22,2026-06-15,API - Line 3,,PHUCLAM-470728,Story,US_L********************* MMS,Pending,API - Line 3,,,,,,,
EPIC,API,PHUCLAM-837573,CỔNG *********************I ĐỊA,Pending,Hệ thống mới,,2026-04-20,,,2026-04-27,2026-06-02,API - Line 1,,,,,,,,,,,,,
EPIC,API,PHUCLAM-218569,SMS Ba*********************iettel,Pending,Tính năng mới,,,,,2026-04-28,2026-08-26,API - Line 3,"PHUCLAM-486487,PHUCLAM-384321",,,,,,,,,,,,
SUBTASK,API,PHUCLAM-218569,SMS Ba*********************iettel,Pending,Tính năng mới,,,,,2026-04-28,2026-08-26,API - Line 3,,,,,,,,PHUCLAM-138559,BA,Là*********************vụ,Done,,
STORY,API,PHUCLAM-218569,SMS Ba*********************iettel,Pending,Tính năng mới,,,,,2026-04-28,2026-08-26,API - Line 3,,PHUCLAM-486487,Story,Kéo *********************ttel,Cancelled,API - Line 3,,,,,,,
STORY,API,PHUCLAM-218569,SMS Ba*********************iettel,Pending,Tính năng mới,,,,,2026-04-28,2026-08-26,API - Line 3,,PHUCLAM-384321,Story,ETL dữ*********************a VHST,IN UAT,API - Line 3,PHUCLAM-860519,,,,,,
SUBTASK,API,PHUCLAM-218569,SMS Ba*********************iettel,Pending,Tính năng mới,,,,,2026-04-28,2026-08-26,API - Line 3,,PHUCLAM-384321,Story,ETL dữ*********************a VHST,IN UAT,API - Line 3,,PHUCLAM-860519,BA,Phâ********************* vụ,Done,,
EPIC,API,PHUCLAM-858100,XÂY DỰN********************* SAO KÊ,Cancelled,Cải tiến,,,,,2026-05-07,2026-05-17,,,,,,,,,,,,,,
EPIC,API,PHUCLAM-873982,Cải t*********************/2026,IN PO,Cải tiến,,,,,2026-05-07,2026-06-29,API - Line 3,PHUCLAM-831077,,,,,,,,,,,,
STORY,API,PHUCLAM-873982,Cải t*********************/2026,IN PO,Cải tiến,,,,,2026-05-07,2026-06-29,API - Line 3,,PHUCLAM-831077,Story,Push BĐ*********************út tiền,READY FOR REFINE,API - Line 3,,,,,,,
EPIC,API,PHUCLAM-896533,[RÚT T*********************T TIỀN,To Do,Cải tiến,,2026-05-08,2026-06-03,,2026-05-08,2026-05-08,API - Line 2,,,,,,,,,,,,,
EPIC,API,PHUCLAM-673778,Mini*********************iApp,To Do,Cải tiến,,,,,2026-05-08,2026-05-08,API - Line 3,PHUCLAM-796089,,,,,,,,,,,,
STORY,API,PHUCLAM-673778,Mini*********************iApp,To Do,Cải tiến,,,,,2026-05-08,2026-05-08,API - Line 3,,PHUCLAM-796089,Story,MiniAp*********************5/2026,To Do,API - Line 3,,,,,,,
EPIC,API,PHUCLAM-426958,[Chi h*********************app MB,To Do,Cải tiến,,,,,2026-05-14,2026-05-14,API - Line 2,,,,,,,,,,,,,
EPIC,API,PHUCLAM-382954,[eWalle*********************ác MoMo,Released,Cải tiến,2026-05-20,2026-05-20,2026-07-08,2026-06-15,2026-05-20,2026-08-05,API - Line 2,,,,,,,,,,,,,
EPIC,API,PHUCLAM-372418,[Age*********************ã QR,In Progress,Tính năng mới,,,,,2026-05-21,2026-08-18,API - Line 2,"PHUCLAM-121712,BRD-273681",,,,,,,,,,,,
STORY,API,PHUCLAM-372418,[Age*********************ã QR,In Progress,Tính năng mới,,,,,2026-05-21,2026-08-18,API - Line 2,,PHUCLAM-121712,Story,Báo cáo*********************Banking,READY FOR REFINE,API - Line 2,PHUCLAM-201695,,,,,,
SUBTASK,API,PHUCLAM-372418,[Age*********************ã QR,In Progress,Tính năng mới,,,,,2026-05-21,2026-08-18,API - Line 2,,PHUCLAM-121712,Story,Báo cáo*********************Banking,READY FOR REFINE,API - Line 2,,PHUCLAM-201695,BA,Báo cáo*********************Banking,Done,2026-05-22,2026-05-26
STORY,YCPT,PHUCLAM-372418,[Age*********************ã QR,In Progress,Tính năng mới,,,,,2026-05-21,2026-08-18,API - Line 2,,BRD-273681,Story,[Age*********************ã QR,READY FOR REFINE,,,,,,,,
EPIC,API,PHUCLAM-372006,MBsell*********************H TOÁN,Released,Tính năng mới,2026-05-26,2026-05-26,,2026-08-20,2026-05-25,2026-08-25,API - Line 1,,,,,,,,,,,,,
EPIC,API,PHUCLAM-895167,OB POS********************* khoản,Released,Tính năng mới,2026-05-26,2026-05-27,,2026-06-26,2026-05-27,2026-08-05,API - Line 3,,,,,,,,,,,,,
EPIC,API,PHUCLAM-833637,[Vouc*********************paign,Released,Tính năng mới,2026-05-27,,2026-07-09,2026-07-02,2026-05-27,2026-08-05,API - Line 2,,,,,,,,,,,,,
EPIC,API,PHUCLAM-357205,MBsel*********************O HKD,In Progress,Tính năng mới,2026-06-03,,,,2026-05-30,2026-07-29,API - Line 1,"PHUCLAM-198274,PHUCLAM-948124,PHUCLAM-752986,PHUCLAM-508351",,,,,,,,,,,,
STORY,API,PHUCLAM-357205,MBsel*********************O HKD,In Progress,Tính năng mới,2026-06-03,,,,2026-05-30,2026-07-29,API - Line 1,,PHUCLAM-198274,Story,Xu*********************tử,Ready For Golive,API - Line 1,,,,,,,
STORY,API,PHUCLAM-357205,MBsel*********************O HKD,In Progress,Tính năng mới,2026-06-03,,,,2026-05-30,2026-07-29,API - Line 1,,PHUCLAM-948124,Story,Cộng thêm số tiề*********************rên MB-PG-REPORT,Ready For Golive,API - Line 1,,,,,,,
STORY,API,PHUCLAM-357205,MBsel*********************O HKD,In Progress,Tính năng mới,2026-06-03,,,,2026-05-30,2026-07-29,API - Line 1,,PHUCLAM-752986,Story,API *********************hant,Ready For Golive,API - Line 1,,,,,,,
STORY,API,PHUCLAM-357205,MBsel*********************O HKD,In Progress,Tính năng mới,2026-06-03,,,,2026-05-30,2026-07-29,API - Line 1,,PHUCLAM-508351,Story,H*********************e,To Do,API - Line 1,,,,,,,
EPIC,API,PHUCLAM-377574,CỔNG T*********************ISSUER,R4GOLIVE,Hệ thống mới,,2026-04-20,,2026-08-25,2026-06-02,2026-08-28,API - Line 1,"PHUCLAM-463102,PHUCLAM-746382,PHUCLAM-947591,PHUCLAM-776535,PHUCLAM-158307",,,,,,,,,,,,
STORY,API,PHUCLAM-377574,CỔNG T*********************ISSUER,R4GOLIVE,Hệ thống mới,,2026-04-20,,2026-08-25,2026-06-02,2026-08-28,API - Line 1,,PHUCLAM-463102,Story,Xây d*********************ịa MB,Ready For Test,,PHUCLAM-673561,,,,,,
SUBTASK,API,PHUCLAM-377574,CỔNG T*********************ISSUER,R4GOLIVE,Hệ thống mới,,2026-04-20,,2026-08-25,2026-06-02,2026-08-28,API - Line 1,,PHUCLAM-463102,Story,Xây d*********************ịa MB,Ready For Test,,,PHUCLAM-673561,BA,V*********************ả,Done,,
STORY,API,PHUCLAM-377574,CỔNG T*********************ISSUER,R4GOLIVE,Hệ thống mới,,2026-04-20,,2026-08-25,2026-06-02,2026-08-28,API - Line 1,,PHUCLAM-746382,Story,Xây dự********************* token,IN UAT,,PHUCLAM-796654,,,,,,
SUBTASK,API,PHUCLAM-377574,CỔNG T*********************ISSUER,R4GOLIVE,Hệ thống mới,,2026-04-20,,2026-08-25,2026-06-02,2026-08-28,API - Line 1,,PHUCLAM-746382,Story,Xây dự********************* token,IN UAT,,,PHUCLAM-796654,BA,V*********************ả,Done,,
STORY,API,PHUCLAM-377574,CỔNG T*********************ISSUER,R4GOLIVE,Hệ thống mới,,2026-04-20,,2026-08-25,2026-06-02,2026-08-28,API - Line 1,,PHUCLAM-947591,Story,Xây dự*********************địa MB,IN UAT,,PHUCLAM-237518,,,,,,
SUBTASK,API,PHUCLAM-377574,CỔNG T*********************ISSUER,R4GOLIVE,Hệ thống mới,,2026-04-20,,2026-08-25,2026-06-02,2026-08-28,API - Line 1,,PHUCLAM-947591,Story,Xây dự*********************địa MB,IN UAT,,,PHUCLAM-237518,BA,V*********************ả,Done,,
STORY,API,PHUCLAM-377574,CỔNG T*********************ISSUER,R4GOLIVE,Hệ thống mới,,2026-04-20,,2026-08-25,2026-06-02,2026-08-28,API - Line 1,,PHUCLAM-776535,Story,Xây dự*********************địa MB,IN UAT,,PHUCLAM-905869,,,,,,
SUBTASK,API,PHUCLAM-377574,CỔNG T*********************ISSUER,R4GOLIVE,Hệ thống mới,,2026-04-20,,2026-08-25,2026-06-02,2026-08-28,API - Line 1,,PHUCLAM-776535,Story,Xây dự*********************địa MB,IN UAT,,,PHUCLAM-905869,BA,V*********************ả,Done,,
STORY,API,PHUCLAM-377574,CỔNG T*********************ISSUER,R4GOLIVE,Hệ thống mới,,2026-04-20,,2026-08-25,2026-06-02,2026-08-28,API - Line 1,,PHUCLAM-158307,Story,Xây d*********************ịa MB,IN SIT,,PHUCLAM-739702,,,,,,
SUBTASK,API,PHUCLAM-377574,CỔNG T*********************ISSUER,R4GOLIVE,Hệ thống mới,,2026-04-20,,2026-08-25,2026-06-02,2026-08-28,API - Line 1,,PHUCLAM-158307,Story,Xây d*********************ịa MB,IN SIT,,,PHUCLAM-739702,BA,V*********************ả,Done,,
EPIC,API,PHUCLAM-758662,[Credi*********************uốc tế,Released,Tính năng mới,2026-06-03,2026-06-03,2026-06-18,2026-06-17,2026-06-03,2026-08-24,API - Line 2,,,,,,,,,,,,,
EPIC,API,PHUCLAM-571896,[TRANSA********************* Extend,Pending,Cải tiến,2026-06-03,,,,2026-06-03,2026-06-15,API - Line 2,,,,,,,,,,,,,
EPIC,API,PHUCLAM-300134,Push********************* 10K,Cancelled,Tính năng mới,2026-06-05,2026-06-08,2026-06-25,,2026-06-05,2026-06-23,API - Line 3,,,,,,,,,,,,,
EPIC,API,PHUCLAM-933106,[LK1C] *********************nh toán,Pending,Cải tiến,2026-06-08,,,,2026-06-08,2026-06-09,API - Line 2,,,,,,,,,,,,,
EPIC,API,PHUCLAM-339692,MBse*********************OANH,Released,Tính năng mới,2026-06-09,,,2026-07-30,2026-06-09,2026-08-27,API - Line 1,,,,,,,,,,,,,
EPIC,API,PHUCLAM-761072,Fi*********************t ,IN PO,Cải tiến,,,,,2026-06-09,2026-08-28,,PHUCLAM-145339,,,,,,,,,,,,
STORY,API,PHUCLAM-761072,Fi*********************t ,IN PO,Cải tiến,,,,,2026-06-09,2026-08-28,,,PHUCLAM-145339,Story,Fi*********************t ,Ready For Golive,,,,,,,,
EPIC,API,PHUCLAM-752646,[Agent b*********************h rút QR,Released,Tính năng mới,,2026-06-11,2026-07-22,2026-07-01,2026-06-10,2026-08-05,API - Line 2,,,,,,,,,,,,,
EPIC,API,PHUCLAM-517568,[TRANSA*********************ruy vấn,Pending,Tính năng mới,2026-06-03,2026-06-15,,2026-07-02,2026-06-15,2026-08-05,API - Line 2,"PHUCLAM-577792,PHUCLAM-165634",,,,,,,,,,,,
SUBTASK,API,PHUCLAM-517568,[TRANSA*********************ruy vấn,Pending,Tính năng mới,2026-06-03,2026-06-15,,2026-07-02,2026-06-15,2026-08-05,API - Line 2,,,,,,,,PHUCLAM-705251,Elicitate,Là*********************yc,Done,2026-06-15,2026-06-15
STORY,API,PHUCLAM-517568,[TRANSA*********************ruy vấn,Pending,Tính năng mới,2026-06-03,2026-06-15,,2026-07-02,2026-06-15,2026-08-05,API - Line 2,,PHUCLAM-577792,Story,AP*********************GD,Pending,API - Line 2,,,,,,,
STORY,API,PHUCLAM-517568,[TRANSA*********************ruy vấn,Pending,Tính năng mới,2026-06-03,2026-06-15,,2026-07-02,2026-06-15,2026-08-05,API - Line 2,,PHUCLAM-165634,Story,API ms*********************ng tin,Pending,,,,,,,,
EPIC,API,PHUCLAM-647182,MiniA*********************đợt 1,Released,Cải tiến,2026-06-10,,,2026-06-18,2026-06-16,2026-08-24,API - Line 3,,,,,,,,,,,,,
EPIC,API,PHUCLAM-420726,Cải tiến ********************* MBseller,Design,Cải tiến,,,,,2026-06-22,2026-06-23,API - Line 1,"PHUCLAM-859180,PHUCLAM-255776,PHUCLAM-313944",,,,,,,,,,,,
STORY,API,PHUCLAM-420726,Cải tiến ********************* MBseller,Design,Cải tiến,,,,,2026-06-22,2026-06-23,API - Line 1,,PHUCLAM-859180,Story,Bổ su*********************excel,IN UAT,API - Line 1,PHUCLAM-833848,,,,,,
SUBTASK,API,PHUCLAM-420726,Cải tiến ********************* MBseller,Design,Cải tiến,,,,,2026-06-22,2026-06-23,API - Line 1,,PHUCLAM-859180,Story,Bổ su*********************excel,IN UAT,API - Line 1,,PHUCLAM-833848,BA,Bổ su*********************excel,Done,,
STORY,API,PHUCLAM-420726,Cải tiến ********************* MBseller,Design,Cải tiến,,,,,2026-06-22,2026-06-23,API - Line 1,,PHUCLAM-255776,Story,Cải *********************o kê,IN UAT,,PHUCLAM-867072,,,,,,
SUBTASK,API,PHUCLAM-420726,Cải tiến ********************* MBseller,Design,Cải tiến,,,,,2026-06-22,2026-06-23,API - Line 1,,PHUCLAM-255776,Story,Cải *********************o kê,IN UAT,,,PHUCLAM-867072,BA,V*********************ả,Done,,
STORY,API,PHUCLAM-420726,Cải tiến ********************* MBseller,Design,Cải tiến,,,,,2026-06-22,2026-06-23,API - Line 1,,PHUCLAM-313944,Story,Cải t*********************ao kê,Ready For Dev,,PHUCLAM-862991,,,,,,
SUBTASK,API,PHUCLAM-420726,Cải tiến ********************* MBseller,Design,Cải tiến,,,,,2026-06-22,2026-06-23,API - Line 1,,PHUCLAM-313944,Story,Cải t*********************ao kê,Ready For Dev,,,PHUCLAM-862991,BA,V*********************ả,Done,,
EPIC,API,PHUCLAM-767715,Push*********************CODE,Released,Cải tiến,2026-06-18,,,2026-07-02,2026-06-23,2026-08-11,API - Line 3,,,,,,,,,,,,,
EPIC,API,PHUCLAM-122745,Baa*********************ồng,Released,Cải tiến,2026-06-23,,,2026-07-15,2026-06-23,2026-08-28,API - Line 3,,,,,,,,,,,,,
EPIC,API,PHUCLAM-236600,[Agent********************* GTTT ,Released,Cải tiến,,2026-06-24,2026-07-23,2026-07-13,2026-06-23,2026-08-05,API - Line 2,,,,,,,,,,,,,
EPIC,API,PHUCLAM-536838,QR*********************hí,Released,Cải tiến,,2026-07-30,2026-07-10,2026-08-13,2026-06-24,2026-08-25,API - Line 1,,,,,,,,,,,,,
EPIC,API,PHUCLAM-367754,[eWallet*********************anh toán,Released,Cải tiến,,2026-06-26,2026-07-16,2026-07-14,2026-06-26,2026-08-05,API - Line 2,,,,,,,,,,,,,
EPIC,API,PHUCLAM-483522,[Agent b*********************Merchant,Pending,Tính năng mới,,2026-06-29,,,2026-06-29,2026-08-11,API - Line 2,"PHUCLAM-815333,PHUCLAM-774050,PHUCLAM-854067",,,,,,,,,,,,
STORY,API,PHUCLAM-483522,[Agent b*********************Merchant,Pending,Tính năng mới,,2026-06-29,,,2026-06-29,2026-08-11,API - Line 2,,PHUCLAM-815333,Story,Phát *********************chant,Pending,API - Line 2,,,,,,,
STORY,API,PHUCLAM-483522,[Agent b*********************Merchant,Pending,Tính năng mới,,2026-06-29,,,2026-06-29,2026-08-11,API - Line 2,,PHUCLAM-774050,Story,Phát t*********************rchant,Pending,API - Line 2,,,,,,,
STORY,API,PHUCLAM-483522,[Agent b*********************Merchant,Pending,Tính năng mới,,2026-06-29,,,2026-06-29,2026-08-11,API - Line 2,,PHUCLAM-854067,Story,Cải *********************dịch,Pending,API - Line 2,,,,,,,
EPIC,API,PHUCLAM-207997,[Miniapp********************* đối tác,Released,Sản phẩm/dịch vụ/quy trình mới,,2026-07-21,2026-08-18,2026-08-11,2026-06-29,2026-08-27,API - Line 2,,,,,,,,,,,,,
EPIC,API,PHUCLAM-115072,MBseller*********************g sao kê,Design,Tính năng mới,2026-07-02,2026-07-02,,,2026-06-30,2026-08-14,API - Line 1,PHUCLAM-191035,,,,,,,,,,,,
STORY,API,PHUCLAM-115072,MBseller*********************g sao kê,Design,Tính năng mới,2026-07-02,2026-07-02,,,2026-06-30,2026-08-14,API - Line 1,,PHUCLAM-191035,Story,Bổ sun*********************sao kê,Pending,API - Line 1,,,,,,,
EPIC,API,PHUCLAM-978490,[KẾT *********************ÀI MB,Design,Cải tiến,,2026-07-10,2026-07-30,,2026-07-02,2026-07-10,,,,,,,,,,,,,,
EPIC,API,PHUCLAM-588551,PHÁT *********************LTIGO,In Progress,Sản phẩm/dịch vụ/quy trình mới,,2026-08-24,,,2026-07-02,2026-08-27,API - Line 2,"PHUCLAM-218744,PHUCLAM-736790,PHUCLAM-910549,PHUCLAM-420524,PHUCLAM-162399,MCE-583266,NHUNG-266300",,,,,,,,,,,,
STORY,API,PHUCLAM-588551,PHÁT *********************LTIGO,In Progress,Sản phẩm/dịch vụ/quy trình mới,,2026-08-24,,,2026-07-02,2026-08-27,API - Line 2,,PHUCLAM-218744,Story,API ********************* thẻ,DEV DONE,API - Line 2,PHUCLAM-949470,,,,,,
SUBTASK,API,PHUCLAM-588551,PHÁT *********************LTIGO,In Progress,Sản phẩm/dịch vụ/quy trình mới,,2026-08-24,,,2026-07-02,2026-08-27,API - Line 2,,PHUCLAM-218744,Story,API ********************* thẻ,DEV DONE,API - Line 2,,PHUCLAM-949470,BA,Ph*********************ầu,Done,2026-07-09,2026-07-09
STORY,API,PHUCLAM-588551,PHÁT *********************LTIGO,In Progress,Sản phẩm/dịch vụ/quy trình mới,,2026-08-24,,,2026-07-02,2026-08-27,API - Line 2,,PHUCLAM-736790,Story,API ********************* tác,IN DEV,API - Line 2,PHUCLAM-801540,,,,,,
SUBTASK,API,PHUCLAM-588551,PHÁT *********************LTIGO,In Progress,Sản phẩm/dịch vụ/quy trình mới,,2026-08-24,,,2026-07-02,2026-08-27,API - Line 2,,PHUCLAM-736790,Story,API ********************* tác,IN DEV,API - Line 2,,PHUCLAM-801540,BA,Ph*********************ầu,Done,2026-07-09,2026-07-13
STORY,API,PHUCLAM-588551,PHÁT *********************LTIGO,In Progress,Sản phẩm/dịch vụ/quy trình mới,,2026-08-24,,,2026-07-02,2026-08-27,API - Line 2,,PHUCLAM-910549,Story,API ********************* thẻ,IN DEV,API - Line 2,PHUCLAM-655385,,,,,,
SUBTASK,API,PHUCLAM-588551,PHÁT *********************LTIGO,In Progress,Sản phẩm/dịch vụ/quy trình mới,,2026-08-24,,,2026-07-02,2026-08-27,API - Line 2,,PHUCLAM-910549,Story,API ********************* thẻ,IN DEV,API - Line 2,,PHUCLAM-655385,BA,Ph*********************ầu,In Progress,2026-07-13,2026-07-13
STORY,API,PHUCLAM-588551,PHÁT *********************LTIGO,In Progress,Sản phẩm/dịch vụ/quy trình mới,,2026-08-24,,,2026-07-02,2026-08-27,API - Line 2,,PHUCLAM-420524,Story,AP*********************số,IN DEV,API - Line 2,,,,,,,
STORY,API,PHUCLAM-588551,PHÁT *********************LTIGO,In Progress,Sản phẩm/dịch vụ/quy trình mới,,2026-08-24,,,2026-07-02,2026-08-27,API - Line 2,,PHUCLAM-162399,Story,API*********************CTS,DEV DONE,API - Line 2,,,,,,,
STORY,ECM,PHUCLAM-588551,PHÁT *********************LTIGO,In Progress,Sản phẩm/dịch vụ/quy trình mới,,2026-08-24,,,2026-07-02,2026-08-27,API - Line 2,,MCE-583266,Story,MFT -*********************i tác,IN SIT,,,,,,,,
STORY,TCTHTW,PHUCLAM-588551,PHÁT *********************LTIGO,In Progress,Sản phẩm/dịch vụ/quy trình mới,,2026-08-24,,,2026-07-02,2026-08-27,API - Line 2,,NHUNG-266300,Story,Xây dự*********************t hành,To Do,,,,,,,,
EPIC,API,PHUCLAM-846740,PO*********************NG,To Do,Cải tiến,,,,,2026-07-07,2026-07-07,API-AI,PHUCLAM-263395,,,,,,,,,,,,
STORY,API,PHUCLAM-846740,PO*********************NG,To Do,Cải tiến,,,,,2026-07-07,2026-07-07,API-AI,,PHUCLAM-263395,Story,API AI *********************ransfer,To Do,API-AI,,,,,,,
EPIC,API,PHUCLAM-324710,Onboar*********************a FCRM,Released,Cải tiến,2026-07-08,2026-07-08,,2026-07-27,2026-07-08,2026-08-05,API - Line 3,,,,,,,,,,,,,
EPIC,API,PHUCLAM-240494,Chuyể*********************-BDSD,IN PO,Cải tiến,,,,,2026-07-10,2026-08-10,API - Line 3,PHUCLAM-765156,,,,,,,,,,,,
STORY,API,PHUCLAM-240494,Chuyể*********************-BDSD,IN PO,Cải tiến,,,,,2026-07-10,2026-08-10,API - Line 3,,PHUCLAM-765156,Story,Chuyể*********************-BDSD,SIT DONE,,,,,,,,
EPIC,API,PHUCLAM-317007,[Agen*********************ch vụ,In Progress,Tính năng mới,,2026-07-13,,,2026-07-13,2026-07-13,API - Line 2,PHUCLAM-288771,,,,,,,,,,,,
STORY,API,PHUCLAM-317007,[Agen*********************ch vụ,In Progress,Tính năng mới,,2026-07-13,,,2026-07-13,2026-07-13,API - Line 2,,PHUCLAM-288771,Story,Bổ sung*********************erchant,READY FOR REFINE,API - Line 2,PHUCLAM-301203,,,,,,
SUBTASK,API,PHUCLAM-317007,[Agen*********************ch vụ,In Progress,Tính năng mới,,2026-07-13,,,2026-07-13,2026-07-13,API - Line 2,,PHUCLAM-288771,Story,Bổ sung*********************erchant,READY FOR REFINE,API - Line 2,,PHUCLAM-301203,BA,Bổ sung*********************erchant,Done,2026-07-13,2026-07-15
EPIC,API,PHUCLAM-174817,Push BĐ*********************BHRV 8K,Released,Cải tiến,2026-07-09,,,2026-07-22,2026-07-14,2026-08-05,API - Line 3,,,,,,,,,,,,,
EPIC,API,PHUCLAM-665742,Push BĐS********************* đối tác,Released,Tính năng mới,2026-07-15,2026-07-16,,2026-08-11,2026-07-15,2026-08-26,API - Line 3,,,,,,,,,,,,,
EPIC,API,PHUCLAM-203936,Phát tr*********************Paygate,In Progress,Cải tiến,,,,,2026-07-15,2026-07-21,,"PHUCLAM-935991,PHUCLAM-698913",,,,,,,,,,,,
STORY,API,PHUCLAM-203936,Phát tr*********************Paygate,In Progress,Cải tiến,,,,,2026-07-15,2026-07-21,,,PHUCLAM-935991,Story,Phát t*********************ng MMS,IN UAT,,PHUCLAM-238674,,,,,,
SUBTASK,API,PHUCLAM-203936,Phát tr*********************Paygate,In Progress,Cải tiến,,,,,2026-07-15,2026-07-21,,,PHUCLAM-935991,Story,Phát t*********************ng MMS,IN UAT,,,PHUCLAM-238674,BA,Viế********************* vụ,Done,,
STORY,API,PHUCLAM-203936,Phát tr*********************Paygate,In Progress,Cải tiến,,,,,2026-07-15,2026-07-21,,,PHUCLAM-698913,Story,Phát t*********************aygate,IN DEV,API - Line 1,PHUCLAM-123326,,,,,,
SUBTASK,API,PHUCLAM-203936,Phát tr*********************Paygate,In Progress,Cải tiến,,,,,2026-07-15,2026-07-21,,,PHUCLAM-698913,Story,Phát t*********************aygate,IN DEV,API - Line 1,,PHUCLAM-123326,BA,Phâ********************* vụ,Done,,
EPIC,API,PHUCLAM-138341,[BANK *********************ANKHUB,To Do,Cải tiến,,,,,2026-07-17,2026-07-17,,,,,,,,,,,,,,
EPIC,API,PHUCLAM-804319,Bổ s*********************n tử,Released,Cải tiến,,2026-07-23,2026-08-06,2026-08-05,2026-07-21,2026-08-07,API - Line 2,,,,,,,,,,,,,
EPIC,API,PHUCLAM-668624,SMS_X*********************ettel,R4GOLIVE,Tính năng mới,,2026-07-28,,,2026-07-23,2026-08-18,API - Line 3,"PHUCLAM-619392,PHUCLAM-756805,PHUCLAM-747185",,,,,,,,,,,,
STORY,API,PHUCLAM-668624,SMS_X*********************ettel,R4GOLIVE,Tính năng mới,,2026-07-28,,,2026-07-23,2026-08-18,API - Line 3,,PHUCLAM-619392,Story,US1*********************bao,Ready For Golive,API - Line 3,,,,,,,
STORY,API,PHUCLAM-668624,SMS_X*********************ettel,R4GOLIVE,Tính năng mới,,2026-07-28,,,2026-07-23,2026-08-18,API - Line 3,,PHUCLAM-756805,Story,US2_*********************sent,Ready For Golive,API - Line 3,,,,,,,
STORY,API,PHUCLAM-668624,SMS_X*********************ettel,R4GOLIVE,Tính năng mới,,2026-07-28,,,2026-07-23,2026-08-18,API - Line 3,,PHUCLAM-747185,Story,US3_*********************ttel,Ready For Golive,API - Line 3,,,,,,,
EPIC,API,PHUCLAM-126682,Push B********************* + SMS,Released,Tính năng mới,2026-07-23,2026-07-27,,2026-08-17,2026-07-23,2026-08-26,API - Line 3,,,,,,,,,,,,,
EPIC,API,PHUCLAM-625387,[Agent b********************* cho F88,Pending,Tính năng mới,,2026-07-27,,2026-08-13,2026-07-27,2026-08-25,API - Line 2,PHUCLAM-836342,,,,,,,,,,,,
STORY,API,PHUCLAM-625387,[Agent b********************* cho F88,Pending,Tính năng mới,,2026-07-27,,2026-08-13,2026-07-27,2026-08-25,API - Line 2,,PHUCLAM-836342,Story,Phát t*********************ác F88,Ready For Golive,API - Line 2,,,,,,,
EPIC,API,PHUCLAM-852117,QRGL*********************-Phi,Released,Cải tiến,,2026-07-30,,,2026-07-29,2026-08-27,API - Line 1,,,,,,,,,,,,,
EPIC,API,PHUCLAM-881286,BaaS ********************* Core,R4GOLIVE,Cải tiến,,2026-08-10,,2026-08-27,2026-07-30,2026-08-28,API - Line 3,"PHUCLAM-762678,PHUCLAM-412412",,,,,,,,,,,,
STORY,API,PHUCLAM-881286,BaaS ********************* Core,R4GOLIVE,Cải tiến,,2026-08-10,,2026-08-27,2026-07-30,2026-08-28,API - Line 3,,PHUCLAM-762678,Story,US_M*********************Core,Ready For Golive,API - Line 3,,,,,,,
STORY,API,PHUCLAM-881286,BaaS ********************* Core,R4GOLIVE,Cải tiến,,2026-08-10,,2026-08-27,2026-07-30,2026-08-28,API - Line 3,,PHUCLAM-412412,Story,US_C*********************hant,Ready For Golive,API - Line 3,,,,,,,
EPIC,API,PHUCLAM-461337,MBseller - *********************đăng ký CKS,Released,Cải tiến,2026-08-05,2026-08-05,,2026-08-20,2026-08-03,2026-08-27,API - Line 1,,,,,,,,,,,,,
EPIC,API,PHUCLAM-164117,MBseller *********************n sử dụng,Design,Cải tiến,,2026-08-13,,2026-08-26,2026-08-03,2026-08-28,API - Line 1,"PHUCLAM-299150,PHUCLAM-840146,PHUCLAM-680340,PHUCLAM-188389,PHUCLAM-623762,PHUCLAM-338516,PHUCLAM-201168",,,,,,,,,,,,
STORY,API,PHUCLAM-164117,MBseller *********************n sử dụng,Design,Cải tiến,,2026-08-13,,2026-08-26,2026-08-03,2026-08-28,API - Line 1,,PHUCLAM-299150,Story,Upd*********************kê ,DEV DONE,API - Line 1,PHUCLAM-861309,,,,,,
SUBTASK,API,PHUCLAM-164117,MBseller *********************n sử dụng,Design,Cải tiến,,2026-08-13,,2026-08-26,2026-08-03,2026-08-28,API - Line 1,,PHUCLAM-299150,Story,Upd*********************kê ,DEV DONE,API - Line 1,,PHUCLAM-861309,BA,Upd********************* kê,Done,,
STORY,API,PHUCLAM-164117,MBseller *********************n sử dụng,Design,Cải tiến,,2026-08-13,,2026-08-26,2026-08-03,2026-08-28,API - Line 1,,PHUCLAM-840146,Story,Upda*********************o kê,DEV DONE,API - Line 1,PHUCLAM-544760,,,,,,
SUBTASK,API,PHUCLAM-164117,MBseller *********************n sử dụng,Design,Cải tiến,,2026-08-13,,2026-08-26,2026-08-03,2026-08-28,API - Line 1,,PHUCLAM-840146,Story,Upda*********************o kê,DEV DONE,API - Line 1,,PHUCLAM-544760,BA,Upda*********************o kê,Done,,
STORY,API,PHUCLAM-164117,MBseller *********************n sử dụng,Design,Cải tiến,,2026-08-13,,2026-08-26,2026-08-03,2026-08-28,API - Line 1,,PHUCLAM-680340,Story,Upd*********************oản,DEV DONE,API - Line 1,PHUCLAM-621881,,,,,,
SUBTASK,API,PHUCLAM-164117,MBseller *********************n sử dụng,Design,Cải tiến,,2026-08-13,,2026-08-26,2026-08-03,2026-08-28,API - Line 1,,PHUCLAM-680340,Story,Upd*********************oản,DEV DONE,API - Line 1,,PHUCLAM-621881,BA,Upd*********************oản,Done,,
STORY,API,PHUCLAM-164117,MBseller *********************n sử dụng,Design,Cải tiến,,2026-08-13,,2026-08-26,2026-08-03,2026-08-28,API - Line 1,,PHUCLAM-188389,Story,Upda*********************dịch,DEV DONE,API - Line 1,PHUCLAM-297113,,,,,,
SUBTASK,API,PHUCLAM-164117,MBseller *********************n sử dụng,Design,Cải tiến,,2026-08-13,,2026-08-26,2026-08-03,2026-08-28,API - Line 1,,PHUCLAM-188389,Story,Upda*********************dịch,DEV DONE,API - Line 1,,PHUCLAM-297113,BA,Upda*********************dịch,Done,,
STORY,API,PHUCLAM-164117,MBseller *********************n sử dụng,Design,Cải tiến,,2026-08-13,,2026-08-26,2026-08-03,2026-08-28,API - Line 1,,PHUCLAM-623762,Story,Upda*********************o kê,DEV DONE,API - Line 1,PHUCLAM-358085,,,,,,
SUBTASK,API,PHUCLAM-164117,MBseller *********************n sử dụng,Design,Cải tiến,,2026-08-13,,2026-08-26,2026-08-03,2026-08-28,API - Line 1,,PHUCLAM-623762,Story,Upda*********************o kê,DEV DONE,API - Line 1,,PHUCLAM-358085,BA,Upda*********************o kê,Done,,
STORY,API,PHUCLAM-164117,MBseller *********************n sử dụng,Design,Cải tiến,,2026-08-13,,2026-08-26,2026-08-03,2026-08-28,API - Line 1,,PHUCLAM-338516,Story,Upd*********************ộng,DEV DONE,API - Line 1,PHUCLAM-249828,,,,,,
SUBTASK,API,PHUCLAM-164117,MBseller *********************n sử dụng,Design,Cải tiến,,2026-08-13,,2026-08-26,2026-08-03,2026-08-28,API - Line 1,,PHUCLAM-338516,Story,Upd*********************ộng,DEV DONE,API - Line 1,,PHUCLAM-249828,BA,Upd*********************ộng,Done,,
STORY,API,PHUCLAM-164117,MBseller *********************n sử dụng,Design,Cải tiến,,2026-08-13,,2026-08-26,2026-08-03,2026-08-28,API - Line 1,,PHUCLAM-201168,Story,PT API *********************erchant,DEV DONE,API - Line 1,PHUCLAM-946803,,,,,,
SUBTASK,API,PHUCLAM-164117,MBseller *********************n sử dụng,Design,Cải tiến,,2026-08-13,,2026-08-26,2026-08-03,2026-08-28,API - Line 1,,PHUCLAM-201168,Story,PT API *********************erchant,DEV DONE,API - Line 1,,PHUCLAM-946803,BA,PT API *********************erchant,Done,,
EPIC,API,PHUCLAM-242999,MBse*********************H VỤ,Released,Tính năng mới,2026-08-05,2026-08-05,,2026-08-20,2026-08-03,2026-08-25,API - Line 1,,,,,,,,,,,,,
EPIC,API,PHUCLAM-869089,MBs*********************NG ,Pending,Tính năng mới,,,,,2026-08-03,2026-08-17,API - Line 1,,,,,,,,,,,,,
EPIC,API,PHUCLAM-556173,MiniAp*********************ái NFC,Released,Cải tiến,,2026-08-06,,2026-08-13,2026-08-05,2026-08-26,API - Line 3,,,,,,,,,,,,,
EPIC,API,PHUCLAM-481586,QR*********************c ,Pending,Cải tiến,,2026-07-30,2026-09-11,,2026-08-06,2026-08-21,API - Line 1,"PHUCLAM-742971,PHUCLAM-819318",,,,,,,,,,,,
STORY,API,PHUCLAM-481586,QR*********************c ,Pending,Cải tiến,,2026-07-30,2026-09-11,,2026-08-06,2026-08-21,API - Line 1,,PHUCLAM-742971,Story,Thêm********************* về ,Ready For Dev,,PHUCLAM-603197,,,,,,
SUBTASK,API,PHUCLAM-481586,QR*********************c ,Pending,Cải tiến,,2026-07-30,2026-09-11,,2026-08-06,2026-08-21,API - Line 1,,PHUCLAM-742971,Story,Thêm********************* về ,Ready For Dev,,,PHUCLAM-603197,BA,V*********************ả,Done,,
STORY,API,PHUCLAM-481586,QR*********************c ,Pending,Cải tiến,,2026-07-30,2026-09-11,,2026-08-06,2026-08-21,API - Line 1,,PHUCLAM-819318,Story,[VietQR*********************usById),IN SIT,,PHUCLAM-597912,,,,,,
SUBTASK,API,PHUCLAM-481586,QR*********************c ,Pending,Cải tiến,,2026-07-30,2026-09-11,,2026-08-06,2026-08-21,API - Line 1,,PHUCLAM-819318,Story,[VietQR*********************usById),IN SIT,,,PHUCLAM-597912,BA,V*********************ả,Done,,
EPIC,API,PHUCLAM-185316,[Minia*********************ịch vụ,To Do,Tính năng mới,,,,,2026-08-07,2026-08-26,BaaS 2.0,,,,,,,,,,,,,
EPIC,API,PHUCLAM-602323,MBsel********************* động,Pending,Cải tiến,,,,,2026-08-10,2026-08-17,API - Line 1,,,,,,,,,,,,,
EPIC,API,PHUCLAM-761043,Onboa*********************í POS,Released,Cải tiến,,2026-08-12,,2026-08-19,2026-08-11,2026-08-25,API - Line 3,,,,,,,,,,,,,
EPIC,API,PHUCLAM-848872,Push *********************ortal,In Progress,Tính năng mới,,2026-08-18,,,2026-08-14,2026-08-25,API - Line 3,"PHUCLAM-352968,PHUCLAM-278735",,,,,,,,,,,,
STORY,API,PHUCLAM-848872,Push *********************ortal,In Progress,Tính năng mới,,2026-08-18,,,2026-08-14,2026-08-25,API - Line 3,,PHUCLAM-352968,Story,API d*********************+ SMS,IN UAT,API - Line 3,PHUCLAM-247088,,,,,,
SUBTASK,API,PHUCLAM-848872,Push *********************ortal,In Progress,Tính năng mới,,2026-08-18,,,2026-08-14,2026-08-25,API - Line 3,,PHUCLAM-352968,Story,API d*********************+ SMS,IN UAT,API - Line 3,,PHUCLAM-247088,BA,BA phâ********************* + SMS,Done,,
STORY,API,PHUCLAM-848872,Push *********************ortal,In Progress,Tính năng mới,,2026-08-18,,,2026-08-14,2026-08-25,API - Line 3,,PHUCLAM-278735,Story,API ********************* SMS,IN SIT,API - Line 3,PHUCLAM-621107,,,,,,
SUBTASK,API,PHUCLAM-848872,Push *********************ortal,In Progress,Tính năng mới,,2026-08-18,,,2026-08-14,2026-08-25,API - Line 3,,PHUCLAM-278735,Story,API ********************* SMS,IN SIT,API - Line 3,,PHUCLAM-621107,BA,BA ph*********************D+SMS,Done,,
EPIC,API,PHUCLAM-188503,[API T********************* hưởng,In Progress,Cải tiến,,2026-08-20,,,2026-08-20,2026-08-21,API - Line 2,PHUCLAM-910174,,,,,,,,,,,,
STORY,API,PHUCLAM-188503,[API T********************* hưởng,In Progress,Cải tiến,,2026-08-20,,,2026-08-20,2026-08-21,API - Line 2,,PHUCLAM-910174,Story,Cải ti*********************oài MB,IN SIT,API - Line 2,PHUCLAM-566814,,,,,,
SUBTASK,API,PHUCLAM-188503,[API T********************* hưởng,In Progress,Cải tiến,,2026-08-20,,,2026-08-20,2026-08-21,API - Line 2,,PHUCLAM-910174,Story,Cải ti*********************oài MB,IN SIT,API - Line 2,,PHUCLAM-566814,BA,Cải ti*********************oài MB,Done,2026-08-21,2026-08-21
EPIC,API,PHUCLAM-574936,MBselle********************* & CNKD,In Progress,Cải tiến,2026-08-24,,,,2026-08-21,2026-08-25,API - Line 1,"PHUCLAM-560074,PHUCLAM-449814",,,,,,,,,,,,
STORY,API,PHUCLAM-574936,MBselle********************* & CNKD,In Progress,Cải tiến,2026-08-24,,,,2026-08-21,2026-08-25,API - Line 1,,PHUCLAM-560074,Story,merchantx*********************KD & CNKD,WAITING FOR PLANNING,API - Line 1,"PHUCLAM-772905,PHUCLAM-688300,PHUCLAM-829311,PHUCLAM-231913,PHUCLAM-557839,PHUCLAM-376556",,,,,,
SUBTASK,API,PHUCLAM-574936,MBselle********************* & CNKD,In Progress,Cải tiến,2026-08-24,,,,2026-08-21,2026-08-25,API - Line 1,,PHUCLAM-560074,Story,merchantx*********************KD & CNKD,WAITING FOR PLANNING,API - Line 1,,PHUCLAM-772905,BA,[merch********************* call),Done,,
SUBTASK,API,PHUCLAM-574936,MBselle********************* & CNKD,In Progress,Cải tiến,2026-08-24,,,,2026-08-21,2026-08-25,API - Line 1,,PHUCLAM-560074,Story,merchantx*********************KD & CNKD,WAITING FOR PLANNING,API - Line 1,,PHUCLAM-688300,BA,[ms *********************oanh,Done,,
SUBTASK,API,PHUCLAM-574936,MBselle********************* & CNKD,In Progress,Cải tiến,2026-08-24,,,,2026-08-21,2026-08-25,API - Line 1,,PHUCLAM-560074,Story,merchantx*********************KD & CNKD,WAITING FOR PLANNING,API - Line 1,,PHUCLAM-829311,BA,[ms *********************oanh,Done,,
SUBTASK,API,PHUCLAM-574936,MBselle********************* & CNKD,In Progress,Cải tiến,2026-08-24,,,,2026-08-21,2026-08-25,API - Line 1,,PHUCLAM-560074,Story,merchantx*********************KD & CNKD,WAITING FOR PLANNING,API - Line 1,,PHUCLAM-231913,BA,[mms-acc********************* gen QR),Done,,
SUBTASK,API,PHUCLAM-574936,MBselle********************* & CNKD,In Progress,Cải tiến,2026-08-24,,,,2026-08-21,2026-08-25,API - Line 1,,PHUCLAM-560074,Story,merchantx*********************KD & CNKD,WAITING FOR PLANNING,API - Line 1,,PHUCLAM-557839,BA,[mms pa*********************en QR) ,Done,,
SUBTASK,API,PHUCLAM-574936,MBselle********************* & CNKD,In Progress,Cải tiến,2026-08-24,,,,2026-08-21,2026-08-25,API - Line 1,,PHUCLAM-560074,Story,merchantx*********************KD & CNKD,WAITING FOR PLANNING,API - Line 1,,PHUCLAM-376556,BA,[ms fi*********************n QR) ,Done,,
STORY,API,PHUCLAM-574936,MBselle********************* & CNKD,In Progress,Cải tiến,2026-08-24,,,,2026-08-21,2026-08-25,API - Line 1,,PHUCLAM-449814,Story,Luồng O********************* & CNKD,WAITING FOR PLANNING,API - Line 1,"PHUCLAM-582885,PHUCLAM-758947",,,,,,
SUBTASK,API,PHUCLAM-574936,MBselle********************* & CNKD,In Progress,Cải tiến,2026-08-24,,,,2026-08-21,2026-08-25,API - Line 1,,PHUCLAM-449814,Story,Luồng O********************* & CNKD,WAITING FOR PLANNING,API - Line 1,,PHUCLAM-582885,BA,[mms pa*********************en QR) ,Done,,
SUBTASK,API,PHUCLAM-574936,MBselle********************* & CNKD,In Progress,Cải tiến,2026-08-24,,,,2026-08-21,2026-08-25,API - Line 1,,PHUCLAM-449814,Story,Luồng O********************* & CNKD,WAITING FOR PLANNING,API - Line 1,,PHUCLAM-758947,BA,[mms-ac*********************gen QR),Done,,
EPIC,API,PHUCLAM-177315,Onboa*********************duyệt,Pending,Cải tiến,,2026-08-24,,,2026-08-21,2026-08-27,API - Line 3,PHUCLAM-441594,,,,,,,,,,,,
STORY,API,PHUCLAM-177315,Onboa*********************duyệt,Pending,Cải tiến,,2026-08-24,,,2026-08-21,2026-08-27,API - Line 3,,PHUCLAM-441594,Story,US_On*********************duyệt,Ready For Dev,API - Line 3,"PHUCLAM-110934,PHUCLAM-269993",,,,,,
SUBTASK,API,PHUCLAM-177315,Onboa*********************duyệt,Pending,Cải tiến,,2026-08-24,,,2026-08-21,2026-08-27,API - Line 3,,PHUCLAM-441594,Story,US_On*********************duyệt,Ready For Dev,API - Line 3,,PHUCLAM-110934,BA,[BA]_[P*********************O duyệt,Done,2026-08-25,
SUBTASK,API,PHUCLAM-177315,Onboa*********************duyệt,Pending,Cải tiến,,2026-08-24,,,2026-08-21,2026-08-27,API - Line 3,,PHUCLAM-441594,Story,US_On*********************duyệt,Ready For Dev,API - Line 3,,PHUCLAM-269993,BA,[BA]_[P*********************O duyệt,Cancelled,2026-08-25,
EPIC,API,PHUCLAM-714830,Push BĐ*********************k trùng,Design,Cải tiến,,2026-08-24,,,2026-08-21,2026-08-25,API - Line 3,PHUCLAM-812389,,,,,,,,,,,,
STORY,API,PHUCLAM-714830,Push BĐ*********************k trùng,Design,Cải tiến,,2026-08-24,,,2026-08-21,2026-08-25,API - Line 3,,PHUCLAM-812389,Story,Push BĐ*********************k trùng,READY FOR REFINE,API - Line 3,PHUCLAM-128436,,,,,,
SUBTASK,API,PHUCLAM-714830,Push BĐ*********************k trùng,Design,Cải tiến,,2026-08-24,,,2026-08-21,2026-08-25,API - Line 3,,PHUCLAM-812389,Story,Push BĐ*********************k trùng,READY FOR REFINE,API - Line 3,,PHUCLAM-128436,BA,BA phân *********************ush BĐSD,Done,,
EPIC,API,PHUCLAM-373417,QR_*********************TER,In Progress,Cải tiến,,2026-08-25,2026-09-07,,2026-08-24,2026-08-26,API - Line 1,"PHUCLAM-782462,PHUCLAM-741798",,,,,,,,,,,,
STORY,API,PHUCLAM-373417,QR_*********************TER,In Progress,Cải tiến,,2026-08-25,2026-09-07,,2026-08-24,2026-08-26,API - Line 1,,PHUCLAM-782462,Story,Cải *********************inal,IN UAT,,PHUCLAM-843223,,,,,,
SUBTASK,API,PHUCLAM-373417,QR_*********************TER,In Progress,Cải tiến,,2026-08-25,2026-09-07,,2026-08-24,2026-08-26,API - Line 1,,PHUCLAM-782462,Story,Cải *********************inal,IN UAT,,,PHUCLAM-843223,BA,Vi*********************TL,Done,2026-08-24,2026-08-25
STORY,API,PHUCLAM-373417,QR_*********************TER,In Progress,Cải tiến,,2026-08-25,2026-09-07,,2026-08-24,2026-08-26,API - Line 1,,PHUCLAM-741798,Story,Cải ti********************* ver 2,Analyzing,,PHUCLAM-414186,,,,,,
SUBTASK,API,PHUCLAM-373417,QR_*********************TER,In Progress,Cải tiến,,2026-08-25,2026-09-07,,2026-08-24,2026-08-26,API - Line 1,,PHUCLAM-741798,Story,Cải ti********************* ver 2,Analyzing,,,PHUCLAM-414186,BA,Vi*********************TL,In Progress,2026-08-24,2026-08-25
EPIC,API,PHUCLAM-510543,QR_LOA_*********************tác LOA,Design,Cải tiến,,2026-08-25,2026-09-07,,2026-08-26,2026-08-26,API - Line 1,,,,,,,,,,,,,
EPIC,API,PHUCLAM-386131,BỔ SU*********************ỐC TẾ,To Do,Cải tiến,,,,,2026-08-27,2026-08-27,API - Line 2,,,,,,,,,,,,,
EPIC,API,PHUCLAM-739055,Cải ti*********************uốc tế,To Do,Cải tiến,,,,,2026-08-27,2026-08-27,API - Line 2,,,,,,,,,,,,,
EPIC,API,PHUCLAM-292134,BỔ SUNG *********************Ẻ HYBRID,To Do,Cải tiến,,,,,2026-08-27,2026-08-27,API - Line 2,,,,,,,,,,,,,
EPIC,BPMCN,TAN-399945,Xây dự*********************g SXKD,Cancelled,Phát triển mới,,,,,2026-02-03,2026-03-03,,,,,,,,,,,,,,
EPIC,BPMCN,TAN-131199,Xây dựng chươn*********************g có TSBĐ Core,Cancelled,Sản phẩm/dịch vụ/quy trình mới,,,,,2026-02-27,2026-03-04,,,,,,,,,,,,,,
EPIC,BPMCN,TAN-748837,Tích*********************dụng,Cancelled,Cải tiến,,2026-03-13,,,2026-03-02,2026-03-11,,,,,,,,,,,,,,
EPIC,BPMCN,TAN-304119,TO*********************IM,Cancelled,Tính năng mới,,,,,2026-03-05,2026-03-25,,,,,,,,,,,,,,
EPIC,BPMCN,TAN-518842,Tích hợ*********************ạn thảo,Cancelled,Cải tiến,,2026-03-05,2026-04-02,,2026-03-05,2026-05-13,,,,,,,,,,,,,,
EPIC,BPMCN,TAN-956558,US1: B********************* hồ sơ,Cancelled,Tính năng mới,,,,,2026-03-06,2026-03-26,,,,,,,,,,,,,,
EPIC,BPMCN,TAN-605380,Luồ*********************SS),Cancelled,Tính năng mới,,2026-03-06,,,2026-03-06,2026-03-13,QTPD-SmartBPM.KHCN,,,,,,,,,,,,,
EPIC,BPMCN,TAN-447341,Epi*********************ics,Cancelled,Cải tiến,,,,,2026-03-09,2026-05-25,,,,,,,,,,,,,,
EPIC,BPMCN,TAN-869332,BPM,Cancelled,Tính năng mới,,,,,2026-03-23,2026-04-06,,,,,,,,,,,,,,
EPIC,BPMCN,TAN-612523,Điều chỉ********************* đắp...),Cancelled,Sản phẩm/dịch vụ/quy trình mới,,2026-03-26,,,2026-03-26,2026-05-29,,,,,,,,,,,,,,
EPIC,BPMCN,TAN-819929,Xây dự*********************nshine,Released,Sản phẩm/dịch vụ/quy trình mới,2026-03-26,2026-04-01,2026-08-14,2026-08-14,2026-03-26,2026-08-18,,,,,,,,,,,,,,
EPIC,BPMCN,TAN-152591,Đề xuấ*********************- BCTĐ,Cancelled,Cải tiến,2026-04-02,2026-06-01,,,2026-04-03,2026-06-16,,,,,,,,,,,,,,
EPIC,BPMCN,TAN-723416,Chỉn*********************động,Cancelled,Cải tiến,2026-04-08,,,,2026-04-16,2026-08-11,,,,,,,,,,,,,,
EPIC,BPMCN,TAN-755148,Cải********************* án,Cancelled,Cải tiến,2026-04-19,2026-04-29,,,2026-04-23,2026-05-06,,,,,,,,,,,,,,
EPIC,BPMCN,TAN-144576,Mở r*********************đích,Cancelled,Cải tiến,2026-05-21,,,,2026-04-23,2026-05-21,,,,,,,,,,,,,,
EPIC,BPMCN,TAN-679753,Nguyenh*********************ser off,Cancelled,Cải tiến,,,,,2026-04-24,2026-08-11,,,,,,,,,,,,,,
EPIC,BPMCN,TAN-339899,Nguyenh*********************ser off,Cancelled,Cải tiến,,,,,2026-04-24,2026-04-24,,,,,,,,,,,,,,
EPIC,BPMCN,TAN-962474,Bổ sun*********************er off,Cancelled,Cải tiến,,,,,2026-04-24,2026-04-24,,,,,,,,,,,,,,
EPIC,BPMCN,TAN-445018,Bổ sun*********************er off,Cancelled,Cải tiến,,,,,2026-04-24,2026-04-24,,,,,,,,,,,,,,
EPIC,BPMCN,TAN-818750,Bổ sun*********************er off,Cancelled,Cải tiến,,,,,2026-04-24,2026-04-24,,,,,,,,,,,,,,
EPIC,BPMCN,TAN-421578,Bổ sun*********************er off,Cancelled,Cải tiến,,,,,2026-04-24,2026-04-24,,,,,,,,,,,,,,
EPIC,BPMCN,TAN-951881,Bổ sun*********************er off,Cancelled,Cải tiến,,,,,2026-04-24,2026-04-24,,,,,,,,,,,,,,
EPIC,BPMCN,TAN-666318,Bổ sun*********************er off,Cancelled,Cải tiến,,,,,2026-04-24,2026-04-24,,,,,,,,,,,,,,
EPIC,BPMCN,TAN-471639,Bổ sun*********************er off,Cancelled,Cải tiến,,,,,2026-04-24,2026-04-24,,,,,,,,,,,,,,
EPIC,BPMCN,TAN-502398,Bổ sun*********************er off,Cancelled,Cải tiến,,,,,2026-04-24,2026-04-24,,,,,,,,,,,,,,
EPIC,BPMCN,TAN-913762,Bổ sun*********************er off,Cancelled,Cải tiến,,,,,2026-04-24,2026-04-24,,,,,,,,,,,,,,
EPIC,BPMCN,TAN-280985,Hiệu chỉ*********************ều chỉnh,Cancelled,Cải tiến,2026-04-14,,,,2026-04-24,2026-08-11,,,,,,,,,,,,,,
EPIC,BPMCN,TAN-327353,Hiệu chỉ*********************ều chỉnh,Cancelled,Cải tiến,2026-04-14,,,,2026-04-24,2026-04-24,,,,,,,,,,,,,,
EPIC,BPMCN,TAN-814900,Hiệu chỉ*********************ều chỉnh,Cancelled,Cải tiến,2026-04-14,,,,2026-04-24,2026-04-24,,,,,,,,,,,,,,
EPIC,BPMCN,TAN-792504,Đi*********************me,Cancelled,Cải tiến,,,,,2026-04-29,2026-05-04,,,,,,,,,,,,,,
EPIC,BPMCN,TAN-322690,Mở r*********************đích,Cancelled,Cải tiến,2026-05-04,,,,2026-05-04,2026-05-14,,,,,,,,,,,,,,
EPIC,BPMCN,TAN-183442,Min*********************CRM,Cancelled,Cải tiến,,,,,2026-05-04,2026-05-04,,,,,,,,,,,,,,
EPIC,BPMCN,TAN-727027,Thiết*********************niApp,Cancelled,Tính năng mới,,,,,2026-05-06,2026-07-20,,,,,,,,,,,,,,
EPIC,BPMCN,TAN-536166,Thiết*********************niApp,Cancelled,Tính năng mới,,,,,2026-05-06,2026-05-06,,,,,,,,,,,,,,
EPIC,BPMCN,TAN-589515,Thiết*********************niApp,Cancelled,Tính năng mới,,,,,2026-05-06,2026-05-06,,,,,,,,,,,,,,
EPIC,BPMCN,TAN-281920,Thiết*********************niApp,Cancelled,Tính năng mới,,,,,2026-05-06,2026-05-06,,,,,,,,,,,,,,
EPIC,BPMCN,TAN-929308,Thiết*********************niApp,Cancelled,Tính năng mới,,,,,2026-05-06,2026-05-06,,,,,,,,,,,,,,
EPIC,BPMCN,TAN-880697,Cải*********************ụng,Cancelled,Cải tiến,,2026-05-06,,,2026-05-06,2026-05-06,QTPD-SmartBPM.KHCN,,,,,,,,,,,,,
EPIC,BPMCN,TAN-333254,Thiết*********************niApp,Cancelled,Tính năng mới,,,,,2026-05-06,2026-05-06,,,,,,,,,,,,,,
EPIC,BPMCN,TAN-589612,Thiết*********************niApp,Cancelled,Tính năng mới,,,,,2026-05-06,2026-05-06,,,,,,,,,,,,,,
EPIC,BPMCN,TAN-274710,Thiết*********************niApp,Cancelled,Tính năng mới,,,,,2026-05-06,2026-05-06,,,,,,,,,,,,,,
EPIC,BPMCN,TAN-576732,Thiết*********************niApp,Cancelled,Tính năng mới,,,,,2026-05-06,2026-05-06,,,,,,,,,,,,,,
EPIC,BPMCN,TAN-313096,Thiết*********************niApp,Cancelled,Tính năng mới,,,,,2026-05-06,2026-05-06,,,,,,,,,,,,,,
EPIC,BPMCN,TAN-990991,Thiết*********************niApp,Cancelled,Tính năng mới,,,,,2026-05-06,2026-05-06,,,,,,,,,,,,,,
EPIC,BPMCN,TAN-701607,Thiết*********************niApp,Cancelled,Tính năng mới,,,,,2026-05-06,2026-05-14,,,,,,,,,,,,,,
EPIC,BPMCN,TAN-904937,Thiết*********************niApp,Cancelled,Tính năng mới,,,,,2026-05-06,2026-05-06,,,,,,,,,,,,,,
EPIC,BPMCN,TAN-514072,Thiết*********************niApp,Cancelled,Tính năng mới,,,,,2026-05-06,2026-05-06,,,,,,,,,,,,,,
EPIC,BPMCN,TAN-776800,Thiết*********************niApp,Cancelled,Tính năng mới,,,,,2026-05-06,2026-05-06,,,,,,,,,,,,,,
EPIC,BPMCN,TAN-868955,Cải*********************ụng,Cancelled,Cải tiến,,2026-05-06,,,2026-05-06,2026-05-06,QTPD-SmartBPM.KHCN,,,,,,,,,,,,,
EPIC,BPMCN,TAN-999181,Cải*********************ụng,Cancelled,Cải tiến,,2026-05-06,,,2026-05-06,2026-05-15,QTPD-SmartBPM.KHCN,,,,,,,,,,,,,
EPIC,BPMCN,TAN-152593,Thiết*********************niApp,Cancelled,Tính năng mới,,,,,2026-05-06,2026-05-06,,,,,,,,,,,,,,
EPIC,BPMCN,TAN-772610,Cải*********************ụng,Cancelled,Cải tiến,,2026-05-06,,,2026-05-06,2026-05-06,QTPD-SmartBPM.KHCN,,,,,,,,,,,,,
EPIC,BPMCN,TAN-967294,Thiết*********************niApp,Cancelled,Tính năng mới,,,,,2026-05-06,2026-05-06,,,,,,,,,,,,,,
EPIC,BPMCN,TAN-308870,Cải*********************ụng,Cancelled,Cải tiến,,2026-05-06,,,2026-05-06,2026-05-07,QTPD-SmartBPM.KHCN,,,,,,,,,,,,,
EPIC,BPMCN,TAN-294757,Thiết*********************niApp,Cancelled,Tính năng mới,,,,,2026-05-06,2026-05-06,,,,,,,,,,,,,,
EPIC,BPMCN,TAN-777477,Thiết*********************niApp,Cancelled,Tính năng mới,,,,,2026-05-06,2026-05-06,,,,,,,,,,,,,,
EPIC,BPMCN,TAN-571218,Thiết*********************niApp,Cancelled,Tính năng mới,,,,,2026-05-06,2026-05-06,,,,,,,,,,,,,,
EPIC,BPMCN,TAN-334888,Thiết*********************niApp,Cancelled,Tính năng mới,,,,,2026-05-06,2026-05-06,,,,,,,,,,,,,,
EPIC,BPMCN,TAN-102826,Cải tiến*********************o PLHDTC,Cancelled,Cải tiến,2026-05-01,,,,2026-05-06,2026-07-06,,,,,,,,,,,,,,
EPIC,BPMCN,TAN-556034,Epic: ********************* dư nợ,Cancelled,Cải tiến,2026-04-02,2026-04-07,,,2026-05-07,2026-05-07,,,,,,,,,,,,,,
EPIC,BPMCN,TAN-341741,Phát********************* BPM,Cancelled,Cải tiến,,2026-05-07,,,2026-05-07,2026-05-18,,,,,,,,,,,,,,
EPIC,BPMCN,TAN-768485,Tin********************* MS,Cancelled,Cải tiến,2026-05-07,,,,2026-05-07,2026-05-07,,,,,,,,,,,,,,
EPIC,BPMCN,TAN-309381,Tin********************* MS,Cancelled,Cải tiến,2026-05-07,,,,2026-05-07,2026-05-14,,,,,,,,,,,,,,
EPIC,BPMCN,TAN-181707,Cải*********************nhà,Cancelled,Cải tiến,,,,,2026-05-07,2026-05-07,,,,,,,,,,,,,,
EPIC,BPMCN,TAN-770779,SO*********************TD,Cancelled,Tính năng mới,2026-05-07,2026-05-07,,,2026-05-07,2026-05-07,,,,,,,,,,,,,,
EPIC,BPMCN,TAN-277847,SO*********************TD,Cancelled,Tính năng mới,2026-05-07,2026-05-07,,,2026-05-07,2026-05-07,,,,,,,,,,,,,,
EPIC,BPMCN,TAN-751331,SO*********************TD,Cancelled,Tính năng mới,2026-05-07,2026-05-07,,,2026-05-07,2026-05-07,,,,,,,,,,,,,,
EPIC,BPMCN,TAN-422197,SO*********************TD,Cancelled,Tính năng mới,2026-05-07,2026-05-07,,,2026-05-07,2026-05-07,,,,,,,,,,,,,,
EPIC,BPMCN,TAN-188564,Giải ********************* định,Cancelled,Cải tiến,2026-04-29,,,,2026-05-07,2026-05-07,,,,,,,,,,,,,,
EPIC,BPMCN,TAN-690013,Giải ********************* định,Cancelled,Cải tiến,2026-04-29,,,,2026-05-07,2026-05-07,,,,,,,,,,,,,,
EPIC,BPMCN,TAN-603309,Xây dự*********************rủi ro,To Do,Cải tiến,2026-04-29,2026-09-17,,,2026-05-07,2026-08-24,,,,,,,,,,,,,,
SUBTASK,BPMCN,TAN-603309,Xây dự*********************rủi ro,To Do,Cải tiến,2026-04-29,2026-09-17,,,2026-05-07,2026-08-24,,,,,,,,,TAN-669263,Elicitate,BA - Eli*********************u rủi ro,To Do,,
EPIC,BPMCN,TAN-283059,(datnm*********************M KHCN,Cancelled,Cải tiến,2026-05-08,,,,2026-05-08,2026-08-11,,,,,,,,,,,,,,
EPIC,BPMCN,TAN-884504,SOẠN*********************U GN,Cancelled,Cải tiến,2026-05-11,,,,2026-05-11,2026-05-11,,,,,,,,,,,,,,
EPIC,BPMCN,TAN-713448,Nguye*********************ÂU GN,Cancelled,Cải tiến,2026-05-11,,,,2026-05-11,2026-06-29,,,,,,,,,,,,,,
EPIC,BPMCN,TAN-140527,Update/tạo*********************ất tài sản,Cancelled,Cải tiến,2026-05-12,2026-05-12,2026-05-31,,2026-05-12,2026-05-12,,,,,,,,,,,,,,
EPIC,BPMCN,TAN-680403,Update/tạo*********************ất tài sản,Cancelled,Cải tiến,2026-05-12,2026-05-12,2026-05-31,,2026-05-12,2026-05-12,,,,,,,,,,,,,,
EPIC,BPMCN,TAN-324306,Update/tạo*********************ất tài sản,Cancelled,Cải tiến,2026-05-12,2026-05-12,2026-05-31,,2026-05-12,2026-05-14,,,,,,,,,,,,,,
EPIC,BPMCN,TAN-801761,Tin********************* MS,Cancelled,Cải tiến,2026-05-13,2026-05-13,2026-05-31,,2026-05-15,2026-05-15,,,,,,,,,,,,,,
EPIC,BPMCN,TAN-261474,Phát********************* BPM,Cancelled,Cải tiến,,2026-05-07,,,2026-05-18,2026-05-18,,,,,,,,,,,,,,
EPIC,BPMCN,TAN-387116,Phát********************* BPM,Cancelled,Cải tiến,,,,,2026-05-18,2026-05-22,,,,,,,,,,,,,,
EPIC,BPMCN,TAN-360654,Điề*********************026,Cancelled,Cải tiến,,,,,2026-05-18,2026-05-18,,,,,,,,,,,,,,
EPIC,BPMCN,TAN-178558,Tháng 0********************* thể ký,Released,Cải tiến,2026-05-21,2026-06-05,2026-07-03,2026-06-25,2026-05-18,2026-08-05,,,,,,,,,,,,,,
EPIC,BPMCN,TAN-594904,Tháng 0********************* thể ký,Cancelled,Cải tiến,2026-05-11,,,,2026-05-18,2026-05-18,,,,,,,,,,,,,,
EPIC,BPMCN,TAN-124529,Tháng 0********************* thể ký,Cancelled,Cải tiến,2026-05-11,,,,2026-05-18,2026-05-18,,,,,,,,,,,,,,
EPIC,BPMCN,TAN-406954,Tự*********************ký,Cancelled,Cải tiến,,2026-05-28,,,2026-05-28,2026-06-11,QTVH-SmartBPM.KHCN,,,,,,,,,,,,,
EPIC,BPMCN,TAN-316763,Tự đ*********************kiện,Cancelled,Cải tiến,,2026-05-28,,,2026-05-28,2026-06-11,QTVH-SmartBPM.KHCN,,,,,,,,,,,,,
EPIC,BPMCN,TAN-226492,Cải tiế*********************08 QTTD,Cancelled,Cải tiến,,,,,2026-05-28,2026-05-29,,,,,,,,,,,,,,
EPIC,BPMCN,TAN-290885,Cải tiế*********************08 QTTD,Cancelled,Cải tiến,,,,,2026-05-28,2026-05-29,,,,,,,,,,,,,,
EPIC,BPMCN,TAN-506192,"Phát triển********************* GTCG,...)",Cancelled,Cải tiến,,,,,2026-05-28,2026-06-10,,,,,,,,,,,,,,
EPIC,BPMCN,TAN-524246,"Phát triển********************* GTCG,...)",Cancelled,Cải tiến,,,,,2026-05-28,2026-06-10,,,,,,,,,,,,,,
EPIC,BPMCN,TAN-564155,Điều chỉ********************* đắp...),Cancelled,Cải tiến,,,,,2026-05-28,2026-05-29,,,,,,,,,,,,,,
EPIC,BPMCN,TAN-419327,Điều chỉ********************* đắp...),Cancelled,Cải tiến,,,,,2026-05-28,2026-05-29,,,,,,,,,,,,,,
EPIC,BPMCN,TAN-127888,Điều chỉ********************* đắp...),Cancelled,Cải tiến,,,,,2026-05-28,2026-05-29,,,,,,,,,,,,,,
EPIC,BPMCN,TAN-258945,Điều chỉ********************* đắp...),Cancelled,Cải tiến,,,,,2026-05-28,2026-05-29,,,,,,,,,,,,,,
EPIC,BPMCN,TAN-668520,Điều chỉ********************* đắp...),Cancelled,Cải tiến,,,,,2026-05-28,2026-05-29,,,,,,,,,,,,,,
EPIC,BPMCN,TAN-145405,Điều chỉ********************* đắp...),Cancelled,Cải tiến,,,,,2026-05-28,2026-05-29,,,,,,,,,,,,,,
EPIC,BPMCN,TAN-469295,Điều chỉ********************* đắp...),Cancelled,Cải tiến,,,,,2026-05-28,2026-05-29,,,,,,,,,,,,,,
EPIC,BPMCN,TAN-200708,Điều chỉ********************* đắp...),Cancelled,Cải tiến,,,,,2026-05-28,2026-05-29,,,,,,,,,,,,,,
EPIC,BPMCN,TAN-140456,Điều chỉ********************* đắp...),Cancelled,Cải tiến,,,,,2026-05-28,2026-05-29,,,,,,,,,,,,,,
EPIC,BPMCN,TAN-158032,Điều chỉ********************* đắp...),Cancelled,Cải tiến,,,,,2026-05-28,2026-05-29,,,,,,,,,,,,,,
EPIC,BPMCN,TAN-228365,Điều chỉ********************* đắp...),Cancelled,Cải tiến,,,,,2026-05-28,2026-05-29,,,,,,,,,,,,,,
EPIC,BPMCN,TAN-552087,Điều chỉ********************* đắp...),Cancelled,Cải tiến,,,,,2026-05-28,2026-05-29,,,,,,,,,,,,,,
EPIC,BPMCN,TAN-319897,Điều chỉ********************* đắp...),Cancelled,Cải tiến,,,,,2026-05-28,2026-05-29,,,,,,,,,,,,,,
EPIC,BPMCN,TAN-142608,Điều chỉ********************* đắp...),Cancelled,Cải tiến,,,,,2026-05-28,2026-05-29,,,,,,,,,,,,,,
EPIC,BPMCN,TAN-121262,Điều chỉ********************* đắp...),Cancelled,Cải tiến,,,,,2026-05-29,2026-05-29,,,,,,,,,,,,,,
EPIC,BPMCN,TAN-404492,Cải t********************* TNCN,Cancelled,Cải tiến,2026-04-06,,,,2026-05-29,2026-05-29,,,,,,,,,,,,,,
EPIC,BPMCN,TAN-217565,Cải tiến*********************mục đích,Pending,Cải tiến,,2026-06-01,,,2026-05-29,2026-08-24,,"TAN-817974,TAN-402304,TAN-687996",,,,,,,,,,,,
STORY,BPMCN,TAN-217565,Cải tiến*********************mục đích,Pending,Cải tiến,,2026-06-01,,,2026-05-29,2026-08-24,,,TAN-817974,Story,US1: C*********************ân App,Pending,,,,,,,,
STORY,BPMCN,TAN-217565,Cải tiến*********************mục đích,Pending,Cải tiến,,2026-06-01,,,2026-05-29,2026-08-24,,,TAN-402304,Story,US2:*********************p MB,Pending,,,,,,,,
STORY,BPMCN,TAN-217565,Cải tiến*********************mục đích,Pending,Cải tiến,,2026-06-01,,,2026-05-29,2026-08-24,,,TAN-687996,Story,US3: Điều********************* mục đích,Pending,,,,,,,,
EPIC,BPMCN,TAN-780195,Cải tiế*********************quản lí,Cancelled,Cải tiến,2026-04-06,,,,2026-06-03,2026-06-04,,,,,,,,,,,,,,
EPIC,BPMCN,TAN-948668,Cải tiế*********************quản lí,Released,Cải tiến,2026-04-06,2026-06-09,2026-07-03,2026-06-29,2026-06-03,2026-08-05,,,,,,,,,,,,,,
EPIC,BPMCN,TAN-988432,Cải ********************* vốn,Released,Cải tiến,2026-04-06,2026-06-09,2026-07-03,2026-06-29,2026-06-03,2026-08-05,,,,,,,,,,,,,,
EPIC,BPMCN,TAN-422448,NHẬN*********************NGÂN,Cancelled,Tính năng mới,,,,,2026-06-03,2026-06-03,,,,,,,,,,,,,,
EPIC,BPMCN,TAN-162898,Tự đ*********************kiện,Cancelled,Cải tiến,,2026-06-04,,,2026-06-04,2026-06-15,QTVH-SmartBPM.KHCN,,,,,,,,,,,,,
EPIC,BPMCN,TAN-988239,Nguyenh*********************CV HTTD,Cancelled,Sản phẩm/dịch vụ/quy trình mới,2026-06-04,,,,2026-06-04,2026-06-09,,,,,,,,,,,,,,
EPIC,BPMCN,TAN-738691,427505*********************nh thẻ,Released,Cải tiến,2026-06-05,2026-06-05,2026-07-03,2026-06-24,2026-06-08,2026-08-05,,,,,,,,,,,,,,
EPIC,BPMCN,TAN-170352,Các ********************* bpm,Cancelled,Cải tiến,2026-06-05,,,,2026-06-08,2026-06-08,,,,,,,,,,,,,,
EPIC,BPMCN,TAN-463771,Các ********************* bpm,Cancelled,Cải tiến,2026-06-05,,,,2026-06-08,2026-06-08,,,,,,,,,,,,,,
EPIC,BPMCN,TAN-370861,Các ********************* bpm,Cancelled,Cải tiến,2026-06-05,,,,2026-06-08,2026-06-08,,,,,,,,,,,,,,
EPIC,BPMCN,TAN-543922,Các ********************* bpm,Cancelled,Cải tiến,2026-06-05,,,,2026-06-08,2026-06-08,,,,,,,,,,,,,,
EPIC,BPMCN,TAN-773582,4275056*********************hẩm thẻ,Released,Cải tiến,2026-06-05,2026-06-15,2026-07-09,2026-07-03,2026-06-08,2026-08-05,,,,,,,,,,,,,,
EPIC,BPMCN,TAN-514855,4275********************* PHT,Released,Cải tiến,2026-06-05,2026-06-29,2026-07-16,2026-07-15,2026-06-08,2026-08-11,,,,,,,,,,,,,,
EPIC,BPMCN,TAN-828482,Phát t*********************h quầy,Cancelled,Cải tiến,,,,,2026-06-09,2026-07-03,,,,,,,,,,,,,,
EPIC,BPMCN,TAN-117951,Phát t*********************h quầy,Cancelled,Cải tiến,,,,,2026-06-09,2026-06-10,,,,,,,,,,,,,,
EPIC,BPMCN,TAN-328419,Phát t*********************h quầy,Cancelled,Cải tiến,,,,,2026-06-09,2026-06-10,,,,,,,,,,,,,,
EPIC,BPMCN,TAN-343368,Triển k*********************khâu GN,Pending,Sản phẩm/dịch vụ/quy trình mới,,,,,2026-06-12,2026-08-11,,TAN-106995,,,,,,,,,,,,
SUBTASK,BPMCN,TAN-343368,Triển k*********************khâu GN,Pending,Sản phẩm/dịch vụ/quy trình mới,,,,,2026-06-12,2026-08-11,,,,,,,,,TAN-440637,Elicitate,BA - Eli********************* khâu GN,Done,,
STORY,BPMCN,TAN-343368,Triển k*********************khâu GN,Pending,Sản phẩm/dịch vụ/quy trình mới,,,,,2026-06-12,2026-08-11,,,TAN-106995,Story,Cải ti*********************hâu GN,READY FOR REFINE,,TAN-906972,,,,,,
SUBTASK,BPMCN,TAN-343368,Triển k*********************khâu GN,Pending,Sản phẩm/dịch vụ/quy trình mới,,,,,2026-06-12,2026-08-11,,,TAN-106995,Story,Cải ti*********************hâu GN,READY FOR REFINE,,,TAN-906972,BA,BA - Phâ********************* khâu GN,Done,,
EPIC,BPMCN,TAN-434962,Cập nh*********************m home,Cancelled,Cải tiến,,,,,2026-06-18,2026-07-03,,,,,,,,,,,,,,
EPIC,BPMCN,TAN-266831,Điều ch*********************ín chấp,Released,Cải tiến,,,2026-07-09,2026-07-09,2026-06-18,2026-08-05,,,,,,,,,,,,,,
EPIC,BPMCN,TAN-622266,BPM,Cancelled,Cải tiến,,,,,2026-06-22,2026-07-06,,,,,,,,,,,,,,
EPIC,BPMCN,TAN-253745,Cải tiến*********************o PLHDTC,Released,Cải tiến,,2026-07-13,2026-07-22,2026-07-22,2026-07-03,2026-08-11,,,,,,,,,,,,,,
EPIC,BPMCN,TAN-168102,Phát t*********************h quầy,Released,Sản phẩm/dịch vụ/quy trình mới,2026-07-07,2026-07-10,2026-08-14,2026-08-14,2026-07-06,2026-08-27,,,,,,,,,,,,,,
EPIC,BPMCN,TAN-325629,Chương*********************tại MB,Released,Cải tiến,2026-07-01,2026-07-06,2026-07-22,2026-07-22,2026-07-01,2026-08-05,,,,,,,,,,,,,,
EPIC,BPMCN,TAN-303008,Cải********************* án,Released,Cải tiến,,2026-07-07,2026-07-30,2026-07-27,2026-07-06,2026-08-11,QTPD-SmartBPM.KHCN,,,,,,,,,,,,,
EPIC,BPMCN,TAN-137977,"TĐ, ĐX - *********************khác biệt",Released,Cải tiến,2026-07-06,2026-07-30,2026-08-21,2026-08-19,2026-07-06,2026-08-21,,,,,,,,,,,,,,
EPIC,BPMCN,TAN-687713,(datnm) TS********************* xuất = 0),Released,Cải tiến,2026-07-06,2026-07-17,2026-08-06,2026-08-05,2026-07-08,2026-08-06,,,,,,,,,,,,,,
EPIC,BPMCN,TAN-746819,Điều ********************* TSBĐ,Released,Cải tiến,,2026-07-08,2026-07-22,2026-07-22,2026-07-08,2026-08-05,,,,,,,,,,,,,,
EPIC,BPMCN,TAN-367823,ES: R*********************h thẻ,Cancelled,Cải tiến,,,,,2026-07-10,2026-08-17,,,,,,,,,,,,,,
EPIC,BPMCN,TAN-818574,Tháng 6/2026- Điều chỉ*********************thị vị trí QR văn kiện,Released,Cải tiến,,2026-07-14,2026-07-16,2026-07-16,2026-07-11,2026-08-05,,,,,,,,,,,,,,
EPIC,BPMCN,TAN-327994,Hangnt.t********************* tự động,Released,Cải tiến,,2026-07-13,2026-07-30,2026-07-29,2026-07-11,2026-08-05,,,,,,,,,,,,,,
EPIC,BPMCN,TAN-731259,Nhận ********************* định,Released,Cải tiến,,2026-07-13,2026-08-06,2026-07-31,2026-07-13,2026-08-06,,,,,,,,,,,,,,
EPIC,BPMCN,TAN-674336,Điều ch*********************ng/Ô tô,Released,Cải tiến,,2026-07-15,2026-08-06,2026-08-04,2026-07-16,2026-08-06,,,,,,,,,,,,,,
EPIC,BPMCN,TAN-296119,Điều *********************âu PD,Released,Cải tiến,,2026-07-21,2026-07-30,2026-07-29,2026-07-17,2026-08-05,QTPD-SmartBPM.KHCN,,,,,,,,,,,,,
EPIC,BPMCN,TAN-710000,Nguye********************* VKTD,Pending,Cải tiến,,,,,2026-07-20,2026-08-11,,,,,,,,,,,,,,
SUBTASK,BPMCN,TAN-710000,Nguye********************* VKTD,Pending,Cải tiến,,,,,2026-07-20,2026-08-11,,,,,,,,,TAN-879704,Elicitate,BA - El*********************ký VKTD,To Do,,
EPIC,BPMCN,TAN-830307,Điều chỉnh Mẫu *********************ăn kiện còn lại,Cancelled,Cải tiến,,,,,2026-07-27,2026-08-11,,,,,,,,,,,,,,
EPIC,BPMCN,TAN-684415,Bổ sun*********************ến MS ,Cancelled,Cải tiến,,,,,2026-07-31,2026-08-11,,,,,,,,,,,,,,
EPIC,BPMCN,TAN-985680,Phát t*********************nhomes,Cancelled,Tính năng mới,,,,,2026-08-03,2026-08-11,,,,,,,,,,,,,,
EPIC,BPMCN,TAN-412203,Cải ti********************* hồ sơ,Released,Cải tiến,2026-07-17,2026-08-03,2026-08-21,2026-08-21,2026-08-04,2026-08-22,,,,,,,,,,,,,,
EPIC,BPMCN,TAN-767441,THUNT1*********************NTRACT,Released,Cải tiến,,2026-08-07,2026-08-27,2026-08-26,2026-08-05,2026-08-27,,,,,,,,,,,,,,
EPIC,BPMCN,TAN-146414,2026_*********************KUNN),Cancelled,Tính năng mới,,2026-08-24,,,2026-08-06,2026-08-24,,,,,,,,,,,,,,
EPIC,BPMCN,TAN-894874,Giải ph*********************Gửi SMS,Cancelled,Tính năng mới,,2026-08-12,,,2026-08-06,2026-08-24,,,,,,,,,,,,,,
EPIC,BPMCN,TAN-790647,Cơ chế ứn********************* cảnh báo,R4GOLIVE,Cải tiến,2026-08-07,2026-08-10,2026-09-04,2026-08-27,2026-08-10,2026-08-28,QTPD-SmartBPM.KHCN,TAN-460847,,,,,,,,,,,,
SUBTASK,BPMCN,TAN-790647,Cơ chế ứn********************* cảnh báo,R4GOLIVE,Cải tiến,2026-08-07,2026-08-10,2026-09-04,2026-08-27,2026-08-10,2026-08-28,QTPD-SmartBPM.KHCN,,,,,,,,TAN-135002,Elicitate,BA - Elicit*********************có cảnh báo,Done,,
STORY,BPMCN,TAN-790647,Cơ chế ứn********************* cảnh báo,R4GOLIVE,Cải tiến,2026-08-07,2026-08-10,2026-09-04,2026-08-27,2026-08-10,2026-08-28,QTPD-SmartBPM.KHCN,,TAN-460847,Story,(long*********************ủi ro,Ready For Golive,QTPD-SmartBPM.KHCN,,,,,,,
EPIC,BPMCN,TAN-514269,Điều*********************nước,Released,Cải tiến,2026-08-07,2026-08-07,2026-08-21,2026-08-20,2026-08-10,2026-08-21,QTPD-SmartBPM.KHCN,,,,,,,,,,,,,
EPIC,BPMCN,TAN-984239,Xây dự*********************g Way4,In Progress,Sản phẩm,2026-08-12,,,,2026-08-11,2026-08-24,,"TAN-836494,TAN-329134,TAN-960906,TAN-206786,TAN-467378",,,,,,,,,,,,
STORY,BPMCN,TAN-984239,Xây dự*********************g Way4,In Progress,Sản phẩm,2026-08-12,,,,2026-08-11,2026-08-24,,,TAN-836494,Story,0. Q*********************Way4,IN DEV,,"TAN-202683,TAN-370689",,,,,,
SUBTASK,BPMCN,TAN-984239,Xây dự*********************g Way4,In Progress,Sản phẩm,2026-08-12,,,,2026-08-11,2026-08-24,,,TAN-836494,Story,0. Q*********************Way4,IN DEV,,,TAN-202683,BA,BA - ********************* Way4,Cancelled,,
SUBTASK,BPMCN,TAN-984239,Xây dự*********************g Way4,In Progress,Sản phẩm,2026-08-12,,,,2026-08-11,2026-08-24,,,TAN-836494,Story,0. Q*********************Way4,IN DEV,,,TAN-370689,BA,Phân*********************way4,Done,,
STORY,BPMCN,TAN-984239,Xây dự*********************g Way4,In Progress,Sản phẩm,2026-08-12,,,,2026-08-11,2026-08-24,,,TAN-329134,Story,1. Màn*********************P Way4,IN SIT,,TAN-553906,,,,,,
SUBTASK,BPMCN,TAN-984239,Xây dự*********************g Way4,In Progress,Sản phẩm,2026-08-12,,,,2026-08-11,2026-08-24,,,TAN-329134,Story,1. Màn*********************P Way4,IN SIT,,,TAN-553906,BA,BA - Phâ*********************c P Way4,Done,,
STORY,BPMCN,TAN-984239,Xây dự*********************g Way4,In Progress,Sản phẩm,2026-08-12,,,,2026-08-11,2026-08-24,,,TAN-960906,Story,2. Màn*********************P Way4,IN SIT,,TAN-789770,,,,,,
SUBTASK,BPMCN,TAN-984239,Xây dự*********************g Way4,In Progress,Sản phẩm,2026-08-12,,,,2026-08-11,2026-08-24,,,TAN-960906,Story,2. Màn*********************P Way4,IN SIT,,,TAN-789770,BA,BA - Phâ*********************c P Way4,Done,,
STORY,BPMCN,TAN-984239,Xây dự*********************g Way4,In Progress,Sản phẩm,2026-08-12,,,,2026-08-11,2026-08-24,,,TAN-206786,Story,3. Màn ********************* P Way4,Ready For Dev,,TAN-189370,,,,,,
SUBTASK,BPMCN,TAN-984239,Xây dự*********************g Way4,In Progress,Sản phẩm,2026-08-12,,,,2026-08-11,2026-08-24,,,TAN-206786,Story,3. Màn ********************* P Way4,Ready For Dev,,,TAN-189370,BA,BA - Phân*********************ức P Way4,Done,,
STORY,BPMCN,TAN-984239,Xây dự*********************g Way4,In Progress,Sản phẩm,2026-08-12,,,,2026-08-11,2026-08-24,,,TAN-467378,Story,4. Các*********************P Way4,Ready For Dev,,TAN-574648,,,,,,
SUBTASK,BPMCN,TAN-984239,Xây dự*********************g Way4,In Progress,Sản phẩm,2026-08-12,,,,2026-08-11,2026-08-24,,,TAN-467378,Story,4. Các*********************P Way4,Ready For Dev,,,TAN-574648,BA,BA - Phâ*********************c P Way4,Done,,
EPIC,BPMCN,TAN-361296,Điều c*********************7/2026,In Progress,Cải tiến,,2026-08-19,,,2026-08-12,2026-08-26,QTPD-SmartBPM.KHCN,TAN-706978,,,,,,,,,,,,
SUBTASK,BPMCN,TAN-361296,Điều c*********************7/2026,In Progress,Cải tiến,,2026-08-19,,,2026-08-12,2026-08-26,QTPD-SmartBPM.KHCN,,,,,,,,TAN-553027,Elicitate,BA - El*********************07/2026,Done,,
STORY,BPMCN,TAN-361296,Điều c*********************7/2026,In Progress,Cải tiến,,2026-08-19,,,2026-08-12,2026-08-26,QTPD-SmartBPM.KHCN,,TAN-706978,Story,Điều c*********************7/2026,IN DEV,QTPD-SmartBPM.KHCN,TAN-520987,,,,,,
SUBTASK,BPMCN,TAN-361296,Điều c*********************7/2026,In Progress,Cải tiến,,2026-08-19,,,2026-08-12,2026-08-26,QTPD-SmartBPM.KHCN,,TAN-706978,Story,Điều c*********************7/2026,IN DEV,QTPD-SmartBPM.KHCN,,TAN-520987,BA,BA - Ph*********************07/2026,Done,,
EPIC,BPMCN,TAN-658076,Luồng*********************n mức,In Progress,Cải tiến,2026-08-12,,,,2026-08-12,2026-08-24,,TAN-149591,,,,,,,,,,,,
SUBTASK,BPMCN,TAN-658076,Luồng*********************n mức,In Progress,Cải tiến,2026-08-12,,,,2026-08-12,2026-08-24,,,,,,,,,TAN-115746,Elicitate,BA - El********************* nợ BPM,Done,,
STORY,BPMCN,TAN-658076,Luồng*********************n mức,In Progress,Cải tiến,2026-08-12,,,,2026-08-12,2026-08-24,,,TAN-149591,Story,Luồng*********************n mức,IN UAT,,"TAN-531696,TAN-849134",,,,,,
SUBTASK,BPMCN,TAN-658076,Luồng*********************n mức,In Progress,Cải tiến,2026-08-12,,,,2026-08-12,2026-08-24,,,TAN-149591,Story,Luồng*********************n mức,IN UAT,,,TAN-531696,BA,Phâ********************* nợ,Done,,
SUBTASK,BPMCN,TAN-658076,Luồng*********************n mức,In Progress,Cải tiến,2026-08-12,,,,2026-08-12,2026-08-24,,,TAN-149591,Story,Luồng*********************n mức,IN UAT,,,TAN-849134,BA,BA - P*********************ạn mức,Cancelled,,
EPIC,BPMCN,TAN-616943,Sửa đổ*********************ân thủ,Released,Cải tiến,,2026-08-21,2026-08-27,2026-08-26,2026-08-19,2026-08-27,,,,,,,,,,,,,,
EPIC,BPMCN,TAN-792119,Luồn********************* cao,In Progress,Cải tiến,,2026-08-19,,,2026-08-20,2026-08-21,,"TAN-827180,TAN-101272",,,,,,,,,,,,
SUBTASK,BPMCN,TAN-792119,Luồn********************* cao,In Progress,Cải tiến,,2026-08-19,,,2026-08-20,2026-08-21,,,,,,,,,TAN-717315,Elicitate,BA - E*********************HM cao,Done,,
STORY,BPMCN,TAN-792119,Luồn********************* cao,In Progress,Cải tiến,,2026-08-19,,,2026-08-20,2026-08-21,,,TAN-827180,Story,US1. Đi*********************ừ Way4),IN DEV,,"TAN-396134,TAN-629749",,,,,,
SUBTASK,BPMCN,TAN-792119,Luồn********************* cao,In Progress,Cải tiến,,2026-08-19,,,2026-08-20,2026-08-21,,,TAN-827180,Story,US1. Đi*********************ừ Way4),IN DEV,,,TAN-396134,BA,Ph*********************re,Done,,
SUBTASK,BPMCN,TAN-792119,Luồn********************* cao,In Progress,Cải tiến,,2026-08-19,,,2026-08-20,2026-08-21,,,TAN-827180,Story,US1. Đi*********************ừ Way4),IN DEV,,,TAN-629749,BA,BA - Phân********************* từ Way4),Cancelled,,
STORY,BPMCN,TAN-792119,Luồn********************* cao,In Progress,Cải tiến,,2026-08-19,,,2026-08-20,2026-08-21,,,TAN-101272,Story,US1. Điề*********************- đơn lẻ,IN DEV,,"TAN-518635,TAN-155161",,,,,,
SUBTASK,BPMCN,TAN-792119,Luồn********************* cao,In Progress,Cải tiến,,2026-08-19,,,2026-08-20,2026-08-21,,,TAN-101272,Story,US1. Điề*********************- đơn lẻ,IN DEV,,,TAN-518635,BA,BA - Phân *********************) - đơn lẻ,Done,,
SUBTASK,BPMCN,TAN-792119,Luồn********************* cao,In Progress,Cải tiến,,2026-08-19,,,2026-08-20,2026-08-21,,,TAN-101272,Story,US1. Điề*********************- đơn lẻ,IN DEV,,,TAN-155161,BA,Ph*********************re,Cancelled,,
EPIC,BPMCN,TAN-610443,Luồng cậ*********************iệu đồng,In Progress,Cải tiến,,2026-08-19,,,2026-08-20,2026-08-21,,TAN-718248,,,,,,,,,,,,
SUBTASK,BPMCN,TAN-610443,Luồng cậ*********************iệu đồng,In Progress,Cải tiến,,2026-08-19,,,2026-08-20,2026-08-21,,,,,,,,,TAN-270291,Elicitate,BA - E*********************400 tr,Done,,
STORY,BPMCN,TAN-610443,Luồng cậ*********************iệu đồng,In Progress,Cải tiến,,2026-08-19,,,2026-08-20,2026-08-21,,,TAN-718248,Story,US1: Cập*********************iệu đồng,IN DEV,,"TAN-438379,TAN-677374",,,,,,
SUBTASK,BPMCN,TAN-610443,Luồng cậ*********************iệu đồng,In Progress,Cải tiến,,2026-08-19,,,2026-08-20,2026-08-21,,,TAN-718248,Story,US1: Cập*********************iệu đồng,IN DEV,,,TAN-438379,BA,BA - Phân*********************riệu đồng,Cancelled,,
SUBTASK,BPMCN,TAN-610443,Luồng cậ*********************iệu đồng,In Progress,Cải tiến,,2026-08-19,,,2026-08-20,2026-08-21,,,TAN-718248,Story,US1: Cập*********************iệu đồng,IN DEV,,,TAN-677374,BA,Phân ********************* quan,Done,,
EPIC,BPMCN,TAN-270343,Sửa đổ*********************hase 2,To Do,Cải tiến,,,,,2026-08-25,2026-08-25,,,,,,,,,,,,,,
SUBTASK,BPMCN,TAN-270343,Sửa đổ*********************hase 2,To Do,Cải tiến,,,,,2026-08-25,2026-08-25,,,,,,,,,TAN-612228,Elicitate,BA - Eli********************* phase 2,To Do,,
EPIC,BPMCN,TAN-381794,ĐIỀU C*********************H HÀNG,To Do,Cải tiến,,,,,2026-08-26,2026-08-27,,,,,,,,,,,,,,
SUBTASK,BPMCN,TAN-381794,ĐIỀU C*********************H HÀNG,To Do,Cải tiến,,,,,2026-08-26,2026-08-27,,,,,,,,,TAN-932344,Elicitate,BA - Eli*********************ÁCH HÀNG,To Do,,
EPIC,CRMCN,THANH-457653,Tái*********************RM ,IN PO,Cải tiến,,,,,2026-02-25,2026-06-19,,,,,,,,,,,,,,
EPIC,CRMCN,THANH-942922,[App + *********************Tracker,Cancelled,Tính năng mới,,,,,2026-03-04,2026-03-11,,,,,,,,,,,,,,
EPIC,CRMCN,THANH-298463,[App +*********************ên CRM,Cancelled,Sản phẩm/dịch vụ/quy trình mới,,2026-03-20,,,2026-03-16,2026-06-12,,,,,,,,,,,,,,
EPIC,CRMCN,THANH-210187,WE*********************L ,Cancelled,Sản phẩm/dịch vụ/quy trình mới,2026-03-23,,,,2026-03-24,2026-05-22,,,,,,,,,,,,,,
EPIC,CRMCN,THANH-819799,(WE*********************uất,Cancelled,Sản phẩm/dịch vụ/quy trình mới,,,,,2026-04-09,2026-04-16,,,,,,,,,,,,,,
EPIC,CRMCN,THANH-677339,Module*********************PP MB),Released,Sản phẩm/dịch vụ/quy trình mới,,2026-06-04,2026-07-09,2026-07-06,2026-06-03,2026-08-25,,,,,,,,,,,,,,
EPIC,CRMCN,THANH-741052,Danh *********************d CRM,Cancelled,Cải tiến,,,,,2026-06-08,2026-06-10,,,,,,,,,,,,,,
EPIC,CRMCN,THANH-638632,APP - *********************ôi bán,Cancelled,Cải tiến,,,,,2026-06-10,2026-06-10,,,,,,,,,,,,,,
EPIC,CRMCN,THANH-922031,[APP] *********************BQL/HO,Released,Tính năng mới,,2026-07-01,2026-07-16,2026-07-16,2026-06-11,2026-08-25,,,,,,,,,,,,,,
EPIC,CRMCN,THANH-681262,[WEB] *********************.CN/HO,Released,Cải tiến,,2026-07-01,2026-07-16,2026-07-16,2026-06-11,2026-08-05,,,,,,,,,,,,,,
EPIC,CRMCN,THANH-376282,APP -*********************i bán,Released,Cải tiến,,2026-06-15,2026-07-02,2026-07-02,2026-06-15,2026-08-05,,,,,,,,,,,,,,
EPIC,CRMCN,THANH-121969,Email *********************/ LLBH,Released,Tính năng mới,,2026-06-30,2026-07-16,2026-07-16,2026-06-23,2026-08-05,,,,,,,,,,,,,,
EPIC,CRMCN,THANH-673788,[KHCN]********************* (mới),Released,Sản phẩm/dịch vụ/quy trình mới,,2026-07-02,2026-07-27,2026-07-27,2026-06-29,2026-08-28,,,,,,,,,,,,,,
EPIC,CRMCN,THANH-352019,(AP*********************HCN,Released,Cải tiến,,2026-07-09,2026-07-16,2026-07-16,2026-07-02,2026-08-05,,,,,,,,,,,,,,
EPIC,CRMCN,THANH-103166,[INDIV*********************m 2026,Released,Sản phẩm/dịch vụ/quy trình mới,,2026-07-08,2026-08-03,2026-07-30,2026-07-06,2026-08-26,,,,,,,,,,,,,,
EPIC,CRMCN,THANH-359580,Web/APP *********************iến dịch,Released,Cải tiến,,2026-07-20,2026-08-06,2026-08-06,2026-07-10,2026-08-07,,,,,,,,,,,,,,
EPIC,CRMCN,THANH-400527,[Web] *********************n lead,Released,Tính năng mới,,2026-07-10,2026-07-30,2026-07-30,2026-07-10,2026-08-05,,,,,,,,,,,,,,
EPIC,CRMCN,THANH-361837,(WEB *********************luồng,Released,Tính năng mới,,2026-08-06,2026-08-21,2026-08-20,2026-07-14,2026-08-25,,,,,,,,,,,,,,
EPIC,CRMCN,THANH-638956,Điều *********************ority,Released,Cải tiến,2026-07-08,2026-07-16,2026-07-27,2026-07-23,2026-07-16,2026-08-13,,,,,,,,,,,,,,
EPIC,CRMCN,THANH-185884,(WEB *********************luồng,Cancelled,Sản phẩm/dịch vụ/quy trình mới,,,,,2026-07-20,2026-07-20,,,,,,,,,,,,,,
EPIC,CRMCN,THANH-684119,TLPT WEB*********************/Private,Released,Tính năng mới,2026-06-16,2026-08-03,2026-08-20,2026-08-20,2026-08-03,2026-08-22,,,,,,,,,,,,,,
EPIC,CRMCN,THANH-927926,Bổ sun*********************ên CRM,In Progress,Cải tiến,2026-08-13,2026-08-13,2026-09-11,2026-09-03,2026-08-13,2026-08-28,,THANH-313005,,,,,,,,,,,,
STORY,CRMCN,THANH-927926,Bổ sun*********************ên CRM,In Progress,Cải tiến,2026-08-13,2026-08-13,2026-09-11,2026-09-03,2026-08-13,2026-08-28,,,THANH-313005,Story,Bổ sung tr********************* chốt deal,UAT DONE,,THANH-770109,,,,,,
SUBTASK,CRMCN,THANH-927926,Bổ sun*********************ên CRM,In Progress,Cải tiến,2026-08-13,2026-08-13,2026-09-11,2026-09-03,2026-08-13,2026-08-28,,,THANH-313005,Story,Bổ sung tr********************* chốt deal,UAT DONE,,,THANH-770109,BA,BA phân********************* Bancas,Done,,
EPIC,CRMCN,THANH-183902,[KHCN]*********************n dịch,In Progress,Tính năng mới,,2026-08-19,2026-09-11,2026-09-10,2026-08-20,2026-08-28,,"THANH-517762,THANH-571740",,,,,,,,,,,,
STORY,CRMCN,THANH-183902,[KHCN]*********************n dịch,In Progress,Tính năng mới,,2026-08-19,2026-09-11,2026-09-10,2026-08-20,2026-08-28,,,THANH-517762,Story,Tính*********************dịch,IN DEV,,THANH-399532,,,,,,
SUBTASK,CRMCN,THANH-183902,[KHCN]*********************n dịch,In Progress,Tính năng mới,,2026-08-19,2026-09-11,2026-09-10,2026-08-20,2026-08-28,,,THANH-517762,Story,Tính*********************dịch,IN DEV,,,THANH-399532,BA,BA phâ*********************n dịch,Done,,
STORY,CRMCN,THANH-183902,[KHCN]*********************n dịch,In Progress,Tính năng mới,,2026-08-19,2026-09-11,2026-09-10,2026-08-20,2026-08-28,,,THANH-571740,Story,Điều ********************* dịch,IN DEV,,THANH-450377,,,,,,
SUBTASK,CRMCN,THANH-183902,[KHCN]*********************n dịch,In Progress,Tính năng mới,,2026-08-19,2026-09-11,2026-09-10,2026-08-20,2026-08-28,,,THANH-571740,Story,Điều ********************* dịch,IN DEV,,,THANH-450377,BA,BA phân*********************ến dịch,Done,,
EPIC,CRMCN,THANH-407551,[KHCN] *********************ng bán ,In Progress,Tính năng mới,,2026-08-24,2026-09-18,2026-09-15,2026-08-25,2026-08-28,,"THANH-976075,THANH-924496",,,,,,,,,,,,
STORY,CRMCN,THANH-407551,[KHCN] *********************ng bán ,In Progress,Tính năng mới,,2026-08-24,2026-09-18,2026-09-15,2026-08-25,2026-08-28,,,THANH-976075,Story,[APP R*********************ôm nay,Ready For Dev,,THANH-370654,,,,,,
SUBTASK,CRMCN,THANH-407551,[KHCN] *********************ng bán ,In Progress,Tính năng mới,,2026-08-24,2026-09-18,2026-09-15,2026-08-25,2026-08-28,,,THANH-976075,Story,[APP R*********************ôm nay,Ready For Dev,,,THANH-370654,BA,BA phân ********************* hôm nay,Done,,
STORY,CRMCN,THANH-407551,[KHCN] *********************ng bán ,In Progress,Tính năng mới,,2026-08-24,2026-09-18,2026-09-15,2026-08-25,2026-08-28,,,THANH-924496,Story,[APP********************* bán,IN DEV,,THANH-237372,,,,,,
SUBTASK,CRMCN,THANH-407551,[KHCN] *********************ng bán ,In Progress,Tính năng mới,,2026-08-24,2026-09-18,2026-09-15,2026-08-25,2026-08-28,,,THANH-924496,Story,[APP********************* bán,IN DEV,,,THANH-237372,BA,BA phân*********************ăng bán,Done,,
EPIC,CRMCN,THANH-221917,[KHCN] *********************PRIVATE,To Do,Cải tiến,2026-08-27,,,,2026-08-27,2026-08-27,,,,,,,,,,,,,,
EPIC,CRMCN,THANH-353936,(WEB*********************KHCN,Design,Cải tiến,,2026-08-27,2026-09-04,2026-09-04,2026-08-27,2026-08-28,,THANH-617480,,,,,,,,,,,,
STORY,CRMCN,THANH-353936,(WEB*********************KHCN,Design,Cải tiến,,2026-08-27,2026-09-04,2026-09-04,2026-08-27,2026-08-28,,,THANH-617480,Story,[KH*********************uất,Analyzing,,THANH-190715,,,,,,
SUBTASK,CRMCN,THANH-353936,(WEB*********************KHCN,Design,Cải tiến,,2026-08-27,2026-09-04,2026-09-04,2026-08-27,2026-08-28,,,THANH-617480,Story,[KH*********************uất,Analyzing,,,THANH-190715,BA,BA phâ*********************i suất,In Progress,,
EPIC,DL,MINHNT-280053,[Ma*********************iệm,Cancelled,Cải tiến,,,,,2026-02-25,2026-02-27,E2E.1,,,,,,,,,,,,,
EPIC,DL,MINHNT-816012,AC_TK*********************n vay,Released,Cải tiến,,,,,2026-03-31,2026-08-17,DL,,,,,,,,,,,,,
EPIC,DL,MINHNT-745873,SP Tiêu*********************I-FLEXI,Cancelled,Cải tiến,2026-04-16,2026-04-16,2026-04-30,,2026-04-16,2026-04-17,DL,,,,,,,,,,,,,
EPIC,DL,MINHNT-295393,Trạm********************* mức,Cancelled,Tính năng mới,,,,,2026-04-21,2026-04-21,,,,,,,,,,,,,,
EPIC,DL,MINHNT-907125,Trạm********************* vay,Cancelled,Tính năng mới,,,,,2026-04-21,2026-04-21,,,,,,,,,,,,,,
EPIC,DL,MINHNT-691205,SP Vay c*********************tất toán,Released,Sản phẩm/dịch vụ/quy trình mới,2026-05-26,2026-05-27,2026-07-16,2026-07-07,2026-04-29,2026-08-05,DL,,,,,,,,,,,,,
EPIC,DL,MINHNT-973504,Thấu*********************mới ,Cancelled,Cải tiến,,,,,2026-05-21,2026-05-22,DL,,,,,,,,,,,,,
EPIC,DL,MINHNT-715535,SP V********************* mới,Released,Sản phẩm/dịch vụ/quy trình mới,,,,2026-06-24,2026-05-22,2026-08-21,DL,,,,,,,,,,,,,
EPIC,DL,MINHNT-714567,SP Vay*********************sau GN,Released,Sản phẩm/dịch vụ/quy trình mới,,2026-05-28,2026-06-25,2026-06-24,2026-05-25,2026-08-14,DL,,,,,,,,,,,,,
EPIC,DL,MINHNT-659496,CR *********************ích,Pending,Tính năng mới,,2026-06-11,2026-07-02,,2026-05-28,2026-06-22,,MINHNT-885147,,,,,,,,,,,,
STORY,DL,MINHNT-659496,CR *********************ích,Pending,Tính năng mới,,2026-06-11,2026-07-02,,2026-05-28,2026-06-22,,,MINHNT-885147,Story,App c*********************đích ,Ready For Dev,"DL, E2E.3",MINHNT-831085,,,,,,
SUBTASK,DL,MINHNT-659496,CR *********************ích,Pending,Tính năng mới,,2026-06-11,2026-07-02,,2026-05-28,2026-06-22,,,MINHNT-885147,Story,App c*********************đích ,Ready For Dev,"DL, E2E.3",,MINHNT-831085,BA,Th*********************ch,Done,2026-05-29,2026-05-29
EPIC,DL,MINHNT-762314,Phát *********************BBank,Released,Tính năng mới,,2026-06-11,,2026-07-01,2026-06-03,2026-08-25,,,,,,,,,,,,,,
EPIC,DL,MINHNT-589185,Bổ*********************RA,In Progress,Cải tiến,,,2026-06-25,2026-06-25,2026-06-17,2026-08-13,,,,,,,,,,,,,,
EPIC,DL,MINHNT-720609,[LD-T*********************g T24,Cancelled,Cải tiến,2026-07-01,,,,2026-07-06,2026-07-21,DL,,,,,,,,,,,,,
EPIC,DL,MINHNT-325149,Vay tiê*********************oản vay,R4GOLIVE,Sản phẩm/dịch vụ/quy trình mới,,2026-08-12,,2026-08-26,2026-07-07,2026-08-28,,"MINHNT-907264,MINHNT-517509",,,,,,,,,,,,
STORY,DL,MINHNT-325149,Vay tiê*********************oản vay,R4GOLIVE,Sản phẩm/dịch vụ/quy trình mới,,2026-08-12,,2026-08-26,2026-07-07,2026-08-28,,,MINHNT-907264,Story,[TGL********************* App,Ready For Golive,E2E.1,,,,,,,
STORY,DL,MINHNT-325149,Vay tiê*********************oản vay,R4GOLIVE,Sản phẩm/dịch vụ/quy trình mới,,2026-08-12,,2026-08-26,2026-07-07,2026-08-28,,,MINHNT-517509,Story,[TGLH*********************ả góp,Cancelled,E2E.1,,,,,,,
EPIC,DL,MINHNT-359946,Bổ sun*********************p đoàn,To Do,Cải tiến,,,,,2026-07-20,2026-07-20,,,,,,,,,,,,,,
EPIC,DL,MINHNT-658866,[LD-TK*********************hạn LD,Pilot,Tính năng mới,2026-07-20,2026-07-21,,2026-08-07,2026-07-21,2026-08-20,DL,,,,,,,,,,,,,
EPIC,DL,MINHNT-930253,[LD_*********************oán ,In Progress,Sản phẩm/dịch vụ/quy trình mới,,2026-08-24,,,2026-07-22,2026-08-28,,"MINHNT-893916,MINHNT-347510,MINHNT-629920",,,,,,,,,,,,
STORY,DL,MINHNT-930253,[LD_*********************oán ,In Progress,Sản phẩm/dịch vụ/quy trình mới,,2026-08-24,,,2026-07-22,2026-08-28,,,MINHNT-893916,Story,Khách********************* hoạt,Ready For Test,DL,MINHNT-436585,,,,,,
SUBTASK,DL,MINHNT-930253,[LD_*********************oán ,In Progress,Sản phẩm/dịch vụ/quy trình mới,,2026-08-24,,,2026-07-22,2026-08-28,,,MINHNT-893916,Story,Khách********************* hoạt,Ready For Test,DL,,MINHNT-436585,BA,Vi*********************ch,Done,2026-07-28,2026-07-30
STORY,DL,MINHNT-930253,[LD_*********************oán ,In Progress,Sản phẩm/dịch vụ/quy trình mới,,2026-08-24,,,2026-07-22,2026-08-28,,,MINHNT-347510,Story,Khách*********************n App,IN DEV,DL,MINHNT-630611,,,,,,
SUBTASK,DL,MINHNT-930253,[LD_*********************oán ,In Progress,Sản phẩm/dịch vụ/quy trình mới,,2026-08-24,,,2026-07-22,2026-08-28,,,MINHNT-347510,Story,Khách*********************n App,IN DEV,DL,,MINHNT-630611,BA,Vi*********************ch,Done,2026-07-28,2026-07-30
STORY,DL,MINHNT-930253,[LD_*********************oán ,In Progress,Sản phẩm/dịch vụ/quy trình mới,,2026-08-24,,,2026-07-22,2026-08-28,,,MINHNT-629920,Story,Khác*********************hoạt,Ready For Test,DL,MINHNT-491082,,,,,,
SUBTASK,DL,MINHNT-930253,[LD_*********************oán ,In Progress,Sản phẩm/dịch vụ/quy trình mới,,2026-08-24,,,2026-07-22,2026-08-28,,,MINHNT-629920,Story,Khác*********************hoạt,Ready For Test,DL,,MINHNT-491082,BA,Vi*********************ch,Done,2026-07-28,2026-07-30
EPIC,DL,MINHNT-364068,Ch*********************ếu,In Progress,Sản phẩm,,,,,2026-08-11,2026-08-28,,"MINHNT-146067,MINHNT-992120,MINHNT-585218",,,,,,,,,,,,
STORY,DL,MINHNT-364068,Ch*********************ếu,In Progress,Sản phẩm,,,,,2026-08-11,2026-08-28,,,MINHNT-146067,Story,[LD_********************* vay,DEV DONE,,MINHNT-293778,,,,,,
SUBTASK,DL,MINHNT-364068,Ch*********************ếu,In Progress,Sản phẩm,,,,,2026-08-11,2026-08-28,,,MINHNT-146067,Story,[LD_********************* vay,DEV DONE,,,MINHNT-293778,BA,Th*********************ch,Done,2026-08-12,2026-08-12
STORY,DL,MINHNT-364068,Ch*********************ếu,In Progress,Sản phẩm,,,,,2026-08-11,2026-08-28,,,MINHNT-992120,Story,[LD_*********************y ký,DEV DONE,,,,,,,,
STORY,DL,MINHNT-364068,Ch*********************ếu,In Progress,Sản phẩm,,,,,2026-08-11,2026-08-28,,,MINHNT-585218,Story,[LD_********************* lô ,Ready For Dev,,MINHNT-564372,,,,,,
SUBTASK,DL,MINHNT-364068,Ch*********************ếu,In Progress,Sản phẩm,,,,,2026-08-11,2026-08-28,,,MINHNT-585218,Story,[LD_********************* lô ,Ready For Dev,,,MINHNT-564372,BA,Th*********************h ,Done,2026-08-12,2026-08-12
EPIC,DL,MINHNT-947563,Vay *********************com ,In Progress,Cải tiến,,,,,2026-08-14,2026-08-21,,MINHNT-877570,,,,,,,,,,,,
STORY,DL,MINHNT-947563,Vay *********************com ,In Progress,Cải tiến,,,,,2026-08-14,2026-08-21,,,MINHNT-877570,Story,Vay C*********************Vacom,Ready For Golive,,,,,,,,
EPIC,DL,MINHNT-687455,Bổ sung *********************iải ngân,To Do,Cải tiến,,,,,2026-08-26,2026-08-27,,MINHNT-732600,,,,,,,,,,,,
STORY,DL,MINHNT-687455,Bổ sung *********************iải ngân,To Do,Cải tiến,,,,,2026-08-26,2026-08-27,,,MINHNT-732600,Story,Bổ sung *********************iải ngân,To Do,DL,,,,,,,
EPIC,HCM,VIOANH-340229,Tr*********************ác,Cancelled,Phát triển mới,,2026-01-09,2026-12-31,,2026-02-09,2026-04-01,Team_Sai_Gon,,,,,,,,,,,,,
EPIC,HCM,VIOANH-569271,Cả*********************o ,Cancelled,Cải tiến,,,,,2026-03-17,2026-04-17,,,,,,,,,,,,,,
EPIC,HCM,VIOANH-238576,Phát t*********************ào tạo,Released,Sản phẩm/dịch vụ/quy trình mới,2026-05-28,2026-05-28,2026-06-30,2026-06-29,2026-05-05,2026-08-21,,,,,,,,,,,,,,
EPIC,HCM,VIOANH-915786,Cả*********************ng,Released,Cải tiến,,2026-06-17,2026-07-10,2026-07-06,2026-06-10,2026-08-11,Payroll,,,,,,,,,,,,,
EPIC,HCM,VIOANH-767627,Cải *********************oạch,In Progress,Cải tiến,2026-08-27,2026-08-27,2026-08-21,,2026-06-16,2026-08-24,,"VIOANH-182969,VIOANH-848007,VIOANH-461214,VIOANH-379122,VIOANH-915695,VIOANH-638718",,,,,,,,,,,,
SUBTASK,HCM,VIOANH-767627,Cải *********************oạch,In Progress,Cải tiến,2026-08-27,2026-08-27,2026-08-21,,2026-06-16,2026-08-24,,,,,,,,,VIOANH-459037,BA,Ho*********************tả,Done,2026-08-17,2026-08-19
STORY,HCM,VIOANH-767627,Cải *********************oạch,In Progress,Cải tiến,2026-08-27,2026-08-27,2026-08-21,,2026-06-16,2026-08-24,,,VIOANH-182969,Story,2026*********************việc,IN UAT,,,,,,,,
STORY,HCM,VIOANH-767627,Cải *********************oạch,In Progress,Cải tiến,2026-08-27,2026-08-27,2026-08-21,,2026-06-16,2026-08-24,,,VIOANH-848007,Story,2026.********************* việc,IN SIT,,,,,,,,
STORY,HCM,VIOANH-767627,Cải *********************oạch,In Progress,Cải tiến,2026-08-27,2026-08-27,2026-08-21,,2026-06-16,2026-08-24,,,VIOANH-461214,Story,2026.0*********************đơn vị,IN SIT,,,,,,,,
STORY,HCM,VIOANH-767627,Cải *********************oạch,In Progress,Cải tiến,2026-08-27,2026-08-27,2026-08-21,,2026-06-16,2026-08-24,,,VIOANH-379122,Story,2026.*********************ơn vị,IN SIT,,,,,,,,
STORY,HCM,VIOANH-767627,Cải *********************oạch,In Progress,Cải tiến,2026-08-27,2026-08-27,2026-08-21,,2026-06-16,2026-08-24,,,VIOANH-915695,Story,2026.*********************R PNS,Pending,,,,,,,,
STORY,HCM,VIOANH-767627,Cải *********************oạch,In Progress,Cải tiến,2026-08-27,2026-08-27,2026-08-21,,2026-06-16,2026-08-24,,,VIOANH-638718,Story,2026.0*********************g lưới,IN DEV,,,,,,,,
EPIC,HCM,VIOANH-259256,abce,Cancelled,Cải tiến,,,,,2026-07-09,2026-07-09,,,,,,,,,,,,,,
EPIC,HCM,VIOANH-838795,LE*********************2),Released,Tính năng mới,,2026-07-15,2026-08-03,2026-08-03,2026-07-13,2026-08-12,,,,,,,,,,,,,,
EPIC,HCM,VIOANH-253791,HCM - *********************ịch vụ,Released,Cải tiến,,2026-07-31,2026-08-20,2026-08-19,2026-07-17,2026-08-21,,,,,,,,,,,,,,
EPIC,HCM,VIOANH-746252,Xây dự*********************ckdate,Released,Tính năng mới,2026-07-31,2026-07-31,2026-08-20,2026-08-19,2026-07-20,2026-08-21,Payroll,,,,,,,,,,,,,
EPIC,HCM,VIOANH-211999,2026*********************E-CN,Released,Cải tiến,2026-08-04,2026-08-04,2026-08-24,2026-08-22,2026-07-24,2026-08-25,Payroll,,,,,,,,,,,,,
EPIC,HCM,VIOANH-632790,202608*********************chế độ,Released,Cải tiến,2026-08-06,2026-08-06,2026-08-26,2026-08-25,2026-07-27,2026-08-26,,,,,,,,,,,,,,
EPIC,HCM,VIOANH-116941,202*********************SME,R4GOLIVE,Cải tiến,2026-08-11,2026-08-11,,2026-08-27,2026-08-11,2026-08-28,Payroll,"VIOANH-317212,VIOANH-296877,VIOANH-836058",,,,,,,,,,,,
STORY,HCM,VIOANH-116941,202*********************SME,R4GOLIVE,Cải tiến,2026-08-11,2026-08-11,,2026-08-27,2026-08-11,2026-08-28,Payroll,,VIOANH-317212,Story,4. *********************SME,Ready For Golive,,,,,,,,
STORY,HCM,VIOANH-116941,202*********************SME,R4GOLIVE,Cải tiến,2026-08-11,2026-08-11,,2026-08-27,2026-08-11,2026-08-28,Payroll,,VIOANH-296877,Story,5. C********************* SME,Ready For Golive,,,,,,,,
STORY,HCM,VIOANH-116941,202*********************SME,R4GOLIVE,Cải tiến,2026-08-11,2026-08-11,,2026-08-27,2026-08-11,2026-08-28,Payroll,,VIOANH-836058,Story,6. T*********************-SME,Ready For Golive,,,,,,,,
EPIC,HCM,VIOANH-841512,Cải *********************TTTT,In Progress,Cải tiến,2026-08-18,2026-08-18,,,2026-08-24,2026-08-25,,"VIOANH-232623,VIOANH-560072,VIOANH-947397",,,,,,,,,,,,
STORY,HCM,VIOANH-841512,Cải *********************TTTT,In Progress,Cải tiến,2026-08-18,2026-08-18,,,2026-08-24,2026-08-25,,,VIOANH-232623,Story,9. *********************TTM,IN DEV,,,,,,,,
STORY,HCM,VIOANH-841512,Cải *********************TTTT,In Progress,Cải tiến,2026-08-18,2026-08-18,,,2026-08-24,2026-08-25,,,VIOANH-560072,Story,10. *********************TTTM,IN DEV,,,,,,,,
STORY,HCM,VIOANH-841512,Cải *********************TTTT,In Progress,Cải tiến,2026-08-18,2026-08-18,,,2026-08-24,2026-08-25,,,VIOANH-947397,Story,11. *********************TTTM,IN DEV,,,,,,,,
EPIC,MSME,LONGNX1-236326,TINH*********************BPM),Cancelled,Cải tiến,,,,,2026-02-05,2026-04-01,,,,,,,,,,,,,,
EPIC,MSME,LONGNX1-343045,Phát ********************* KHDN,Cancelled,Sản phẩm/dịch vụ/quy trình mới,,2026-07-24,,,2026-02-06,2026-07-27,,,,,,,,,,,,,,
EPIC,MSME,LONGNX1-664806,TRUY********************* 2.0,Pending,Cải tiến,,2026-02-11,2026-02-28,,2026-02-11,2026-06-17,BIZ 2.0 lending,LONGNX1-139930,,,,,,,,,,,,
SUBTASK,MSME,LONGNX1-664806,TRUY********************* 2.0,Pending,Cải tiến,,2026-02-11,2026-02-28,,2026-02-11,2026-06-17,BIZ 2.0 lending,,,,,,,,LONGNX1-744469,Elicitate,Trao đổi*********************ải pháp ,Done,,
SUBTASK,MSME,LONGNX1-664806,TRUY********************* 2.0,Pending,Cải tiến,,2026-02-11,2026-02-28,,2026-02-11,2026-06-17,BIZ 2.0 lending,,,,,,,,LONGNX1-588757,BA,MVP2:*********************ích  ,Done,,
STORY,MSME,LONGNX1-664806,TRUY********************* 2.0,Pending,Cải tiến,,2026-02-11,2026-02-28,,2026-02-11,2026-06-17,BIZ 2.0 lending,,LONGNX1-139930,Story,MVP1: *********************IZ 1.0,UAT DONE,,LONGNX1-826404,,,,,,
SUBTASK,MSME,LONGNX1-664806,TRUY********************* 2.0,Pending,Cải tiến,,2026-02-11,2026-02-28,,2026-02-11,2026-06-17,BIZ 2.0 lending,,LONGNX1-139930,Story,MVP1: *********************IZ 1.0,UAT DONE,,,LONGNX1-826404,BA,Phân t*********************IZ 1.0,Done,,
EPIC,MSME,LONGNX1-865891,US: [BIZ L*********************bằng DOTP),To Do,Cải tiến,,,,,2026-02-12,2026-02-12,,,,,,,,,,,,,,
EPIC,MSME,LONGNX1-962242,tự đ*********************động,To Do,Tính năng mới,,2026-03-02,,,2026-02-12,2026-03-03,,,,,,,,,,,,,,
EPIC,MSME,LONGNX1-268505,[Biz-*********************g vốn,R4GOLIVE,Cải tiến,,,,2026-06-30,2026-02-13,2026-08-05,,"LONGNX1-155253,LONGNX1-423042,LONGNX1-115547,LONGNX1-323224,LONGNX1-402256,LONGNX1-119823,LONGNX1-684350,LONGNX2-642293,LONGNX2-461416,LONGNX2-101165,LONGNX2-946843,LONGNX2-851089",,,,,,,,,,,,
SUBTASK,MSME,LONGNX1-268505,[Biz-*********************g vốn,R4GOLIVE,Cải tiến,,,,2026-06-30,2026-02-13,2026-08-05,,,,,,,,,LONGNX1-984553,Elicitate,Phâ*********************bài,Done,,
STORY,MSME,LONGNX1-268505,[Biz-*********************g vốn,R4GOLIVE,Cải tiến,,,,2026-06-30,2026-02-13,2026-08-05,,,LONGNX1-155253,Story,BIZ_Khở*********************ng xuôi,Ready For Dev,,LONGNX1-958857,,,,,,
SUBTASK,MSME,LONGNX1-268505,[Biz-*********************g vốn,R4GOLIVE,Cải tiến,,,,2026-06-30,2026-02-13,2026-08-05,,,LONGNX1-155253,Story,BIZ_Khở*********************ng xuôi,Ready For Dev,,,LONGNX1-958857,BA,Hoàn thiệ*********************uồng xuôi,Done,,
STORY,MSME,LONGNX1-268505,[Biz-*********************g vốn,R4GOLIVE,Cải tiến,,,,2026-06-30,2026-02-13,2026-08-05,,,LONGNX1-423042,Story,BIZ_Make*********************ng xuôi ,SIT DONE,,LONGNX1-808364,,,,,,
SUBTASK,MSME,LONGNX1-268505,[Biz-*********************g vốn,R4GOLIVE,Cải tiến,,,,2026-06-30,2026-02-13,2026-08-05,,,LONGNX1-423042,Story,BIZ_Make*********************ng xuôi ,SIT DONE,,,LONGNX1-808364,BA,Hoàn t********************* hồ sơ,Done,,
STORY,MSME,LONGNX1-268505,[Biz-*********************g vốn,R4GOLIVE,Cải tiến,,,,2026-06-30,2026-02-13,2026-08-05,,,LONGNX1-115547,Story,BIZ_Re********************* hồ sơ,Ready For Golive,,,,,,,,
STORY,MSME,LONGNX1-268505,[Biz-*********************g vốn,R4GOLIVE,Cải tiến,,,,2026-06-30,2026-02-13,2026-08-05,,,LONGNX1-323224,Story,BIZ_Bổ *********************g ngược,Cancelled,,,,,,,,
STORY,MSME,LONGNX1-268505,[Biz-*********************g vốn,R4GOLIVE,Cải tiến,,,,2026-06-30,2026-02-13,2026-08-05,,,LONGNX1-402256,Story,BIZ_Tr*********************online,Cancelled,,,,,,,,
STORY,MSME,LONGNX1-268505,[Biz-*********************g vốn,R4GOLIVE,Cải tiến,,,,2026-06-30,2026-02-13,2026-08-05,,,LONGNX1-119823,Story,BIZ_Truy*********************thấu chi,Cancelled,,,,,,,,
STORY,MSME,LONGNX1-268505,[Biz-*********************g vốn,R4GOLIVE,Cải tiến,,,,2026-06-30,2026-02-13,2026-08-05,,,LONGNX1-684350,Story,BIZ*********************ail,Cancelled,,,,,,,,
STORY,SBU,LONGNX1-268505,[Biz-*********************g vốn,R4GOLIVE,Cải tiến,,,,2026-06-30,2026-02-13,2026-08-05,,,LONGNX2-642293,Story,BPM_Chỉ*********************ương án,Cancelled,,,,,,,,
STORY,SBU,LONGNX1-268505,[Biz-*********************g vốn,R4GOLIVE,Cải tiến,,,,2026-06-30,2026-02-13,2026-08-05,,,LONGNX2-461416,Story,BPM_Jo*********************i ngân,Cancelled,,,,,,,,
STORY,SBU,LONGNX1-268505,[Biz-*********************g vốn,R4GOLIVE,Cải tiến,,,,2026-06-30,2026-02-13,2026-08-05,,,LONGNX2-101165,Story,BPM_Ch*********************ng vốn,Ready For Golive,,,,,,,,
STORY,SBU,LONGNX1-268505,[Biz-*********************g vốn,R4GOLIVE,Cải tiến,,,,2026-06-30,2026-02-13,2026-08-05,,,LONGNX2-946843,Story,BPM_********************* GSS,Ready For Golive,,,,,,,,
STORY,SBU,LONGNX1-268505,[Biz-*********************g vốn,R4GOLIVE,Cải tiến,,,,2026-06-30,2026-02-13,2026-08-05,,,LONGNX2-851089,Story,BPM_Chỉ********************* của AI,UAT DONE,,LONGNX2-290811,,,,,,
SUBTASK,SBU,LONGNX1-268505,[Biz-*********************g vốn,R4GOLIVE,Cải tiến,,,,2026-06-30,2026-02-13,2026-08-05,,,LONGNX2-851089,Story,BPM_Chỉ********************* của AI,UAT DONE,,,LONGNX2-290811,BA,Viết đặc*********************á của AI,Done,,
EPIC,MSME,LONGNX1-254411,[BP*********************BPM,Cancelled,Cải tiến,,,,,2026-02-13,2026-03-18,,,,,,,,,,,,,,
EPIC,MSME,LONGNX1-567491,TE*********************RA,Cancelled,Cải tiến,,2026-02-11,2026-02-28,,2026-02-24,2026-03-13,,,,,,,,,,,,,,
EPIC,MSME,LONGNX1-634156,Chỉnh*********************n tại,To Do,Cải tiến,,,,,2026-03-10,2026-03-17,Team BPM Xét duyệt,,,,,,,,,,,,,
EPIC,MSME,LONGNX1-440143,Xử *********************CĐX,To Do,Tính năng mới,2026-04-10,,,,2026-04-07,2026-04-07,,,,,,,,,,,,,,
EPIC,MSME,LONGNX1-166086,truy********************* 2.0,Pending,Tính năng mới,2026-04-09,,,,2026-04-09,2026-04-22,,LONGNX1-278282,,,,,,,,,,,,
SUBTASK,MSME,LONGNX1-166086,truy********************* 2.0,Pending,Tính năng mới,2026-04-09,,,,2026-04-09,2026-04-22,,,,,,,,,LONGNX1-966681,Elicitate,Ph*********************an,Done,,
STORY,MSME,LONGNX1-166086,truy********************* 2.0,Pending,Tính năng mới,2026-04-09,,,,2026-04-09,2026-04-22,,,LONGNX1-278282,Story,Make********************* chi,Pending,,,,,,,,
EPIC,MSME,LONGNX1-763828,GNTĐ nợ *********************ian BSHS,Cancelled,Cải tiến,,,,,2026-04-14,2026-05-20,,,,,,,,,,,,,,
EPIC,MSME,LONGNX1-559015,SCF_********************* BIZ,Released,Cải tiến,2026-06-09,2026-06-09,2026-08-22,2026-07-30,2026-04-14,2026-08-26,,,,,,,,,,,,,,
EPIC,MSME,LONGNX1-508471,Điều chỉ********************* dài hạn,Cancelled,Cải tiến,,,,,2026-04-16,2026-04-17,,,,,,,,,,,,,,
EPIC,MSME,LONGNX1-389640,Mis*********************c 1,To Do,Cải tiến,2026-04-20,,,,2026-04-20,2026-04-20,,,,,,,,,,,,,,
EPIC,MSME,LONGNX1-840922,Chỉnh *********************êu nhỏ,Cancelled,Cải tiến,,,,,2026-04-28,2026-05-25,,,,,,,,,,,,,,
EPIC,MSME,LONGNX1-952694,tính n*********************n dung,To Do,Tính năng mới,2026-05-15,,,,2026-05-15,2026-07-13,,,,,,,,,,,,,,
EPIC,MSME,LONGNX1-551589,US 2*********************GNOL,To Do,Tính năng mới,2026-05-19,2026-05-19,2026-06-30,,2026-05-19,2026-05-19,,,,,,,,,,,,,,
EPIC,MSME,LONGNX1-644916,Luồn********************* gia,Released,Tính năng mới,2026-06-29,2026-06-29,2026-07-17,2026-07-17,2026-05-19,2026-08-26,,,,,,,,,,,,,,
EPIC,MSME,LONGNX1-517575,MSME: N*********************hạn mức,To Do,Cải tiến,,,,,2026-05-20,2026-05-20,,,,,,,,,,,,,,
EPIC,MSME,LONGNX1-285245,Luồng*********************UPPER,Cancelled,Tính năng mới,2026-05-19,2026-05-19,2026-06-30,,2026-05-22,2026-07-10,,,,,,,,,,,,,,
EPIC,MSME,LONGNX1-559110,Đóng trườn*********************g 6.2026)),Cancelled,Cải tiến,,,,,2026-06-02,2026-06-08,,,,,,,,,,,,,,
EPIC,MSME,LONGNX1-733898,Giải p*********************r CIB ,Cancelled,Cải tiến,,,,,2026-06-04,2026-06-04,,,,,,,,,,,,,,
EPIC,MSME,LONGNX1-934550,Tinh*********************oved,Released,Cải tiến,,2026-06-19,,2026-07-09,2026-06-22,2026-08-25,,,,,,,,,,,,,,
EPIC,MSME,LONGNX1-433530,điề*********************chi,R4GOLIVE,Cải tiến,2026-07-13,,,2026-08-04,2026-07-02,2026-08-18,,LONGNX1-579102,,,,,,,,,,,,
SUBTASK,MSME,LONGNX1-433530,điề*********************chi,R4GOLIVE,Cải tiến,2026-07-13,,,2026-08-04,2026-07-02,2026-08-18,,,,,,,,,LONGNX1-952540,Elicitate,Phâ*********************bài,Done,,
STORY,MSME,LONGNX1-433530,điề*********************chi,R4GOLIVE,Cải tiến,2026-07-13,,,2026-08-04,2026-07-02,2026-08-18,,,LONGNX1-579102,Story,BIZ_C*********************u chi,UAT DONE,,LONGNX1-708694,,,,,,
SUBTASK,MSME,LONGNX1-433530,điề*********************chi,R4GOLIVE,Cải tiến,2026-07-13,,,2026-08-04,2026-07-02,2026-08-18,,,LONGNX1-579102,Story,BIZ_C*********************u chi,UAT DONE,,,LONGNX1-708694,BA,Ho*********************tả,Done,,
EPIC,MSME,LONGNX1-150021,Tinh c*********************g Misa,To Do,Cải tiến,2026-07-06,,,,2026-07-06,2026-08-05,,,,,,,,,,,,,,
EPIC,MSME,LONGNX1-485081,Cải ti********************* ngược,In Progress,Tính năng mới,2026-08-07,,,2026-08-20,2026-07-15,2026-08-28,,"LONGNX1-406406,LONGNX1-202387,LONGNX1-861815,LONGNX1-116392,LONGNX1-814743,LONGNX1-169492,LONGNX1-925163,LONGNX1-917357,LONGNX1-272439,LONGNX1-871134,LONGNX1-406346,LONGNX1-786631,LONGNX2-751737,LONGNX2-671454,LONGNX2-947223,LONGNX2-406731,LONGNX2-207605,LONGNX2-875886,LONGNX2-723979,LONGNX2-361090,LONGNX2-410800",,,,,,,,,,,,
SUBTASK,MSME,LONGNX1-485081,Cải ti********************* ngược,In Progress,Tính năng mới,2026-08-07,,,2026-08-20,2026-07-15,2026-08-28,,,,,,,,,LONGNX1-980455,Elicitate,Phâ*********************bài,Done,,
STORY,MSME,LONGNX1-485081,Cải ti********************* ngược,In Progress,Tính năng mới,2026-08-07,,,2026-08-20,2026-07-15,2026-08-28,,,LONGNX1-406406,Story,BIZ_*********************ồ sơ,UAT DONE,,LONGNX1-324959,,,,,,
SUBTASK,MSME,LONGNX1-485081,Cải ti********************* ngược,In Progress,Tính năng mới,2026-08-07,,,2026-08-20,2026-07-15,2026-08-28,,,LONGNX1-406406,Story,BIZ_*********************ồ sơ,UAT DONE,,,LONGNX1-324959,BA,Ho*********************tả,Done,,
STORY,MSME,LONGNX1-485081,Cải ti********************* ngược,In Progress,Tính năng mới,2026-08-07,,,2026-08-20,2026-07-15,2026-08-28,,,LONGNX1-202387,Story,BIZ_Releas********************* người tạo,IN UAT,,LONGNX1-387943,,,,,,
SUBTASK,MSME,LONGNX1-485081,Cải ti********************* ngược,In Progress,Tính năng mới,2026-08-07,,,2026-08-20,2026-07-15,2026-08-28,,,LONGNX1-202387,Story,BIZ_Releas********************* người tạo,IN UAT,,,LONGNX1-387943,BA,Ho*********************tả,Done,,
STORY,MSME,LONGNX1-485081,Cải ti********************* ngược,In Progress,Tính năng mới,2026-08-07,,,2026-08-20,2026-07-15,2026-08-28,,,LONGNX1-861815,Story,BIZ_Ma*********************rả lại,UAT DONE,,LONGNX1-753615,,,,,,
SUBTASK,MSME,LONGNX1-485081,Cải ti********************* ngược,In Progress,Tính năng mới,2026-08-07,,,2026-08-20,2026-07-15,2026-08-28,,,LONGNX1-861815,Story,BIZ_Ma*********************rả lại,UAT DONE,,,LONGNX1-753615,BA,Ho*********************tả,Done,,
STORY,MSME,LONGNX1-485081,Cải ti********************* ngược,In Progress,Tính năng mới,2026-08-07,,,2026-08-20,2026-07-15,2026-08-28,,,LONGNX1-116392,Story,BIZ_M*********************ả lại,UAT DONE,,LONGNX1-374153,,,,,,
SUBTASK,MSME,LONGNX1-485081,Cải ti********************* ngược,In Progress,Tính năng mới,2026-08-07,,,2026-08-20,2026-07-15,2026-08-28,,,LONGNX1-116392,Story,BIZ_M*********************ả lại,UAT DONE,,,LONGNX1-374153,BA,Ho*********************tả,Done,,
STORY,MSME,LONGNX1-485081,Cải ti********************* ngược,In Progress,Tính năng mới,2026-08-07,,,2026-08-20,2026-07-15,2026-08-28,,,LONGNX1-814743,Story,BIZ_Re*********************rả lại,SIT DONE,,LONGNX1-865795,,,,,,
SUBTASK,MSME,LONGNX1-485081,Cải ti********************* ngược,In Progress,Tính năng mới,2026-08-07,,,2026-08-20,2026-07-15,2026-08-28,,,LONGNX1-814743,Story,BIZ_Re*********************rả lại,SIT DONE,,,LONGNX1-865795,BA,Ho*********************tả,Done,,
STORY,MSME,LONGNX1-485081,Cải ti********************* ngược,In Progress,Tính năng mới,2026-08-07,,,2026-08-20,2026-07-15,2026-08-28,,,LONGNX1-169492,Story,BIZ_*********************thái,UAT DONE,,LONGNX1-721464,,,,,,
SUBTASK,MSME,LONGNX1-485081,Cải ti********************* ngược,In Progress,Tính năng mới,2026-08-07,,,2026-08-20,2026-07-15,2026-08-28,,,LONGNX1-169492,Story,BIZ_*********************thái,UAT DONE,,,LONGNX1-721464,BA,Ho*********************tả,Done,,
STORY,MSME,LONGNX1-485081,Cải ti********************* ngược,In Progress,Tính năng mới,2026-08-07,,,2026-08-20,2026-07-15,2026-08-28,,,LONGNX1-925163,Story,BIZ*********************oti,UAT DONE,,LONGNX1-292550,,,,,,
SUBTASK,MSME,LONGNX1-485081,Cải ti********************* ngược,In Progress,Tính năng mới,2026-08-07,,,2026-08-20,2026-07-15,2026-08-28,,,LONGNX1-925163,Story,BIZ*********************oti,UAT DONE,,,LONGNX1-292550,BA,Ho*********************tả,Done,,
STORY,MSME,LONGNX1-485081,Cải ti********************* ngược,In Progress,Tính năng mới,2026-08-07,,,2026-08-20,2026-07-15,2026-08-28,,,LONGNX1-917357,Story,BIZ_Xá*********************ntrust,Pending,,,,,,,,
STORY,MSME,LONGNX1-485081,Cải ti********************* ngược,In Progress,Tính năng mới,2026-08-07,,,2026-08-20,2026-07-15,2026-08-28,,,LONGNX1-272439,Story,BIZ_C*********************hồ sơ,READY FOR REFINE,,LONGNX1-442787,,,,,,
SUBTASK,MSME,LONGNX1-485081,Cải ti********************* ngược,In Progress,Tính năng mới,2026-08-07,,,2026-08-20,2026-07-15,2026-08-28,,,LONGNX1-272439,Story,BIZ_C*********************hồ sơ,READY FOR REFINE,,,LONGNX1-442787,BA,Ho*********************tả,Done,,
STORY,MSME,LONGNX1-485081,Cải ti********************* ngược,In Progress,Tính năng mới,2026-08-07,,,2026-08-20,2026-07-15,2026-08-28,,,LONGNX1-871134,Story,BIZ_Cải*********************g xuôi),READY FOR REFINE,,LONGNX1-244123,,,,,,
SUBTASK,MSME,LONGNX1-485081,Cải ti********************* ngược,In Progress,Tính năng mới,2026-08-07,,,2026-08-20,2026-07-15,2026-08-28,,,LONGNX1-871134,Story,BIZ_Cải*********************g xuôi),READY FOR REFINE,,,LONGNX1-244123,BA,Ho*********************tả,Done,,
STORY,MSME,LONGNX1-485081,Cải ti********************* ngược,In Progress,Tính năng mới,2026-08-07,,,2026-08-20,2026-07-15,2026-08-28,,,LONGNX1-406346,Story,BIZ_Mở*********************iền lô,READY FOR REFINE,,LONGNX1-454599,,,,,,
SUBTASK,MSME,LONGNX1-485081,Cải ti********************* ngược,In Progress,Tính năng mới,2026-08-07,,,2026-08-20,2026-07-15,2026-08-28,,,LONGNX1-406346,Story,BIZ_Mở*********************iền lô,READY FOR REFINE,,,LONGNX1-454599,BA,Ho*********************tả,Done,,
STORY,MSME,LONGNX1-485081,Cải ti********************* ngược,In Progress,Tính năng mới,2026-08-07,,,2026-08-20,2026-07-15,2026-08-28,,,LONGNX1-786631,Story,BIZ_Ch*********************ái Hủy,READY FOR REFINE,,LONGNX1-167069,,,,,,
SUBTASK,MSME,LONGNX1-485081,Cải ti********************* ngược,In Progress,Tính năng mới,2026-08-07,,,2026-08-20,2026-07-15,2026-08-28,,,LONGNX1-786631,Story,BIZ_Ch*********************ái Hủy,READY FOR REFINE,,,LONGNX1-167069,BA,Ho*********************tả,Done,,
STORY,SBU,LONGNX1-485081,Cải ti********************* ngược,In Progress,Tính năng mới,2026-08-07,,,2026-08-20,2026-07-15,2026-08-28,,,LONGNX2-751737,Story,BPM_M*********************hồ sơ,Ready For Golive,Smart BPM Triển khai tín dụng,,,,,,,
STORY,SBU,LONGNX1-485081,Cải ti********************* ngược,In Progress,Tính năng mới,2026-08-07,,,2026-08-20,2026-07-15,2026-08-28,,,LONGNX2-671454,Story,BPM_Chỉ********************* sơ GSS,Ready For Golive,,,,,,,,
STORY,SBU,LONGNX1-485081,Cải ti********************* ngược,In Progress,Tính năng mới,2026-08-07,,,2026-08-20,2026-07-15,2026-08-28,,,LONGNX2-947223,Story,BPM_Chỉnh********************* khởi tạo,IN DEV,,LONGNX2-863767,,,,,,
SUBTASK,SBU,LONGNX1-485081,Cải ti********************* ngược,In Progress,Tính năng mới,2026-08-07,,,2026-08-20,2026-07-15,2026-08-28,,,LONGNX2-947223,Story,BPM_Chỉnh********************* khởi tạo,IN DEV,,,LONGNX2-863767,BA,Ho*********************tả,Done,,
STORY,SBU,LONGNX1-485081,Cải ti********************* ngược,In Progress,Tính năng mới,2026-08-07,,,2026-08-20,2026-07-15,2026-08-28,,,LONGNX2-406731,Story,BPM_Chỉnh********************* khởi tạo,IN DEV,,LONGNX2-621062,,,,,,
SUBTASK,SBU,LONGNX1-485081,Cải ti********************* ngược,In Progress,Tính năng mới,2026-08-07,,,2026-08-20,2026-07-15,2026-08-28,,,LONGNX2-406731,Story,BPM_Chỉnh********************* khởi tạo,IN DEV,,,LONGNX2-621062,BA,Ho*********************tả,Done,,
STORY,SBU,LONGNX1-485081,Cải ti********************* ngược,In Progress,Tính năng mới,2026-08-07,,,2026-08-20,2026-07-15,2026-08-28,,,LONGNX2-207605,Story,BPM_Ph*********************t sau ,Ready For Golive,,,,,,,,
STORY,SBU,LONGNX1-485081,Cải ti********************* ngược,In Progress,Tính năng mới,2026-08-07,,,2026-08-20,2026-07-15,2026-08-28,,,LONGNX2-875886,Story,BPM_Mà*********************ơng án,Ready For Dev,,LONGNX2-356289,,,,,,
SUBTASK,SBU,LONGNX1-485081,Cải ti********************* ngược,In Progress,Tính năng mới,2026-08-07,,,2026-08-20,2026-07-15,2026-08-28,,,LONGNX2-875886,Story,BPM_Mà*********************ơng án,Ready For Dev,,,LONGNX2-356289,BA,Ho*********************tả,Done,,
STORY,SBU,LONGNX1-485081,Cải ti********************* ngược,In Progress,Tính năng mới,2026-08-07,,,2026-08-20,2026-07-15,2026-08-28,,,LONGNX2-723979,Story,BPM_C*********************t sau,READY FOR REFINE,,LONGNX2-676799,,,,,,
SUBTASK,SBU,LONGNX1-485081,Cải ti********************* ngược,In Progress,Tính năng mới,2026-08-07,,,2026-08-20,2026-07-15,2026-08-28,,,LONGNX2-723979,Story,BPM_C*********************t sau,READY FOR REFINE,,,LONGNX2-676799,BA,Ho*********************tả,Done,,
STORY,SBU,LONGNX1-485081,Cải ti********************* ngược,In Progress,Tính năng mới,2026-08-07,,,2026-08-20,2026-07-15,2026-08-28,,,LONGNX2-361090,Story,BPM_Cả*********************át sau,Analyzing,,LONGNX2-633804,,,,,,
SUBTASK,SBU,LONGNX1-485081,Cải ti********************* ngược,In Progress,Tính năng mới,2026-08-07,,,2026-08-20,2026-07-15,2026-08-28,,,LONGNX2-361090,Story,BPM_Cả*********************át sau,Analyzing,,,LONGNX2-633804,BA,Ho*********************tả,In Progress,,
STORY,SBU,LONGNX1-485081,Cải ti********************* ngược,In Progress,Tính năng mới,2026-08-07,,,2026-08-20,2026-07-15,2026-08-28,,,LONGNX2-410800,Story,BPM_Cả*********************át sau,Analyzing,,LONGNX2-596847,,,,,,
SUBTASK,SBU,LONGNX1-485081,Cải ti********************* ngược,In Progress,Tính năng mới,2026-08-07,,,2026-08-20,2026-07-15,2026-08-28,,,LONGNX2-410800,Story,BPM_Cả*********************át sau,Analyzing,,,LONGNX2-596847,BA,Ho*********************tả,In Progress,,
EPIC,MSME,LONGNX1-909453,US 3.*********************2026),Released,Cải tiến,2026-07-29,2026-07-29,,2026-08-06,2026-07-17,2026-08-09,BIZ 2.0 lending,,,,,,,,,,,,,
EPIC,MSME,LONGNX1-918234,US 8. Bỏ*********************i KH SME,MVP DONE,Cải tiến,2026-07-21,2026-07-21,2026-08-10,2026-08-07,2026-07-17,2026-08-28,,,,,,,,,,,,,,
EPIC,MSME,LONGNX1-770629,Phát tr*********************ập khẩu,Released,Tính năng mới,2026-07-22,2026-07-22,,2026-08-07,2026-07-20,2026-08-11,Team BIZ 1 - GNOL,,,,,,,,,,,,,
EPIC,MSME,LONGNX1-936378,Luồng *********************online,R4GOLIVE,Tính năng mới,,2026-08-14,,2026-08-27,2026-07-27,2026-08-28,,"LONGNX1-217515,LONGNX1-574687,LONGNX1-692973,LONGNX2-845784,LONGNX2-331363",,,,,,,,,,,,
SUBTASK,MSME,LONGNX1-936378,Luồng *********************online,R4GOLIVE,Tính năng mới,,2026-08-14,,2026-08-27,2026-07-27,2026-08-28,,,,,,,,,LONGNX1-333724,Elicitate,Làm*********************CPT,Done,2026-07-28,2026-08-04
STORY,MSME,LONGNX1-936378,Luồng *********************online,R4GOLIVE,Tính năng mới,,2026-08-14,,2026-08-27,2026-07-27,2026-08-28,,,LONGNX1-217515,Story,US1: M*********************online,Ready For Golive,,,,,,,,
STORY,MSME,LONGNX1-936378,Luồng *********************online,R4GOLIVE,Tính năng mới,,2026-08-14,,2026-08-27,2026-07-27,2026-08-28,,,LONGNX1-574687,Story,US2: E*********************online,Ready For Golive,,,,,,,,
STORY,MSME,LONGNX1-936378,Luồng *********************online,R4GOLIVE,Tính năng mới,,2026-08-14,,2026-08-27,2026-07-27,2026-08-28,,,LONGNX1-692973,Story,Chỉn*********************MVID,READY FOR REFINE,,LONGNX1-579550,,,,,,
SUBTASK,MSME,LONGNX1-936378,Luồng *********************online,R4GOLIVE,Tính năng mới,,2026-08-14,,2026-08-27,2026-07-27,2026-08-28,,,LONGNX1-692973,Story,Chỉn*********************MVID,READY FOR REFINE,,,LONGNX1-579550,BA,Ph*********************ầu,Done,,
STORY,SBU,LONGNX1-936378,Luồng *********************online,R4GOLIVE,Tính năng mới,,2026-08-14,,2026-08-27,2026-07-27,2026-08-28,,,LONGNX2-845784,Story,[TTLC]*********************sơ Biz,Ready For Golive,Smart BPM Triển khai tín dụng,,,,,,,
STORY,SBU,LONGNX1-936378,Luồng *********************online,R4GOLIVE,Tính năng mới,,2026-08-14,,2026-08-27,2026-07-27,2026-08-28,,,LONGNX2-331363,Story,[TTLC]*********************i ngân,IN SIT,Smart BPM Triển khai tín dụng,LONGNX2-536630,,,,,,
SUBTASK,SBU,LONGNX1-936378,Luồng *********************online,R4GOLIVE,Tính năng mới,,2026-08-14,,2026-08-27,2026-07-27,2026-08-28,,,LONGNX2-331363,Story,[TTLC]*********************i ngân,IN SIT,Smart BPM Triển khai tín dụng,,LONGNX2-536630,BA,Ph*********************ch,Done,,
EPIC,MSME,LONGNX1-683953,Phát t*********************ll PK),MVP DONE,Tính năng mới,,2026-07-24,,2026-08-24,2026-07-27,2026-08-27,Team BIZ 1 - GNOL,,,,,,,,,,,,,
EPIC,MSME,LONGNX1-919184,US 3.3 C*********************uyên gia,MVP DONE,Cải tiến,2026-08-10,2026-08-10,,2026-08-21,2026-07-30,2026-08-25,Team BIZ 1 - GNOL,,,,,,,,,,,,,
EPIC,MSME,LONGNX1-561607,Mở rộng *********************trên BIZ,In Progress,Tính năng mới,2026-08-04,2026-08-24,,,2026-08-04,2026-08-27,BIZ 2.0 lending,"LONGNX1-279677,LONGNX1-292508,LONGNX1-618189,LONGNX1-390579,LONGNX1-929983,LONGNX1-612543,LONGNX1-344230,LONGNX2-437404,LONGNX2-690208,LONGNX2-202588,LONGNX2-872551,LONGNX2-396326,LONGNX2-635923,LONGNX2-284903,LONGNX2-456385,LONGNX2-549334,LONGNX2-319981,LONGNX2-190945,LONGNX2-680219,LONGNX2-479856,LONGNX2-159819,LONGNX2-327204,LONGNX2-801555,LONGNX2-257358",,,,,,,,,,,,
SUBTASK,MSME,LONGNX1-561607,Mở rộng *********************trên BIZ,In Progress,Tính năng mới,2026-08-04,2026-08-24,,,2026-08-04,2026-08-27,BIZ 2.0 lending,,,,,,,,LONGNX1-260957,Elicitate,Phâ*********************bài,Done,,
STORY,MSME,LONGNX1-561607,Mở rộng *********************trên BIZ,In Progress,Tính năng mới,2026-08-04,2026-08-24,,,2026-08-04,2026-08-27,BIZ 2.0 lending,,LONGNX1-279677,Story,BIZ_Ch*********************n dụng,Ready For Dev,,LONGNX1-630609,,,,,,
SUBTASK,MSME,LONGNX1-561607,Mở rộng *********************trên BIZ,In Progress,Tính năng mới,2026-08-04,2026-08-24,,,2026-08-04,2026-08-27,BIZ 2.0 lending,,LONGNX1-279677,Story,BIZ_Ch*********************n dụng,Ready For Dev,,,LONGNX1-630609,BA,Hoàn *********************ng án,Done,,
STORY,MSME,LONGNX1-561607,Mở rộng *********************trên BIZ,In Progress,Tính năng mới,2026-08-04,2026-08-24,,,2026-08-04,2026-08-27,BIZ 2.0 lending,,LONGNX1-292508,Story,BIZ_Ch*********************ký số ,Ready For Dev,,LONGNX1-390161,,,,,,
SUBTASK,MSME,LONGNX1-561607,Mở rộng *********************trên BIZ,In Progress,Tính năng mới,2026-08-04,2026-08-24,,,2026-08-04,2026-08-27,BIZ 2.0 lending,,LONGNX1-292508,Story,BIZ_Ch*********************ký số ,Ready For Dev,,,LONGNX1-390161,BA,Ho*********************tả,Done,,
STORY,MSME,LONGNX1-561607,Mở rộng *********************trên BIZ,In Progress,Tính năng mới,2026-08-04,2026-08-24,,,2026-08-04,2026-08-27,BIZ 2.0 lending,,LONGNX1-618189,Story,BIZ_Chỉn*********************Releaser,IN DEV,,LONGNX1-360562,,,,,,
SUBTASK,MSME,LONGNX1-561607,Mở rộng *********************trên BIZ,In Progress,Tính năng mới,2026-08-04,2026-08-24,,,2026-08-04,2026-08-27,BIZ 2.0 lending,,LONGNX1-618189,Story,BIZ_Chỉn*********************Releaser,IN DEV,,,LONGNX1-360562,BA,Ho*********************tả,Done,,
STORY,MSME,LONGNX1-561607,Mở rộng *********************trên BIZ,In Progress,Tính năng mới,2026-08-04,2026-08-24,,,2026-08-04,2026-08-27,BIZ 2.0 lending,,LONGNX1-390579,Story,BIZ_*********************hái ,Ready For Dev,,LONGNX1-669071,,,,,,
SUBTASK,MSME,LONGNX1-561607,Mở rộng *********************trên BIZ,In Progress,Tính năng mới,2026-08-04,2026-08-24,,,2026-08-04,2026-08-27,BIZ 2.0 lending,,LONGNX1-390579,Story,BIZ_*********************hái ,Ready For Dev,,,LONGNX1-669071,BA,Ho*********************tả,Done,,
STORY,MSME,LONGNX1-561607,Mở rộng *********************trên BIZ,In Progress,Tính năng mới,2026-08-04,2026-08-24,,,2026-08-04,2026-08-27,BIZ 2.0 lending,,LONGNX1-929983,Story,BIZ*********************ấn ,Ready For Dev,,LONGNX1-579003,,,,,,
SUBTASK,MSME,LONGNX1-561607,Mở rộng *********************trên BIZ,In Progress,Tính năng mới,2026-08-04,2026-08-24,,,2026-08-04,2026-08-27,BIZ 2.0 lending,,LONGNX1-929983,Story,BIZ*********************ấn ,Ready For Dev,,,LONGNX1-579003,BA,Ho*********************tả,Done,,
STORY,MSME,LONGNX1-561607,Mở rộng *********************trên BIZ,In Progress,Tính năng mới,2026-08-04,2026-08-24,,,2026-08-04,2026-08-27,BIZ 2.0 lending,,LONGNX1-612543,Story,BIZ_********************* BPM,DEV DONE,,LONGNX1-920058,,,,,,
SUBTASK,MSME,LONGNX1-561607,Mở rộng *********************trên BIZ,In Progress,Tính năng mới,2026-08-04,2026-08-24,,,2026-08-04,2026-08-27,BIZ 2.0 lending,,LONGNX1-612543,Story,BIZ_********************* BPM,DEV DONE,,,LONGNX1-920058,BA,Ho*********************tả,Done,,
STORY,MSME,LONGNX1-561607,Mở rộng *********************trên BIZ,In Progress,Tính năng mới,2026-08-04,2026-08-24,,,2026-08-04,2026-08-27,BIZ 2.0 lending,,LONGNX1-344230,Story,BIZ_*********************VKTD,READY FOR REFINE,,LONGNX1-139162,,,,,,
SUBTASK,MSME,LONGNX1-561607,Mở rộng *********************trên BIZ,In Progress,Tính năng mới,2026-08-04,2026-08-24,,,2026-08-04,2026-08-27,BIZ 2.0 lending,,LONGNX1-344230,Story,BIZ_*********************VKTD,READY FOR REFINE,,,LONGNX1-139162,BA,Ho*********************tả,Done,,
STORY,SBU,LONGNX1-561607,Mở rộng *********************trên BIZ,In Progress,Tính năng mới,2026-08-04,2026-08-24,,,2026-08-04,2026-08-27,BIZ 2.0 lending,,LONGNX2-437404,Story,[VKTD*********************ký số,IN DEV,Smart BPM Triển khai tín dụng,LONGNX2-932440,,,,,,
SUBTASK,SBU,LONGNX1-561607,Mở rộng *********************trên BIZ,In Progress,Tính năng mới,2026-08-04,2026-08-24,,,2026-08-04,2026-08-27,BIZ 2.0 lending,,LONGNX2-437404,Story,[VKTD*********************ký số,IN DEV,Smart BPM Triển khai tín dụng,,LONGNX2-932440,BA,Ph*********************ch,Done,,
STORY,SBU,LONGNX1-561607,Mở rộng *********************trên BIZ,In Progress,Tính năng mới,2026-08-04,2026-08-24,,,2026-08-04,2026-08-27,BIZ 2.0 lending,,LONGNX2-690208,Story,[XDTD] *********************ảo VKTD,IN UAT,Smart BPM Xét duyệt,LONGNX2-227613,,,,,,
SUBTASK,SBU,LONGNX1-561607,Mở rộng *********************trên BIZ,In Progress,Tính năng mới,2026-08-04,2026-08-24,,,2026-08-04,2026-08-27,BIZ 2.0 lending,,LONGNX2-690208,Story,[XDTD] *********************ảo VKTD,IN UAT,Smart BPM Xét duyệt,,LONGNX2-227613,BA,Ph*********************ch,Done,,
STORY,SBU,LONGNX1-561607,Mở rộng *********************trên BIZ,In Progress,Tính năng mới,2026-08-04,2026-08-24,,,2026-08-04,2026-08-27,BIZ 2.0 lending,,LONGNX2-202588,Story,[Nhận TSĐ*********************thảo VKTD,IN UAT,Smart BPM Xét duyệt,LONGNX2-660659,,,,,,
SUBTASK,SBU,LONGNX1-561607,Mở rộng *********************trên BIZ,In Progress,Tính năng mới,2026-08-04,2026-08-24,,,2026-08-04,2026-08-27,BIZ 2.0 lending,,LONGNX2-202588,Story,[Nhận TSĐ*********************thảo VKTD,IN UAT,Smart BPM Xét duyệt,,LONGNX2-660659,BA,Ph*********************ch,Done,,
STORY,SBU,LONGNX1-561607,Mở rộng *********************trên BIZ,In Progress,Tính năng mới,2026-08-04,2026-08-24,,,2026-08-04,2026-08-27,BIZ 2.0 lending,,LONGNX2-872551,Story,[VKTD*********************H QĐN,Ready For Dev,Smart BPM Triển khai tín dụng,LONGNX2-716653,,,,,,
SUBTASK,SBU,LONGNX1-561607,Mở rộng *********************trên BIZ,In Progress,Tính năng mới,2026-08-04,2026-08-24,,,2026-08-04,2026-08-27,BIZ 2.0 lending,,LONGNX2-872551,Story,[VKTD*********************H QĐN,Ready For Dev,Smart BPM Triển khai tín dụng,,LONGNX2-716653,BA,Ph*********************ch,Done,,
STORY,SBU,LONGNX1-561607,Mở rộng *********************trên BIZ,In Progress,Tính năng mới,2026-08-04,2026-08-24,,,2026-08-04,2026-08-27,BIZ 2.0 lending,,LONGNX2-396326,Story,[VKTD********************* HĐTD,IN DEV,Smart BPM Triển khai tín dụng,LONGNX2-203012,,,,,,
SUBTASK,SBU,LONGNX1-561607,Mở rộng *********************trên BIZ,In Progress,Tính năng mới,2026-08-04,2026-08-24,,,2026-08-04,2026-08-27,BIZ 2.0 lending,,LONGNX2-396326,Story,[VKTD********************* HĐTD,IN DEV,Smart BPM Triển khai tín dụng,,LONGNX2-203012,BA,Ph*********************ch,Done,,
STORY,SBU,LONGNX1-561607,Mở rộng *********************trên BIZ,In Progress,Tính năng mới,2026-08-04,2026-08-24,,,2026-08-04,2026-08-27,BIZ 2.0 lending,,LONGNX2-635923,Story,[VKTD]*********************sa/Pre,Ready For Dev,Smart BPM Triển khai tín dụng,LONGNX2-275295,,,,,,
SUBTASK,SBU,LONGNX1-561607,Mở rộng *********************trên BIZ,In Progress,Tính năng mới,2026-08-04,2026-08-24,,,2026-08-04,2026-08-27,BIZ 2.0 lending,,LONGNX2-635923,Story,[VKTD]*********************sa/Pre,Ready For Dev,Smart BPM Triển khai tín dụng,,LONGNX2-275295,BA,Ph*********************ch,Done,,
STORY,SBU,LONGNX1-561607,Mở rộng *********************trên BIZ,In Progress,Tính năng mới,2026-08-04,2026-08-24,,,2026-08-04,2026-08-27,BIZ 2.0 lending,,LONGNX2-284903,Story,[VKTD********************* VKTD,Ready For Test,Smart BPM Triển khai tín dụng,LONGNX2-406490,,,,,,
SUBTASK,SBU,LONGNX1-561607,Mở rộng *********************trên BIZ,In Progress,Tính năng mới,2026-08-04,2026-08-24,,,2026-08-04,2026-08-27,BIZ 2.0 lending,,LONGNX2-284903,Story,[VKTD********************* VKTD,Ready For Test,Smart BPM Triển khai tín dụng,,LONGNX2-406490,BA,Ph*********************ch,Done,,
STORY,SBU,LONGNX1-561607,Mở rộng *********************trên BIZ,In Progress,Tính năng mới,2026-08-04,2026-08-24,,,2026-08-04,2026-08-27,BIZ 2.0 lending,,LONGNX2-456385,Story,[GNOL********************* GNOL,DEV DONE,Smart BPM Triển khai tín dụng,LONGNX2-861351,,,,,,
SUBTASK,SBU,LONGNX1-561607,Mở rộng *********************trên BIZ,In Progress,Tính năng mới,2026-08-04,2026-08-24,,,2026-08-04,2026-08-27,BIZ 2.0 lending,,LONGNX2-456385,Story,[GNOL********************* GNOL,DEV DONE,Smart BPM Triển khai tín dụng,,LONGNX2-861351,BA,Ph*********************ết,Done,,
STORY,SBU,LONGNX1-561607,Mở rộng *********************trên BIZ,In Progress,Tính năng mới,2026-08-04,2026-08-24,,,2026-08-04,2026-08-27,BIZ 2.0 lending,,LONGNX2-549334,Story,[Nhận TSĐ********************* hợp đồng,IN UAT,Smart BPM Xét duyệt,LONGNX2-647401,,,,,,
SUBTASK,SBU,LONGNX1-561607,Mở rộng *********************trên BIZ,In Progress,Tính năng mới,2026-08-04,2026-08-24,,,2026-08-04,2026-08-27,BIZ 2.0 lending,,LONGNX2-549334,Story,[Nhận TSĐ********************* hợp đồng,IN UAT,Smart BPM Xét duyệt,,LONGNX2-647401,BA,Ph*********************ch,Done,,
STORY,SBU,LONGNX1-561607,Mở rộng *********************trên BIZ,In Progress,Tính năng mới,2026-08-04,2026-08-24,,,2026-08-04,2026-08-27,BIZ 2.0 lending,,LONGNX2-319981,Story,[VKTD] ********************* tác vụ,IN DEV,Smart BPM Triển khai tín dụng,LONGNX2-162603,,,,,,
SUBTASK,SBU,LONGNX1-561607,Mở rộng *********************trên BIZ,In Progress,Tính năng mới,2026-08-04,2026-08-24,,,2026-08-04,2026-08-27,BIZ 2.0 lending,,LONGNX2-319981,Story,[VKTD] ********************* tác vụ,IN DEV,Smart BPM Triển khai tín dụng,,LONGNX2-162603,BA,Ph*********************ch,Done,,
STORY,SBU,LONGNX1-561607,Mở rộng *********************trên BIZ,In Progress,Tính năng mới,2026-08-04,2026-08-24,,,2026-08-04,2026-08-27,BIZ 2.0 lending,,LONGNX2-190945,Story,[VKT*********************VKTD,IN DEV,Smart BPM Triển khai tín dụng,LONGNX2-471595,,,,,,
SUBTASK,SBU,LONGNX1-561607,Mở rộng *********************trên BIZ,In Progress,Tính năng mới,2026-08-04,2026-08-24,,,2026-08-04,2026-08-27,BIZ 2.0 lending,,LONGNX2-190945,Story,[VKT*********************VKTD,IN DEV,Smart BPM Triển khai tín dụng,,LONGNX2-471595,BA,Ph*********************ch,Done,,
STORY,SBU,LONGNX1-561607,Mở rộng *********************trên BIZ,In Progress,Tính năng mới,2026-08-04,2026-08-24,,,2026-08-04,2026-08-27,BIZ 2.0 lending,,LONGNX2-680219,Story,[VKT*********************VKTD,IN DEV,Smart BPM Triển khai tín dụng,LONGNX2-721123,,,,,,
SUBTASK,SBU,LONGNX1-561607,Mở rộng *********************trên BIZ,In Progress,Tính năng mới,2026-08-04,2026-08-24,,,2026-08-04,2026-08-27,BIZ 2.0 lending,,LONGNX2-680219,Story,[VKT*********************VKTD,IN DEV,Smart BPM Triển khai tín dụng,,LONGNX2-721123,BA,Ph*********************ch,Done,,
STORY,SBU,LONGNX1-561607,Mở rộng *********************trên BIZ,In Progress,Tính năng mới,2026-08-04,2026-08-24,,,2026-08-04,2026-08-27,BIZ 2.0 lending,,LONGNX2-479856,Story,[VKT*********************VKTD,Ready For Dev,Smart BPM Triển khai tín dụng,LONGNX2-174244,,,,,,
SUBTASK,SBU,LONGNX1-561607,Mở rộng *********************trên BIZ,In Progress,Tính năng mới,2026-08-04,2026-08-24,,,2026-08-04,2026-08-27,BIZ 2.0 lending,,LONGNX2-479856,Story,[VKT*********************VKTD,Ready For Dev,Smart BPM Triển khai tín dụng,,LONGNX2-174244,BA,Ph*********************ch,Done,,
STORY,SBU,LONGNX1-561607,Mở rộng *********************trên BIZ,In Progress,Tính năng mới,2026-08-04,2026-08-24,,,2026-08-04,2026-08-27,BIZ 2.0 lending,,LONGNX2-159819,Story,[VKTD*********************N/Hub,Ready For Dev,Smart BPM Triển khai tín dụng,LONGNX2-607363,,,,,,
SUBTASK,SBU,LONGNX1-561607,Mở rộng *********************trên BIZ,In Progress,Tính năng mới,2026-08-04,2026-08-24,,,2026-08-04,2026-08-27,BIZ 2.0 lending,,LONGNX2-159819,Story,[VKTD*********************N/Hub,Ready For Dev,Smart BPM Triển khai tín dụng,,LONGNX2-607363,BA,Ph*********************ch,Done,,
STORY,SBU,LONGNX1-561607,Mở rộng *********************trên BIZ,In Progress,Tính năng mới,2026-08-04,2026-08-24,,,2026-08-04,2026-08-27,BIZ 2.0 lending,,LONGNX2-327204,Story,Bổ s*********************khác,Ready For Test,Smart BPM Triển khai tín dụng,LONGNX2-541285,,,,,,
SUBTASK,SBU,LONGNX1-561607,Mở rộng *********************trên BIZ,In Progress,Tính năng mới,2026-08-04,2026-08-24,,,2026-08-04,2026-08-27,BIZ 2.0 lending,,LONGNX2-327204,Story,Bổ s*********************khác,Ready For Test,Smart BPM Triển khai tín dụng,,LONGNX2-541285,BA,Ph*********************ết,Done,,
STORY,SBU,LONGNX1-561607,Mở rộng *********************trên BIZ,In Progress,Tính năng mới,2026-08-04,2026-08-24,,,2026-08-04,2026-08-27,BIZ 2.0 lending,,LONGNX2-801555,Story,[VKTD]*********************ên BPM,Ready For Dev,Smart BPM Triển khai tín dụng,LONGNX2-459502,,,,,,
SUBTASK,SBU,LONGNX1-561607,Mở rộng *********************trên BIZ,In Progress,Tính năng mới,2026-08-04,2026-08-24,,,2026-08-04,2026-08-27,BIZ 2.0 lending,,LONGNX2-801555,Story,[VKTD]*********************ên BPM,Ready For Dev,Smart BPM Triển khai tín dụng,,LONGNX2-459502,BA,Ph*********************ch,Done,,
STORY,SBU,LONGNX1-561607,Mở rộng *********************trên BIZ,In Progress,Tính năng mới,2026-08-04,2026-08-24,,,2026-08-04,2026-08-27,BIZ 2.0 lending,,LONGNX2-257358,Story,[VKTD-********************* ký số,Ready For Dev,Smart BPM Triển khai tín dụng,LONGNX2-342040,,,,,,
SUBTASK,SBU,LONGNX1-561607,Mở rộng *********************trên BIZ,In Progress,Tính năng mới,2026-08-04,2026-08-24,,,2026-08-04,2026-08-27,BIZ 2.0 lending,,LONGNX2-257358,Story,[VKTD-********************* ký số,Ready For Dev,Smart BPM Triển khai tín dụng,,LONGNX2-342040,BA,Ph*********************ch,Done,,
EPIC,MSME,LONGNX1-966411,Tinh c*********************g Misa,In Progress,Cải tiến,2026-08-10,2026-08-07,,,2026-08-05,2026-08-07,"MISA LENDING, Team BPM Xét duyệt",LONGNX1-853963,,,,,,,,,,,,
SUBTASK,MSME,LONGNX1-966411,Tinh c*********************g Misa,In Progress,Cải tiến,2026-08-10,2026-08-07,,,2026-08-05,2026-08-07,"MISA LENDING, Team BPM Xét duyệt",,,,,,,,LONGNX1-301959,BA,L*********************i,Done,,
STORY,MSME,LONGNX1-966411,Tinh c*********************g Misa,In Progress,Cải tiến,2026-08-10,2026-08-07,,,2026-08-05,2026-08-07,"MISA LENDING, Team BPM Xét duyệt",,LONGNX1-853963,Story,[Micro *********************MS MISA,IN DEV,"MISA LENDING, Team BPM Xét duyệt",LONGNX1-454427,,,,,,
SUBTASK,MSME,LONGNX1-966411,Tinh c*********************g Misa,In Progress,Cải tiến,2026-08-10,2026-08-07,,,2026-08-05,2026-08-07,"MISA LENDING, Team BPM Xét duyệt",,LONGNX1-853963,Story,[Micro *********************MS MISA,IN DEV,"MISA LENDING, Team BPM Xét duyệt",,LONGNX1-454427,BA,Ph*********************ài,Done,,
EPIC,MSME,LONGNX1-816195,Màn*********************ụng,In Progress,Tính năng mới,2026-08-05,,,,2026-08-05,2026-08-27,,"LONGNX1-439090,LONGNX1-709537",,,,,,,,,,,,
SUBTASK,MSME,LONGNX1-816195,Màn*********************ụng,In Progress,Tính năng mới,2026-08-05,,,,2026-08-05,2026-08-27,,,,,,,,,LONGNX1-299726,Elicitate,L*********************i,Pending,,
SUBTASK,MSME,LONGNX1-816195,Màn*********************ụng,In Progress,Tính năng mới,2026-08-05,,,,2026-08-05,2026-08-27,,,,,,,,,LONGNX1-491294,BA,Đánh*********************iển ,In Progress,,2026-08-20
STORY,MSME,LONGNX1-816195,Màn*********************ụng,In Progress,Tính năng mới,2026-08-05,,,,2026-08-05,2026-08-27,,,LONGNX1-439090,Story,US1*********************y  ,READY FOR REFINE,,LONGNX1-506221,,,,,,
SUBTASK,MSME,LONGNX1-816195,Màn*********************ụng,In Progress,Tính năng mới,2026-08-05,,,,2026-08-05,2026-08-27,,,LONGNX1-439090,Story,US1*********************y  ,READY FOR REFINE,,,LONGNX1-506221,BA,Vi*********************h ,Done,,
STORY,MSME,LONGNX1-816195,Màn*********************ụng,In Progress,Tính năng mới,2026-08-05,,,,2026-08-05,2026-08-27,,,LONGNX1-709537,Story,US2*********************ãnh,READY FOR REFINE,,LONGNX1-607029,,,,,,
SUBTASK,MSME,LONGNX1-816195,Màn*********************ụng,In Progress,Tính năng mới,2026-08-05,,,,2026-08-05,2026-08-27,,,LONGNX1-709537,Story,US2*********************ãnh,READY FOR REFINE,,,LONGNX1-607029,BA,Vi*********************h ,Done,,
EPIC,MSME,LONGNX1-792683,The*********************ãnh,In Progress,Tính năng mới,,2026-08-25,,,2026-08-04,2026-08-25,,"LONGNX1-364770,LONGNX1-162470,LONGNX1-266085,LONGNX1-783770,LONGNX1-903942,LONGNX2-573679,LONGNX2-290435",,,,,,,,,,,,
SUBTASK,MSME,LONGNX1-792683,The*********************ãnh,In Progress,Tính năng mới,,2026-08-25,,,2026-08-04,2026-08-25,,,,,,,,,LONGNX1-782967,Elicitate,Ph*********************h ,Done,,
STORY,MSME,LONGNX1-792683,The*********************ãnh,In Progress,Tính năng mới,,2026-08-25,,,2026-08-04,2026-08-25,,,LONGNX1-364770,Story,US1*********************ình,Ready For Dev,"BIZ 2.0 lending, Team BIZ 2 - BLOL",LONGNX1-478884,,,,,,
SUBTASK,MSME,LONGNX1-792683,The*********************ãnh,In Progress,Tính năng mới,,2026-08-25,,,2026-08-04,2026-08-25,,,LONGNX1-364770,Story,US1*********************ình,Ready For Dev,"BIZ 2.0 lending, Team BIZ 2 - BLOL",,LONGNX1-478884,BA,Ph*********************ết,Done,,
STORY,MSME,LONGNX1-792683,The*********************ãnh,In Progress,Tính năng mới,,2026-08-25,,,2026-08-04,2026-08-25,,,LONGNX1-162470,Story,US2-*********************đồng,Ready For Dev,"BIZ 2.0 lending, Team BIZ 2 - BLOL",LONGNX1-643752,,,,,,
SUBTASK,MSME,LONGNX1-792683,The*********************ãnh,In Progress,Tính năng mới,,2026-08-25,,,2026-08-04,2026-08-25,,,LONGNX1-162470,Story,US2-*********************đồng,Ready For Dev,"BIZ 2.0 lending, Team BIZ 2 - BLOL",,LONGNX1-643752,BA,Ph*********************ết,Done,,
STORY,MSME,LONGNX1-792683,The*********************ãnh,In Progress,Tính năng mới,,2026-08-25,,,2026-08-04,2026-08-25,,,LONGNX1-266085,Story,US3 *********************lãnh,Ready For Dev,"BIZ 2.0 lending, Team BIZ 2 - BLOL",LONGNX1-230423,,,,,,
SUBTASK,MSME,LONGNX1-792683,The*********************ãnh,In Progress,Tính năng mới,,2026-08-25,,,2026-08-04,2026-08-25,,,LONGNX1-266085,Story,US3 *********************lãnh,Ready For Dev,"BIZ 2.0 lending, Team BIZ 2 - BLOL",,LONGNX1-230423,BA,Ph*********************ết,Done,,
STORY,MSME,LONGNX1-792683,The*********************ãnh,In Progress,Tính năng mới,,2026-08-25,,,2026-08-04,2026-08-25,,,LONGNX1-783770,Story,US4-*********************lãnh,Ready For Dev,"BIZ 2.0 lending, Team BIZ 2 - BLOL",LONGNX1-353841,,,,,,
SUBTASK,MSME,LONGNX1-792683,The*********************ãnh,In Progress,Tính năng mới,,2026-08-25,,,2026-08-04,2026-08-25,,,LONGNX1-783770,Story,US4-*********************lãnh,Ready For Dev,"BIZ 2.0 lending, Team BIZ 2 - BLOL",,LONGNX1-353841,BA,Ph*********************ết,Done,,
STORY,MSME,LONGNX1-792683,The*********************ãnh,In Progress,Tính năng mới,,2026-08-25,,,2026-08-04,2026-08-25,,,LONGNX1-903942,Story,US7 - Ch*********************bảo lãnh,Ready For Dev,"BIZ 2.0 lending, Team BIZ 2 - BLOL",LONGNX1-518057,,,,,,
SUBTASK,MSME,LONGNX1-792683,The*********************ãnh,In Progress,Tính năng mới,,2026-08-25,,,2026-08-04,2026-08-25,,,LONGNX1-903942,Story,US7 - Ch*********************bảo lãnh,Ready For Dev,"BIZ 2.0 lending, Team BIZ 2 - BLOL",,LONGNX1-518057,BA,Ph*********************ết,Done,,
STORY,SBU,LONGNX1-792683,The*********************ãnh,In Progress,Tính năng mới,,2026-08-25,,,2026-08-04,2026-08-25,,,LONGNX2-573679,Story,[TTH*********************lãnh,IN UAT,Smart BPM Triển khai tín dụng,LONGNX2-825164,,,,,,
SUBTASK,SBU,LONGNX1-792683,The*********************ãnh,In Progress,Tính năng mới,,2026-08-25,,,2026-08-04,2026-08-25,,,LONGNX2-573679,Story,[TTH*********************lãnh,IN UAT,Smart BPM Triển khai tín dụng,,LONGNX2-825164,BA,Ph*********************ết,Done,,
STORY,SBU,LONGNX1-792683,The*********************ãnh,In Progress,Tính năng mới,,2026-08-25,,,2026-08-04,2026-08-25,,,LONGNX2-290435,Story,[TTHD*********************n BPM,IN UAT,Smart BPM Triển khai tín dụng,LONGNX2-415447,,,,,,
SUBTASK,SBU,LONGNX1-792683,The*********************ãnh,In Progress,Tính năng mới,,2026-08-25,,,2026-08-04,2026-08-25,,,LONGNX2-290435,Story,[TTHD*********************n BPM,IN UAT,Smart BPM Triển khai tín dụng,,LONGNX2-415447,BA,Ph*********************ết,Done,,
EPIC,SC,THUY-276282,Chỉnh *********************Portal,Cancelled,Tính năng mới,,2026-03-16,,,2026-03-16,2026-04-02,,,,,,,,,,,,,,
EPIC,SC,THUY-192723,Luồ*********************ior,Cancelled,Tính năng mới,,,,,2026-03-16,2026-03-17,,,,,,,,,,,,,,
EPIC,SC,THUY-762214,Test,Cancelled,Cải tiến,,,,,2026-03-17,2026-03-27,,,,,,,,,,,,,,
EPIC,SC,THUY-780956,Tách*********************KHDN,Cancelled,Tính năng mới,,2026-03-19,,,2026-03-24,2026-05-25,,,,,,,,,,,,,,
EPIC,SC,THUY-826235,Hộ k*********************bank,Cancelled,Tính năng mới,,,,,2026-04-16,2026-06-01,,,,,,,,,,,,,,
EPIC,SC,THUY-871565,Cải ti*********************ại T24,Cancelled,Cải tiến,,2026-04-17,2026-05-31,,2026-04-17,2026-05-25,,,,,,,,,,,,,,
EPIC,SC,THUY-951446,Số h********************* ATM,Released,Sản phẩm/dịch vụ/quy trình mới,2026-06-03,2026-06-04,,2026-07-15,2026-05-07,2026-08-26,,,,,,,,,,,,,,
EPIC,SC,THUY-346209,Khách*********************ầy MB,Cancelled,Tính năng mới,,,,,2026-05-13,2026-06-09,,,,,,,,,,,,,,
EPIC,SC,THUY-434032,US 1 -*********************uỹ ATM,Cancelled,Tính năng mới,,,,,2026-05-15,2026-05-15,,,,,,,,,,,,,,
EPIC,SC,THUY-394161,Mở*********************ce,Released,Tính năng mới,,2026-05-11,2026-07-09,2026-07-08,2026-05-15,2026-08-05,,,,,,,,,,,,,,
EPIC,SC,THUY-158328,CẢNH BÁ*********************TRÊN SC,Released,Cải tiến,,2026-05-29,2026-07-02,2026-07-07,2026-05-22,2026-08-05,,,,,,,,,,,,,,
EPIC,SC,THUY-157762,Ủy *********************HCN,Released,Cải tiến,,2026-05-18,,2026-07-07,2026-05-22,2026-08-05,,,,,,,,,,,,,,
EPIC,SC,THUY-593196,Số h********************* chỉ,Released,Cải tiến,,2026-05-29,2026-06-30,2026-06-29,2026-05-25,2026-08-05,,,,,,,,,,,,,,
EPIC,SC,THUY-442171,Chỉn*********************KHCN,Released,Cải tiến,,2026-06-26,2026-07-09,2026-07-09,2026-06-04,2026-08-25,,,,,,,,,,,,,,
EPIC,SC,THUY-610759,Cải ********************* HKD,Released,Cải tiến,,2026-06-05,2026-07-02,2026-06-25,2026-06-05,2026-08-28,,,,,,,,,,,,,,
EPIC,SC,THUY-840657,Phát t*********************c đích,Pending,Sản phẩm/dịch vụ/quy trình mới,,2026-05-22,,,2026-05-22,2026-08-22,,"MCE-449623,THUY-531363,THUY-292278,THUY-593731,THUY-261476,THUY-474133",,,,,,,,,,,,
SUBTASK,SC,THUY-840657,Phát t*********************c đích,Pending,Sản phẩm/dịch vụ/quy trình mới,,2026-05-22,,,2026-05-22,2026-08-22,,,,,,,,,THUY-163496,BA,Nghiê********************* Quầy,Done,,2026-05-29
STORY,ECM,THUY-840657,Phát t*********************c đích,Pending,Sản phẩm/dịch vụ/quy trình mới,,2026-05-22,,,2026-05-22,2026-08-22,,,MCE-449623,Story,Bổ s*********************Scan,DEVELOPING,,,,,,,,
STORY,SC,THUY-840657,Phát t*********************c đích,Pending,Sản phẩm/dịch vụ/quy trình mới,,2026-05-22,,,2026-05-22,2026-08-22,,,THUY-531363,Story,Xin c*********************in KH,Pending,,,,,,,,
STORY,SC,THUY-840657,Phát t*********************c đích,Pending,Sản phẩm/dịch vụ/quy trình mới,,2026-05-22,,,2026-05-22,2026-08-22,,,THUY-292278,Story,Xin *********************i KH,Pending,,,,,,,,
STORY,SC,THUY-840657,Phát t*********************c đích,Pending,Sản phẩm/dịch vụ/quy trình mới,,2026-05-22,,,2026-05-22,2026-08-22,,,THUY-593731,Story,Tí*********************MS,Ready For Dev,,,,,,,,
STORY,SC,THUY-840657,Phát t*********************c đích,Pending,Sản phẩm/dịch vụ/quy trình mới,,2026-05-22,,,2026-05-22,2026-08-22,,,THUY-261476,Story,Xin*********************ler,READY FOR REFINE,,,,,,,,
STORY,SC,THUY-840657,Phát t*********************c đích,Pending,Sản phẩm/dịch vụ/quy trình mới,,2026-05-22,,,2026-05-22,2026-08-22,,,THUY-474133,Story,Duy********************* SC,Pending,,,,,,,,
EPIC,SC,THUY-699001,Phát *********************ợ KTT,Released,Cải tiến,,2026-06-30,2026-07-16,2026-07-15,2026-06-16,2026-08-11,,,,,,,,,,,,,,
EPIC,SC,THUY-935110,Quả********************* SC,Released,Tính năng mới,2026-06-24,2026-06-25,2026-07-16,2026-07-15,2026-06-17,2026-08-05,,,,,,,,,,,,,,
EPIC,SC,THUY-499730,Tự*********************KD,IN PO,Cải tiến,,,,,2026-06-17,2026-06-23,,,,,,,,,,,,,,
SUBTASK,SC,THUY-499730,Tự*********************KD,IN PO,Cải tiến,,,,,2026-06-17,2026-06-23,,,,,,,,,THUY-415495,Elicitate,[Elic*********************ới PO,Pending,2026-06-17,2026-06-19
EPIC,SC,THUY-903562,BỔ*********************TỪ,Released,Cải tiến,,2026-07-22,2026-08-06,2026-08-05,2026-06-30,2026-08-11,,,,,,,,,,,,,,
EPIC,SC,THUY-729142,Bả*********************ền,Released,Cải tiến,,2026-06-30,2026-07-30,2026-07-27,2026-07-01,2026-08-26,,,,,,,,,,,,,,
EPIC,SC,THUY-113782,Cảnh báo*********************ại quầy ,Released,Tính năng mới,2026-07-07,2026-07-07,2026-07-28,2026-07-23,2026-07-02,2026-08-25,,,,,,,,,,,,,,
EPIC,SC,THUY-372941,Bổ su*********************hiệm),Released,Cải tiến,2026-07-06,2026-08-06,2026-08-24,2026-08-24,2026-07-06,2026-08-25,,,,,,,,,,,,,,
EPIC,SC,THUY-369851,Là*********************hỉ,Released,Cải tiến,,2026-07-20,2026-08-13,2026-08-06,2026-07-08,2026-08-18,,,,,,,,,,,,,,
EPIC,SC,THUY-438877,Cảnh b*********************chính ,In Progress,Tính năng mới,2026-07-24,2026-07-27,,,2026-07-28,2026-08-26,,"PHUCLAM-561179,THUY-648347,THUY-307072,THUY-308047,BRD-708700",,,,,,,,,,,,
STORY,API,THUY-438877,Cảnh b*********************chính ,In Progress,Tính năng mới,2026-07-24,2026-07-27,,,2026-07-28,2026-08-26,,,PHUCLAM-561179,Story,[MS-S*********************core.,IN SIT,,,,,,,,
STORY,SC,THUY-438877,Cảnh b*********************chính ,In Progress,Tính năng mới,2026-07-24,2026-07-27,,,2026-07-28,2026-08-26,,,THUY-648347,Story,US- M*********************ượng ,Ready For Golive,,,,,,,,
STORY,SC,THUY-438877,Cảnh b*********************chính ,In Progress,Tính năng mới,2026-07-24,2026-07-27,,,2026-07-28,2026-08-26,,,THUY-307072,Story,US- Cả*********************hượng ,Ready For Golive,,,,,,,,
STORY,SC,THUY-438877,Cảnh b*********************chính ,In Progress,Tính năng mới,2026-07-24,2026-07-27,,,2026-07-28,2026-08-26,,,THUY-308047,Story,Cải tiế*********************của sổ ,Ready For Golive,,,,,,,,
STORY,YCPT,THUY-438877,Cảnh b*********************chính ,In Progress,Tính năng mới,2026-07-24,2026-07-27,,,2026-07-28,2026-08-26,,,BRD-708700,Story,MS - Servi*********************g của STK ,Ready For Golive,,,,,,,,
EPIC,SC,THUY-107145,Cả*********************TM,Released,Cải tiến,,2026-07-29,2026-08-26,2026-08-18,2026-07-29,2026-08-27,,,,,,,,,,,,,,
EPIC,SC,THUY-670264,Bổ s*********************LK01,In Progress,Cải tiến,,2026-08-21,,,2026-07-31,2026-08-20,,THUY-247595,,,,,,,,,,,,
STORY,SC,THUY-670264,Bổ s*********************LK01,In Progress,Cải tiến,,2026-08-21,,,2026-07-31,2026-08-20,,,THUY-247595,Story,Bổ s*********************LK01,IN UAT,,THUY-829493,,,,,,
SUBTASK,SC,THUY-670264,Bổ s*********************LK01,In Progress,Cải tiến,,2026-08-21,,,2026-07-31,2026-08-20,,,THUY-247595,Story,Bổ s*********************LK01,IN UAT,,,THUY-829493,BA,Ph*********************ch,Done,,
EPIC,SC,THUY-639627,Làm*********************e 2,Design,Cải tiến,,2026-08-20,,,2026-08-20,2026-08-21,,THUY-529972,,,,,,,,,,,,
STORY,SC,THUY-639627,Làm*********************e 2,Design,Cải tiến,,2026-08-20,,,2026-08-20,2026-08-21,,,THUY-529972,Story,Cho p********************* khác,IN DEV,,,,,,,,
EPIC,SMEDS,TUNGDT-420515,Bổ sung *********************trên WEB,Cancelled,Cải tiến,,2026-02-06,,,2026-02-09,2026-04-01,,,,,,,,,,,,,,
EPIC,SMEDS,TUNGDT-515915,Bổ su*********************Z 2.0,Cancelled,Cải tiến,,2026-02-06,,,2026-02-10,2026-03-18,,,,,,,,,,,,,,
EPIC,SMEDS,TUNGDT-805349,Tỷ giá*********************ền gửi,Cancelled,Cải tiến,,2026-02-06,,,2026-02-10,2026-03-18,,,,,,,,,,,,,,
EPIC,SMEDS,TUNGDT-729534,Xây ********************* CRM,Cancelled,Sản phẩm/dịch vụ/quy trình mới,,2026-03-09,,,2026-02-25,2026-04-08,"OB Biz 1.0, OBBiz2.0",,,,,,,,,,,,,
EPIC,SMEDS,TUNGDT-285546,Bổ sung *********************trên WEB,Cancelled,Cải tiến,,2026-02-26,,,2026-02-26,2026-03-17,,,,,,,,,,,,,,
EPIC,SMEDS,TUNGDT-622898,Tích h*********************ên BIZ,Cancelled,Cải tiến,,,,,2026-02-27,2026-03-10,,,,,,,,,,,,,,
EPIC,SMEDS,TUNGDT-125651,EPIC_C*********************ền gửi,To Do,Cải tiến,,,,,2026-04-09,2026-04-09,Daily2.0,,,,,,,,,,,,,
EPIC,SMEDS,TUNGDT-360235,KÉO *********************Ẻ DN,To Do,Tính năng mới,,,,,2026-04-21,2026-04-21,,,,,,,,,,,,,,
SUBTASK,SMEDS,TUNGDT-360235,KÉO *********************Ẻ DN,To Do,Tính năng mới,,,,,2026-04-21,2026-04-21,,,,,,,,,TUNGDT-430384,Elicitate,BA - E*********************THẺ DN,To Do,,
EPIC,SMEDS,TUNGDT-417070,KÉO *********************Ẻ DN,To Do,Tính năng mới,,,,,2026-04-21,2026-04-21,,,,,,,,,,,,,,
SUBTASK,SMEDS,TUNGDT-417070,KÉO *********************Ẻ DN,To Do,Tính năng mới,,,,,2026-04-21,2026-04-21,,,,,,,,,TUNGDT-540506,Elicitate,BA - E*********************THẺ DN,To Do,,
EPIC,SMEDS,TUNGDT-689236,KÉO *********************Ẻ DN,To Do,Tính năng mới,,,,,2026-04-21,2026-04-21,,,,,,,,,,,,,,
SUBTASK,SMEDS,TUNGDT-689236,KÉO *********************Ẻ DN,To Do,Tính năng mới,,,,,2026-04-21,2026-04-21,,,,,,,,,TUNGDT-971190,Elicitate,BA - E*********************THẺ DN,To Do,,
EPIC,SMEDS,TUNGDT-233649,KÉO *********************Ẻ DN,To Do,Tính năng mới,,,,,2026-04-21,2026-04-21,,,,,,,,,,,,,,
SUBTASK,SMEDS,TUNGDT-233649,KÉO *********************Ẻ DN,To Do,Tính năng mới,,,,,2026-04-21,2026-04-21,,,,,,,,,TUNGDT-806323,Elicitate,BA - E*********************THẺ DN,To Do,,
EPIC,SMEDS,TUNGDT-927659,KÉO *********************Ẻ DN,To Do,Tính năng mới,,,,,2026-04-21,2026-04-21,,,,,,,,,,,,,,
SUBTASK,SMEDS,TUNGDT-927659,KÉO *********************Ẻ DN,To Do,Tính năng mới,,,,,2026-04-21,2026-04-21,,,,,,,,,TUNGDT-475205,Elicitate,BA - E*********************THẺ DN,To Do,,
EPIC,SMEDS,TUNGDT-575936,KÉO *********************Ẻ DN,To Do,Tính năng mới,,,,,2026-04-21,2026-04-21,,,,,,,,,,,,,,
SUBTASK,SMEDS,TUNGDT-575936,KÉO *********************Ẻ DN,To Do,Tính năng mới,,,,,2026-04-21,2026-04-21,,,,,,,,,TUNGDT-433174,Elicitate,BA - E*********************THẺ DN,To Do,,
EPIC,SMEDS,TUNGDT-911330,KÉO *********************Ẻ DN,To Do,Tính năng mới,2026-04-08,,,,2026-04-21,2026-04-21,,,,,,,,,,,,,,
SUBTASK,SMEDS,TUNGDT-911330,KÉO *********************Ẻ DN,To Do,Tính năng mới,2026-04-08,,,,2026-04-21,2026-04-21,,,,,,,,,TUNGDT-969711,Elicitate,BA - E*********************THẺ DN,To Do,,
EPIC,SMEDS,TUNGDT-370487,KÉO *********************Ẻ DN,To Do,Tính năng mới,2026-04-08,,,,2026-04-21,2026-04-21,,,,,,,,,,,,,,
SUBTASK,SMEDS,TUNGDT-370487,KÉO *********************Ẻ DN,To Do,Tính năng mới,2026-04-08,,,,2026-04-21,2026-04-21,,,,,,,,,TUNGDT-779333,Elicitate,BA - E*********************THẺ DN,To Do,,
EPIC,SMEDS,TUNGDT-380250,KÉO *********************Ẻ DN,To Do,Tính năng mới,2026-04-08,,,,2026-04-21,2026-04-21,,,,,,,,,,,,,,
SUBTASK,SMEDS,TUNGDT-380250,KÉO *********************Ẻ DN,To Do,Tính năng mới,2026-04-08,,,,2026-04-21,2026-04-21,,,,,,,,,TUNGDT-386677,Elicitate,BA - E*********************THẺ DN,To Do,,
EPIC,SMEDS,TUNGDT-881199,KÉO *********************Ẻ DN,To Do,Tính năng mới,2026-04-08,,,,2026-04-21,2026-04-21,,,,,,,,,,,,,,
SUBTASK,SMEDS,TUNGDT-881199,KÉO *********************Ẻ DN,To Do,Tính năng mới,2026-04-08,,,,2026-04-21,2026-04-21,,,,,,,,,TUNGDT-683532,Elicitate,BA - E*********************THẺ DN,To Do,,
EPIC,SMEDS,TUNGDT-344367,Chu*********************2.0,To Do,Tính năng mới,2026-04-23,,,,2026-04-23,2026-04-23,,,,,,,,,,,,,,
SUBTASK,SMEDS,TUNGDT-344367,Chu*********************2.0,To Do,Tính năng mới,2026-04-23,,,,2026-04-23,2026-04-23,,,,,,,,,TUNGDT-125690,Elicitate,BA - *********************IZ2.0,To Do,,
EPIC,SMEDS,TUNGDT-596367,Chu*********************2.0,To Do,Tính năng mới,2026-04-23,,,,2026-04-23,2026-04-23,,,,,,,,,,,,,,
SUBTASK,SMEDS,TUNGDT-596367,Chu*********************2.0,To Do,Tính năng mới,2026-04-23,,,,2026-04-23,2026-04-23,,,,,,,,,TUNGDT-187546,Elicitate,BA - *********************IZ2.0,To Do,,
EPIC,SMEDS,TUNGDT-939313,Chu*********************2.0,To Do,Tính năng mới,2026-04-23,,,,2026-04-23,2026-04-23,,,,,,,,,,,,,,
SUBTASK,SMEDS,TUNGDT-939313,Chu*********************2.0,To Do,Tính năng mới,2026-04-23,,,,2026-04-23,2026-04-23,,,,,,,,,TUNGDT-703784,Elicitate,BA - *********************IZ2.0,To Do,,
EPIC,SMEDS,TUNGDT-131710,Chu*********************2.0,To Do,Tính năng mới,,,,,2026-04-23,2026-04-28,,,,,,,,,,,,,,
SUBTASK,SMEDS,TUNGDT-131710,Chu*********************2.0,To Do,Tính năng mới,,,,,2026-04-23,2026-04-28,,,,,,,,,TUNGDT-956961,Elicitate,BA - *********************IZ2.0,To Do,,
EPIC,SMEDS,TUNGDT-511739,Chu*********************2.0,To Do,Tính năng mới,,,,,2026-04-23,2026-04-28,,,,,,,,,,,,,,
SUBTASK,SMEDS,TUNGDT-511739,Chu*********************2.0,To Do,Tính năng mới,,,,,2026-04-23,2026-04-28,,,,,,,,,TUNGDT-545289,Elicitate,BA - *********************IZ2.0,To Do,,
EPIC,SMEDS,TUNGDT-870381,Chu*********************2.0,To Do,Tính năng mới,,,,,2026-04-23,2026-04-28,,,,,,,,,,,,,,
SUBTASK,SMEDS,TUNGDT-870381,Chu*********************2.0,To Do,Tính năng mới,,,,,2026-04-23,2026-04-28,,,,,,,,,TUNGDT-739363,Elicitate,BA - *********************IZ2.0,To Do,,
EPIC,SMEDS,TUNGDT-108698,Chu*********************2.0,To Do,Tính năng mới,,,,,2026-04-23,2026-04-28,,,,,,,,,,,,,,
SUBTASK,SMEDS,TUNGDT-108698,Chu*********************2.0,To Do,Tính năng mới,,,,,2026-04-23,2026-04-28,,,,,,,,,TUNGDT-262545,Elicitate,BA - *********************IZ2.0,To Do,,
EPIC,SMEDS,TUNGDT-996302,Chu*********************2.0,To Do,Tính năng mới,,,,,2026-04-23,2026-04-28,,,,,,,,,,,,,,
SUBTASK,SMEDS,TUNGDT-996302,Chu*********************2.0,To Do,Tính năng mới,,,,,2026-04-23,2026-04-28,,,,,,,,,TUNGDT-141353,Elicitate,BA - *********************IZ2.0,To Do,,
EPIC,SMEDS,TUNGDT-224210,Chu*********************2.0,Cancelled,Tính năng mới,,,,,2026-04-23,2026-04-28,,,,,,,,,,,,,,
EPIC,SMEDS,TUNGDT-941707,Chu*********************2.0,Cancelled,Tính năng mới,,,,,2026-04-23,2026-04-28,,,,,,,,,,,,,,
EPIC,SMEDS,TUNGDT-711339,Chu*********************2.0,Cancelled,Tính năng mới,,,,,2026-04-23,2026-04-28,,,,,,,,,,,,,,
EPIC,SMEDS,TUNGDT-793271,Chu*********************2.0,Cancelled,Tính năng mới,2026-04-23,,,,2026-04-23,2026-04-28,,,,,,,,,,,,,,
EPIC,SMEDS,TUNGDT-333879,Chu*********************2.0,Cancelled,Tính năng mới,2026-04-23,,,,2026-04-23,2026-04-28,,,,,,,,,,,,,,
EPIC,SMEDS,TUNGDT-812819,Chu*********************2.0,Cancelled,Tính năng mới,2026-04-23,,,,2026-04-23,2026-04-28,,,,,,,,,,,,,,
EPIC,SMEDS,TUNGDT-460742,Ch*********************AD,Cancelled,Tính năng mới,2026-04-23,,,,2026-04-23,2026-04-28,Daily2.0,,,,,,,,,,,,,
EPIC,SMEDS,TUNGDT-262489,Ch*********************AD,Cancelled,Tính năng mới,2026-04-23,,,,2026-04-23,2026-04-28,Daily2.0,,,,,,,,,,,,,
EPIC,SMEDS,TUNGDT-666806,Ch*********************AD,Cancelled,Tính năng mới,2026-04-23,,,,2026-04-23,2026-04-28,Daily2.0,,,,,,,,,,,,,
EPIC,SMEDS,TUNGDT-457288,Ch*********************AD,Cancelled,Tính năng mới,2026-04-23,,,,2026-04-23,2026-04-28,Daily2.0,,,,,,,,,,,,,
EPIC,SMEDS,TUNGDT-123749,Ch*********************AD,Cancelled,Tính năng mới,2026-04-23,,,,2026-04-23,2026-04-28,Daily2.0,,,,,,,,,,,,,
EPIC,SMEDS,TUNGDT-803559,Chu*********************2.0,Cancelled,Tính năng mới,2026-04-23,,,,2026-04-23,2026-04-28,,,,,,,,,,,,,,
EPIC,SMEDS,TUNGDT-330728,Chu*********************2.0,Cancelled,Tính năng mới,2026-04-23,,,,2026-04-23,2026-04-28,,,,,,,,,,,,,,
EPIC,SMEDS,TUNGDT-129014,Chu*********************2.0,Cancelled,Tính năng mới,2026-04-23,,,,2026-04-23,2026-04-28,,,,,,,,,,,,,,
EPIC,SMEDS,TUNGDT-411106,Chu*********************2.0,Cancelled,Tính năng mới,2026-04-23,,,,2026-04-23,2026-04-28,,,,,,,,,,,,,,
EPIC,SMEDS,TUNGDT-459865,Chu*********************2.0,Cancelled,Tính năng mới,2026-04-23,,,,2026-04-23,2026-04-28,,,,,,,,,,,,,,
EPIC,SMEDS,TUNGDT-234756,Chu*********************2.0,Cancelled,Tính năng mới,2026-04-23,,,,2026-04-23,2026-04-28,,,,,,,,,,,,,,
EPIC,SMEDS,TUNGDT-763845,Chu*********************2.0,Cancelled,Tính năng mới,2026-04-23,,,,2026-04-23,2026-04-28,,,,,,,,,,,,,,
EPIC,SMEDS,TUNGDT-885048,Ch*********************AD,Cancelled,Tính năng mới,2026-04-23,,,,2026-04-23,2026-04-28,Daily2.0,,,,,,,,,,,,,
EPIC,SMEDS,TUNGDT-399313,Chu*********************2.0,To Do,Tính năng mới,2026-04-23,,,,2026-04-23,2026-04-23,,,,,,,,,,,,,,
SUBTASK,SMEDS,TUNGDT-399313,Chu*********************2.0,To Do,Tính năng mới,2026-04-23,,,,2026-04-23,2026-04-23,,,,,,,,,TUNGDT-459431,Elicitate,BA - *********************IZ2.0,To Do,,
EPIC,SMEDS,TUNGDT-224773,Tải lại*********************hợp lệ),Cancelled,Cải tiến,,,,,2026-04-23,2026-05-04,Daily2.0,,,,,,,,,,,,,
EPIC,SMEDS,TUNGDT-671074,Chu*********************2.0,To Do,Tính năng mới,2026-04-23,,,,2026-04-23,2026-04-23,,,,,,,,,,,,,,
SUBTASK,SMEDS,TUNGDT-671074,Chu*********************2.0,To Do,Tính năng mới,2026-04-23,,,,2026-04-23,2026-04-23,,,,,,,,,TUNGDT-500233,Elicitate,BA - *********************IZ2.0,To Do,,
EPIC,SMEDS,TUNGDT-216514,Chu*********************2.0,To Do,Tính năng mới,2026-04-23,,,,2026-04-23,2026-04-23,,,,,,,,,,,,,,
SUBTASK,SMEDS,TUNGDT-216514,Chu*********************2.0,To Do,Tính năng mới,2026-04-23,,,,2026-04-23,2026-04-23,,,,,,,,,TUNGDT-685895,Elicitate,BA - *********************IZ2.0,To Do,,
EPIC,SMEDS,TUNGDT-571752,Tải lại*********************hợp lệ),Cancelled,Cải tiến,,,,,2026-04-23,2026-05-04,Daily2.0,,,,,,,,,,,,,
EPIC,SMEDS,TUNGDT-201729,Chỉnh********************* CORE,Released,Cải tiến,,2026-05-18,,,2026-04-24,2026-07-01,,,,,,,,,,,,,,
EPIC,SMEDS,TUNGDT-895873,BIZ_Bổ *********************y quyền,Cancelled,Cải tiến,,,,,2026-05-08,2026-05-08,,,,,,,,,,,,,,
EPIC,SMEDS,TUNGDT-131805,Bổ sung *********************ủy quyền,Cancelled,Cải tiến,,,,,2026-05-08,2026-05-08,,,,,,,,,,,,,,
EPIC,SMEDS,TUNGDT-297148,Bổ sung *********************ủy quyền,Cancelled,Cải tiến,,,,,2026-05-08,2026-05-08,,,,,,,,,,,,,,
EPIC,SMEDS,TUNGDT-520424,Đăng*********************2.0 ,Cancelled,Sản phẩm/dịch vụ/quy trình mới,,,,,2026-05-11,2026-05-25,Daily2.0,,,,,,,,,,,,,
EPIC,SMEDS,TUNGDT-598794,Update lã*********************ừ đối tác,Cancelled,Cải tiến,,,,,2026-05-13,2026-05-13,,,,,,,,,,,,,,
EPIC,SMEDS,TUNGDT-672959,Xây dựng*********************n sao kê,Cancelled,Tính năng mới,,,,,2026-05-13,2026-05-14,Daily2.0,,,,,,,,,,,,,
EPIC,SMEDS,TUNGDT-940556,Xây dựng*********************n sao kê,Cancelled,Tính năng mới,,,,,2026-05-13,2026-05-14,Daily2.0,,,,,,,,,,,,,
EPIC,SMEDS,TUNGDT-891397,Tính n********************* + Web,Cancelled,Tính năng mới,,,,,2026-05-13,2026-05-14,Daily2.0,,,,,,,,,,,,,
EPIC,SMEDS,TUNGDT-540916,Tính n********************* + Web,Cancelled,Tính năng mới,,,,,2026-05-13,2026-05-14,Daily2.0,,,,,,,,,,,,,
EPIC,SMEDS,TUNGDT-256208,TRU*********************BIZ,To Do,Tính năng mới,2026-04-08,,,,2026-05-14,2026-05-14,,,,,,,,,,,,,,
SUBTASK,SMEDS,TUNGDT-256208,TRU*********************BIZ,To Do,Tính năng mới,2026-04-08,,,,2026-05-14,2026-05-14,,,,,,,,,TUNGDT-929918,Elicitate,BA - *********************N BIZ,To Do,,
EPIC,SMEDS,TUNGDT-629189,TRU*********************BIZ,To Do,Tính năng mới,2026-04-08,,,,2026-05-14,2026-05-14,,,,,,,,,,,,,,
SUBTASK,SMEDS,TUNGDT-629189,TRU*********************BIZ,To Do,Tính năng mới,2026-04-08,,,,2026-05-14,2026-05-14,,,,,,,,,TUNGDT-259749,Elicitate,BA - *********************N BIZ,To Do,,
EPIC,SMEDS,TUNGDT-757135,TRU*********************BIZ,To Do,Tính năng mới,2026-04-08,,,,2026-05-14,2026-05-14,,,,,,,,,,,,,,
SUBTASK,SMEDS,TUNGDT-757135,TRU*********************BIZ,To Do,Tính năng mới,2026-04-08,,,,2026-05-14,2026-05-14,,,,,,,,,TUNGDT-585507,Elicitate,BA - *********************N BIZ,To Do,,
EPIC,SMEDS,TUNGDT-207883,Tín*********************iệp,Cancelled,Tính năng mới,,,,,2026-05-15,2026-05-15,,,,,,,,,,,,,,
EPIC,SMEDS,TUNGDT-423659,Tín*********************iệp,Cancelled,Tính năng mới,,,,,2026-05-15,2026-05-15,,,,,,,,,,,,,,
EPIC,SMEDS,TUNGDT-846220,Tín*********************iệp,Cancelled,Tính năng mới,,,,,2026-05-15,2026-05-15,,,,,,,,,,,,,,
EPIC,SMEDS,TUNGDT-400591,Tín*********************iệp,Cancelled,Tính năng mới,,,,,2026-05-15,2026-05-15,,,,,,,,,,,,,,
EPIC,SMEDS,TUNGDT-210359,Tín*********************iệp,Cancelled,Tính năng mới,,,,,2026-05-15,2026-05-15,,,,,,,,,,,,,,
EPIC,SMEDS,TUNGDT-618726,Tín*********************iệp,Cancelled,Tính năng mới,,,,,2026-05-15,2026-05-15,,,,,,,,,,,,,,
EPIC,SMEDS,TUNGDT-882074,Tín*********************iệp,Cancelled,Tính năng mới,,,,,2026-05-15,2026-05-15,,,,,,,,,,,,,,
EPIC,SMEDS,TUNGDT-234966,Tín*********************iệp,Cancelled,Tính năng mới,,,,,2026-05-15,2026-05-15,,,,,,,,,,,,,,
EPIC,SMEDS,TUNGDT-636884,Gắn ngu*********************rên BIZ,Released,Cải tiến,,2026-06-16,,2026-07-06,2026-06-16,2026-08-12,Daily2.0,,,,,,,,,,,,,
EPIC,SMEDS,TUNGDT-377972,Đẩy *********************rtal,Released,Cải tiến,,2026-06-22,2026-06-30,2026-06-30,2026-06-22,2026-08-18,OBBiz2.0,,,,,,,,,,,,,
EPIC,SMEDS,TUNGDT-973082,Test,To Do,Cải tiến,,,,,2026-06-23,2026-06-26,,"TUNGDT-726148,TUNGDT-309436",,,,,,,,,,,,
SUBTASK,SMEDS,TUNGDT-973082,Test,To Do,Cải tiến,,,,,2026-06-23,2026-06-26,,,,,,,,,TUNGDT-344012,BA,BA,To Do,,
STORY,SMEDS,TUNGDT-973082,Test,To Do,Cải tiến,,,,,2026-06-23,2026-06-26,,,TUNGDT-726148,Story,US1,To Do,,,,,,,,
STORY,SMEDS,TUNGDT-973082,Test,To Do,Cải tiến,,,,,2026-06-23,2026-06-26,,,TUNGDT-309436,Story,US2,To Do,,,,,,,,
EPIC,SMEDS,TUNGDT-215753,"Đẩy *********************S2,3",Released,Cải tiến,,2026-06-22,2026-07-02,2026-07-02,2026-06-23,2026-08-18,OBBiz2.0,,,,,,,,,,,,,
EPIC,SMEDS,TUNGDT-103463,CẢI T*********************POTAL,Released,Cải tiến,2026-06-23,2026-06-23,,2026-07-07,2026-06-23,2026-08-25,Daily2.0,,,,,,,,,,,,,
EPIC,SMEDS,TUNGDT-363578,Tích *********************a đơn,Released,Cải tiến,,,,,2026-06-24,2026-08-03,Daily2.0,,,,,,,,,,,,,
EPIC,SMEDS,TUNGDT-107584,TÍCH HỢ*********************IZ 2.0),Released,Tính năng mới,,2026-07-20,2026-08-04,2026-08-04,2026-06-24,2026-08-14,OBBiz2.0,,,,,,,,,,,,,
EPIC,SMEDS,TUNGDT-731389,EPIC_*********************ase 2,Released,Cải tiến,,2026-07-10,2026-07-29,2026-07-28,2026-07-01,2026-08-05,OBBiz2.0,,,,,,,,,,,,,
EPIC,SMEDS,TUNGDT-792677,Bổ sung th*********************m tiền gửi,Released,Cải tiến,,,2026-07-16,2026-07-14,2026-07-06,2026-08-05,Daily2.0,,,,,,,,,,,,,
EPIC,SMEDS,TUNGDT-337410,BỔ SUNG *********************ĐỒNG PHT,Released,Cải tiến,2026-07-09,2026-07-08,2026-07-23,2026-07-22,2026-07-08,2026-08-05,Daily2.0,,,,,,,,,,,,,
EPIC,SMEDS,TUNGDT-109772,Phát********************* CDs,Released,Tính năng mới,,2026-07-09,2026-07-30,2026-07-28,2026-07-08,2026-08-05,Daily2.0,,,,,,,,,,,,,
EPIC,SMEDS,TUNGDT-475535,Phát triển n*********************từ nguồn thẻ,Released,Cải tiến,,2026-07-13,2026-07-30,2026-07-29,2026-07-08,2026-08-25,Daily2.0,,,,,,,,,,,,,
EPIC,SMEDS,TUNGDT-769494,Fix********************* OB,Released,Cải tiến,,,2026-07-14,2026-07-14,2026-07-16,2026-08-05,OBBiz2.0,,,,,,,,,,,,,
EPIC,SMEDS,TUNGDT-139134,Bổ sun*********************ankhub,Released,Cải tiến,,2026-07-29,2026-08-13,2026-08-11,2026-07-17,2026-08-14,Daily2.0,,,,,,,,,,,,,
EPIC,SMEDS,TUNGDT-434890,Mở tà*********************g BIZ,Released,Tính năng mới,,2026-07-21,2026-08-11,2026-08-10,2026-07-20,2026-08-21,OBBiz2.0,,,,,,,,,,,,,
EPIC,SMEDS,TUNGDT-761877,Chỉnh *********************rding.,Cancelled,Cải tiến,,2026-07-21,,,2026-07-22,2026-07-29,,,,,,,,,,,,,,
EPIC,SMEDS,TUNGDT-471387,CHUYỂN V*********************ÀNH THẺ ,Released,Cải tiến,,2026-07-23,2026-08-05,2026-08-04,2026-07-22,2026-08-06,Daily2.0,,,,,,,,,,,,,
EPIC,SMEDS,TUNGDT-783997,Sửa đ*********************n CDs,Released,Cải tiến,,2026-07-27,2026-08-07,2026-08-04,2026-07-23,2026-08-10,Daily2.0,,,,,,,,,,,,,
EPIC,SMEDS,TUNGDT-603324,EPIC_S*********************ền gửi,Released,Cải tiến,,2026-07-31,2026-08-12,2026-08-11,2026-07-28,2026-08-14,Daily2.0,,,,,,,,,,,,,
EPIC,SMEDS,TUNGDT-981455,360********************* 2),Released,Tính năng mới,,2026-07-30,2026-08-19,2026-08-18,2026-07-29,2026-08-20,"Daily2.0, OBBiz2.0",,,,,,,,,,,,,
EPIC,SMEDS,TUNGDT-660558,Đăng*********************Web),Released,Tính năng mới,,2026-08-05,2026-08-21,2026-08-19,2026-07-30,2026-08-24,Daily2.0,,,,,,,,,,,,,
EPIC,SMEDS,TUNGDT-849669,BIZ FE: ********************* tới STK,Released,Cải tiến,,2026-08-03,2026-08-31,2026-08-20,2026-08-03,2026-08-22,Daily2.0,,,,,,,,,,,,,
EPIC,SMEDS,TUNGDT-286782,Tích *********************y bay,In Progress,Cải tiến,,,,,2026-08-06,2026-08-11,,TUNGDT-275609,,,,,,,,,,,,
STORY,SMEDS,TUNGDT-286782,Tích *********************y bay,In Progress,Cải tiến,,,,,2026-08-06,2026-08-11,,,TUNGDT-275609,Story,Tích *********************y bay,IN DEV,Daily2.0,,,,,,,
EPIC,SMEDS,TUNGDT-126277,BỔ SU********************* KHDN,In Progress,Cải tiến,,2026-08-18,2026-08-27,,2026-08-06,2026-08-20,Daily2.0,"SM-370694,LONGNX2-926816,TUNGDT-151177",,,,,,,,,,,,
SUBTASK,SMEDS,TUNGDT-126277,BỔ SU********************* KHDN,In Progress,Cải tiến,,2026-08-18,2026-08-27,,2026-08-06,2026-08-20,Daily2.0,,,,,,,,TUNGDT-553070,Elicitate,Là*********************PO,Done,2026-08-06,
STORY,MS,TUNGDT-126277,BỔ SU********************* KHDN,In Progress,Cải tiến,,2026-08-18,2026-08-27,,2026-08-06,2026-08-20,Daily2.0,,SM-370694,Story,[MS lo********************* ký số,DEVELOPING,,SM-558420,,,,,,
SUBTASK,MS,TUNGDT-126277,BỔ SU********************* KHDN,In Progress,Cải tiến,,2026-08-18,2026-08-27,,2026-08-06,2026-08-20,Daily2.0,,SM-370694,Story,[MS lo********************* ký số,DEVELOPING,,,SM-558420,BA,Ph*********************h ,Done,,
STORY,SBU,TUNGDT-126277,BỔ SU********************* KHDN,In Progress,Cải tiến,,2026-08-18,2026-08-27,,2026-08-06,2026-08-20,Daily2.0,,LONGNX2-926816,Story,[BPM] B*********************user ký,UAT DONE,Smart BPM Triển khai tín dụng,LONGNX2-180327,,,,,,
SUBTASK,SBU,TUNGDT-126277,BỔ SU********************* KHDN,In Progress,Cải tiến,,2026-08-18,2026-08-27,,2026-08-06,2026-08-20,Daily2.0,,LONGNX2-926816,Story,[BPM] B*********************user ký,UAT DONE,Smart BPM Triển khai tín dụng,,LONGNX2-180327,BA,Ph*********************h ,Done,,
STORY,SMEDS,TUNGDT-126277,BỔ SU********************* KHDN,In Progress,Cải tiến,,2026-08-18,2026-08-27,,2026-08-06,2026-08-20,Daily2.0,,TUNGDT-151177,Story,Bổ sun*********************id Biz,UAT DONE,Daily2.0,TUNGDT-259504,,,,,,
SUBTASK,SMEDS,TUNGDT-126277,BỔ SU********************* KHDN,In Progress,Cải tiến,,2026-08-18,2026-08-27,,2026-08-06,2026-08-20,Daily2.0,,TUNGDT-151177,Story,Bổ sun*********************id Biz,UAT DONE,Daily2.0,,TUNGDT-259504,BA,Ph*********************ệu,Done,,
EPIC,SMEDS,TUNGDT-213922,Cải ti********************* khoản,Released,Cải tiến,,2026-08-12,2026-08-13,2026-08-13,2026-08-07,2026-08-14,OBBiz2.0,,,,,,,,,,,,,
EPIC,SMEDS,TUNGDT-396596,Bổ sung t*********************T Vinatti,To Do,Cải tiến,,,,,2026-08-12,2026-08-12,Daily2.0,TUNGDT-423045,,,,,,,,,,,,
STORY,SMEDS,TUNGDT-396596,Bổ sung t*********************T Vinatti,To Do,Cải tiến,,,,,2026-08-12,2026-08-12,Daily2.0,,TUNGDT-423045,Story,Bổ sung t*********************T Vinatti,IN DEV,Daily2.0,,,,,,,
EPIC,SMEDS,TUNGDT-291355,360 *********************ụng),Cancelled,Sản phẩm,,2026-08-17,,,2026-08-13,2026-08-28,"Daily2.0, OBBiz2.0",,,,,,,,,,,,,
EPIC,SMEDS,TUNGDT-651092,360 D*********************hính),Released,Sản phẩm,,2026-08-17,2026-08-26,2026-08-26,2026-08-13,2026-08-28,"Daily2.0, OBBiz2.0",,,,,,,,,,,,,
EPIC,SMEDS,TUNGDT-222009,Đẩy hồ s*********************ái hồ sơ,Design,Cải tiến,,2026-08-27,,,2026-08-17,2026-08-28,OBBiz2.0,"TUNGDT-100002,TUNGDT-653379,TUNGDT-325932",,,,,,,,,,,,
STORY,SMEDS,TUNGDT-222009,Đẩy hồ s*********************ái hồ sơ,Design,Cải tiến,,2026-08-27,,,2026-08-17,2026-08-28,OBBiz2.0,,TUNGDT-100002,Story,US1: C*********************Portal,Analyzing,OBBiz2.0,TUNGDT-859700,,,,,,
SUBTASK,SMEDS,TUNGDT-222009,Đẩy hồ s*********************ái hồ sơ,Design,Cải tiến,,2026-08-27,,,2026-08-17,2026-08-28,OBBiz2.0,,TUNGDT-100002,Story,US1: C*********************Portal,Analyzing,OBBiz2.0,,TUNGDT-859700,BA,BA - Ph********************* Portal,In Progress,,
STORY,SMEDS,TUNGDT-222009,Đẩy hồ s*********************ái hồ sơ,Design,Cải tiến,,2026-08-27,,,2026-08-17,2026-08-28,OBBiz2.0,,TUNGDT-653379,Story,US2: C*********************Portal,Analyzing,OBBiz2.0,TUNGDT-612151,,,,,,
SUBTASK,SMEDS,TUNGDT-222009,Đẩy hồ s*********************ái hồ sơ,Design,Cải tiến,,2026-08-27,,,2026-08-17,2026-08-28,OBBiz2.0,,TUNGDT-653379,Story,US2: C*********************Portal,Analyzing,OBBiz2.0,,TUNGDT-612151,BA,BA - Phâ*********************M Portal,In Progress,,
STORY,SMEDS,TUNGDT-222009,Đẩy hồ s*********************ái hồ sơ,Design,Cải tiến,,2026-08-27,,,2026-08-17,2026-08-28,OBBiz2.0,,TUNGDT-325932,Story,US3: Bổ *********************hậu kiểm,Analyzing,OBBiz2.0,TUNGDT-334841,,,,,,
SUBTASK,SMEDS,TUNGDT-222009,Đẩy hồ s*********************ái hồ sơ,Design,Cải tiến,,2026-08-27,,,2026-08-17,2026-08-28,OBBiz2.0,,TUNGDT-325932,Story,US3: Bổ *********************hậu kiểm,Analyzing,OBBiz2.0,,TUNGDT-334841,BA,Ph*********************ầu,Done,,
EPIC,SMEDS,TUNGDT-200381,Cải t*********************/NHNN,In Progress,Cải tiến,2026-08-19,,,,2026-08-19,2026-08-28,Daily2.0,"TUNGDT-922563,TUNGDT-357346,TUNGDT-583605,TUNGDT-841710,TUNGDT-315085",,,,,,,,,,,,
STORY,SMEDS,TUNGDT-200381,Cải t*********************/NHNN,In Progress,Cải tiến,2026-08-19,,,,2026-08-19,2026-08-28,Daily2.0,,TUNGDT-922563,Story,[US0*********************DOTP,Analyzing,Daily2.0,TUNGDT-731554,,,,,,
SUBTASK,SMEDS,TUNGDT-200381,Cải t*********************/NHNN,In Progress,Cải tiến,2026-08-19,,,,2026-08-19,2026-08-28,Daily2.0,,TUNGDT-922563,Story,[US0*********************DOTP,Analyzing,Daily2.0,,TUNGDT-731554,BA,Vi*********************tả,In Progress,2026-08-19,2026-08-20
STORY,SMEDS,TUNGDT-200381,Cải t*********************/NHNN,In Progress,Cải tiến,2026-08-19,,,,2026-08-19,2026-08-28,Daily2.0,,TUNGDT-357346,Story,[US*********************hạn,Analyzing,Daily2.0,TUNGDT-622936,,,,,,
SUBTASK,SMEDS,TUNGDT-200381,Cải t*********************/NHNN,In Progress,Cải tiến,2026-08-19,,,,2026-08-19,2026-08-28,Daily2.0,,TUNGDT-357346,Story,[US*********************hạn,Analyzing,Daily2.0,,TUNGDT-622936,BA,Vi*********************tả,In Progress,2026-08-19,2026-08-20
STORY,SMEDS,TUNGDT-200381,Cải t*********************/NHNN,In Progress,Cải tiến,2026-08-19,,,,2026-08-19,2026-08-28,Daily2.0,,TUNGDT-583605,Story,[US0********************* lần,Analyzing,Daily2.0,TUNGDT-238027,,,,,,
SUBTASK,SMEDS,TUNGDT-200381,Cải t*********************/NHNN,In Progress,Cải tiến,2026-08-19,,,,2026-08-19,2026-08-28,Daily2.0,,TUNGDT-583605,Story,[US0********************* lần,Analyzing,Daily2.0,,TUNGDT-238027,BA,Ph*********************tả,To Do,2026-08-19,2026-08-20
STORY,SMEDS,TUNGDT-200381,Cải t*********************/NHNN,In Progress,Cải tiến,2026-08-19,,,,2026-08-19,2026-08-28,Daily2.0,,TUNGDT-841710,Story,[US0*********************dụng,Analyzing,Daily2.0,TUNGDT-327380,,,,,,
SUBTASK,SMEDS,TUNGDT-200381,Cải t*********************/NHNN,In Progress,Cải tiến,2026-08-19,,,,2026-08-19,2026-08-28,Daily2.0,,TUNGDT-841710,Story,[US0*********************dụng,Analyzing,Daily2.0,,TUNGDT-327380,BA,Ph*********************tả,To Do,2026-08-19,2026-08-20
STORY,SMEDS,TUNGDT-200381,Cải t*********************/NHNN,In Progress,Cải tiến,2026-08-19,,,,2026-08-19,2026-08-28,Daily2.0,,TUNGDT-315085,Story,[US0********************* PIN,Analyzing,Daily2.0,TUNGDT-107258,,,,,,
SUBTASK,SMEDS,TUNGDT-200381,Cải t*********************/NHNN,In Progress,Cải tiến,2026-08-19,,,,2026-08-19,2026-08-28,Daily2.0,,TUNGDT-315085,Story,[US0********************* PIN,Analyzing,Daily2.0,,TUNGDT-107258,BA,Ph*********************tả,In Progress,2026-08-19,2026-08-20
EPIC,SMEDS,TUNGDT-550470,360 *********************ụng),IN PO,Sản phẩm,,2026-08-28,,,2026-08-27,2026-08-28,"Daily2.0, OBBiz2.0",TUNGDT-725355,,,,,,,,,,,,
STORY,SMEDS,TUNGDT-550470,360 *********************ụng),IN PO,Sản phẩm,,2026-08-28,,,2026-08-27,2026-08-28,"Daily2.0, OBBiz2.0",,TUNGDT-725355,Story,Triể*********************ụng ,IN DEV,"Daily2.0, OBBiz2.0",TUNGDT-935231,,,,,,
SUBTASK,SMEDS,TUNGDT-550470,360 *********************ụng),IN PO,Sản phẩm,,2026-08-28,,,2026-08-27,2026-08-28,"Daily2.0, OBBiz2.0",,TUNGDT-725355,Story,Triể*********************ụng ,IN DEV,"Daily2.0, OBBiz2.0",,TUNGDT-935231,BA,Ph*********************ầu,Done,,
EPIC,WM,HUONG-857919,Sàn *********************ferD,Cancelled,Phát triển mới,,,,,2026-02-02,2026-03-30,,,,,,,,,,,,,,
EPIC,WM,HUONG-992828,[Dig*********************arat,Released,Cải tiến,2026-03-27,2026-03-27,,2026-06-03,2026-03-25,2026-08-05,WM - Team 1 ,,,,,,,,,,,,,
EPIC,WM,HUONG-394007,Tíc*********************MBV,Cancelled,Tính năng mới,,,,,2026-04-21,2026-04-21,WM - Team 1 ,,,,,,,,,,,,,
EPIC,WM,HUONG-543914,Tíc*********************MBV,Cancelled,Tính năng mới,,,,,2026-04-21,2026-04-21,WM - Team 1 ,,,,,,,,,,,,,
EPIC,WM,HUONG-782026,Tíc*********************MBV,Cancelled,Tính năng mới,,,,,2026-04-21,2026-04-21,WM - Team 1 ,,,,,,,,,,,,,
EPIC,WM,HUONG-141844,Tíc*********************MBV,Cancelled,Tính năng mới,,,,,2026-04-21,2026-04-21,WM - Team 1 ,,,,,,,,,,,,,
EPIC,WM,HUONG-545276,WM- t*********************pp MB,Cancelled,Cải tiến,,,,,2026-04-22,2026-06-28,,,,,,,,,,,,,,
EPIC,WM,HUONG-208775,Sàn *********************iới),Cancelled,Sản phẩm/dịch vụ/quy trình mới,2026-05-25,,,,2026-05-25,2026-08-12,,,,,,,,,,,,,,
EPIC,WM,HUONG-742154,PENT********************* Hải,In Progress,Tính năng mới,2026-06-04,,,,2026-06-04,2026-07-06,WM - Team 1 ,,,,,,,,,,,,,
SUBTASK,WM,HUONG-742154,PENT********************* Hải,In Progress,Tính năng mới,2026-06-04,,,,2026-06-04,2026-07-06,WM - Team 1 ,,,,,,,,HUONG-369328,Elicitate,BA - E*********************nh Hải,To Do,,
EPIC,WM,HUONG-275253,Bổ*********************nh,Released,Cải tiến,2026-06-17,,,2026-06-26,2026-06-17,2026-08-05,,,,,,,,,,,,,,
EPIC,WM,HUONG-960625,Giao********************* GĐ1,R4GOLIVE,Sản phẩm/dịch vụ/quy trình mới,,2026-07-06,,2026-08-25,2026-06-22,2026-08-28,WM - Team 1 ,"HUONG-932986,HUONG-560276,HUONG-143386,HUONG-598827,HUONG-444375,HUONG-753239,HUONG-244071,HUONG-613001,HUONG-973388,HUONG-162358",,,,,,,,,,,,
SUBTASK,WM,HUONG-960625,Giao********************* GĐ1,R4GOLIVE,Sản phẩm/dịch vụ/quy trình mới,,2026-07-06,,2026-08-25,2026-06-22,2026-08-28,WM - Team 1 ,,,,,,,,HUONG-208281,Elicitate,BA -********************* kho,To Do,,
STORY,WM,HUONG-960625,Giao********************* GĐ1,R4GOLIVE,Sản phẩm/dịch vụ/quy trình mới,,2026-07-06,,2026-08-25,2026-06-22,2026-08-28,WM - Team 1 ,,HUONG-932986,Story,Đồng********************* kho,UAT DONE,WM - Team 1 ,HUONG-412659,,,,,,
SUBTASK,WM,HUONG-960625,Giao********************* GĐ1,R4GOLIVE,Sản phẩm/dịch vụ/quy trình mới,,2026-07-06,,2026-08-25,2026-06-22,2026-08-28,WM - Team 1 ,,HUONG-932986,Story,Đồng********************* kho,UAT DONE,WM - Team 1 ,,HUONG-412659,BA,BA - *********************a kho,Done,,
STORY,WM,HUONG-960625,Giao********************* GĐ1,R4GOLIVE,Sản phẩm/dịch vụ/quy trình mới,,2026-07-06,,2026-08-25,2026-06-22,2026-08-28,WM - Team 1 ,,HUONG-560276,Story,Luồ*********************kho,UAT DONE,WM - Team 1 ,HUONG-684781,,,,,,
SUBTASK,WM,HUONG-960625,Giao********************* GĐ1,R4GOLIVE,Sản phẩm/dịch vụ/quy trình mới,,2026-07-06,,2026-08-25,2026-06-22,2026-08-28,WM - Team 1 ,,HUONG-560276,Story,Luồ*********************kho,UAT DONE,WM - Team 1 ,,HUONG-684781,BA,BA -********************* kho,Done,,
STORY,WM,HUONG-960625,Giao********************* GĐ1,R4GOLIVE,Sản phẩm/dịch vụ/quy trình mới,,2026-07-06,,2026-08-25,2026-06-22,2026-08-28,WM - Team 1 ,,HUONG-143386,Story,Luồ*********************kho,UAT DONE,WM - Team 1 ,HUONG-684511,,,,,,
SUBTASK,WM,HUONG-960625,Giao********************* GĐ1,R4GOLIVE,Sản phẩm/dịch vụ/quy trình mới,,2026-07-06,,2026-08-25,2026-06-22,2026-08-28,WM - Team 1 ,,HUONG-143386,Story,Luồ*********************kho,UAT DONE,WM - Team 1 ,,HUONG-684511,BA,BA -********************* kho,Done,,
STORY,WM,HUONG-960625,Giao********************* GĐ1,R4GOLIVE,Sản phẩm/dịch vụ/quy trình mới,,2026-07-06,,2026-08-25,2026-06-22,2026-08-28,WM - Team 1 ,,HUONG-598827,Story,Đồn*********************PRL,UAT DONE,WM - Team 1 ,HUONG-929985,,,,,,
SUBTASK,WM,HUONG-960625,Giao********************* GĐ1,R4GOLIVE,Sản phẩm/dịch vụ/quy trình mới,,2026-07-06,,2026-08-25,2026-06-22,2026-08-28,WM - Team 1 ,,HUONG-598827,Story,Đồn*********************PRL,UAT DONE,WM - Team 1 ,,HUONG-929985,BA,BA - ********************* TPRL,Done,,
STORY,WM,HUONG-960625,Giao********************* GĐ1,R4GOLIVE,Sản phẩm/dịch vụ/quy trình mới,,2026-07-06,,2026-08-25,2026-06-22,2026-08-28,WM - Team 1 ,,HUONG-444375,Story,APP *********************hiếu,UAT DONE,WM - Team 1 ,HUONG-999818,,,,,,
SUBTASK,WM,HUONG-960625,Giao********************* GĐ1,R4GOLIVE,Sản phẩm/dịch vụ/quy trình mới,,2026-07-06,,2026-08-25,2026-06-22,2026-08-28,WM - Team 1 ,,HUONG-444375,Story,APP *********************hiếu,UAT DONE,WM - Team 1 ,,HUONG-999818,BA,BA - P********************* phiếu,Done,,
STORY,WM,HUONG-960625,Giao********************* GĐ1,R4GOLIVE,Sản phẩm/dịch vụ/quy trình mới,,2026-07-06,,2026-08-25,2026-06-22,2026-08-28,WM - Team 1 ,,HUONG-753239,Story,Đồng*********************P MB,UAT DONE,WM - Team 1 ,HUONG-466625,,,,,,
SUBTASK,WM,HUONG-960625,Giao********************* GĐ1,R4GOLIVE,Sản phẩm/dịch vụ/quy trình mới,,2026-07-06,,2026-08-25,2026-06-22,2026-08-28,WM - Team 1 ,,HUONG-753239,Story,Đồng*********************P MB,UAT DONE,WM - Team 1 ,,HUONG-466625,BA,BA - P********************* TP MB,Done,,
STORY,WM,HUONG-960625,Giao********************* GĐ1,R4GOLIVE,Sản phẩm/dịch vụ/quy trình mới,,2026-07-06,,2026-08-25,2026-06-22,2026-08-28,WM - Team 1 ,,HUONG-244071,Story,Đồng *********************TPRL),UAT DONE,WM - Team 1 ,HUONG-855717,,,,,,
SUBTASK,WM,HUONG-960625,Giao********************* GĐ1,R4GOLIVE,Sản phẩm/dịch vụ/quy trình mới,,2026-07-06,,2026-08-25,2026-06-22,2026-08-28,WM - Team 1 ,,HUONG-244071,Story,Đồng *********************TPRL),UAT DONE,WM - Team 1 ,,HUONG-855717,BA,BA - Ph*********************+ TPRL),Done,,
STORY,WM,HUONG-960625,Giao********************* GĐ1,R4GOLIVE,Sản phẩm/dịch vụ/quy trình mới,,2026-07-06,,2026-08-25,2026-06-22,2026-08-28,WM - Team 1 ,,HUONG-613001,Story,Luồn*********************hiệm,UAT DONE,WM - Team 1 ,HUONG-948177,,,,,,
SUBTASK,WM,HUONG-960625,Giao********************* GĐ1,R4GOLIVE,Sản phẩm/dịch vụ/quy trình mới,,2026-07-06,,2026-08-25,2026-06-22,2026-08-28,WM - Team 1 ,,HUONG-613001,Story,Luồn*********************hiệm,UAT DONE,WM - Team 1 ,,HUONG-948177,BA,BA - Ph*********************mua/bán,Done,,
STORY,WM,HUONG-960625,Giao********************* GĐ1,R4GOLIVE,Sản phẩm/dịch vụ/quy trình mới,,2026-07-06,,2026-08-25,2026-06-22,2026-08-28,WM - Team 1 ,,HUONG-973388,Story,Luồ*********************iệm,UAT DONE,WM - Team 1 ,HUONG-171777,,,,,,
SUBTASK,WM,HUONG-960625,Giao********************* GĐ1,R4GOLIVE,Sản phẩm/dịch vụ/quy trình mới,,2026-07-06,,2026-08-25,2026-06-22,2026-08-28,WM - Team 1 ,,HUONG-973388,Story,Luồ*********************iệm,UAT DONE,WM - Team 1 ,,HUONG-171777,BA,BA - Ph*********************ước hạn,Done,,
STORY,WM,HUONG-960625,Giao********************* GĐ1,R4GOLIVE,Sản phẩm/dịch vụ/quy trình mới,,2026-07-06,,2026-08-25,2026-06-22,2026-08-28,WM - Team 1 ,,HUONG-162358,Story,Đồng********************* hạn,UAT DONE,WM - Team 1 ,,,,,,,
EPIC,WM,HUONG-548030,Cải*********************NTT,In Progress,Cải tiến,,,,,2026-06-24,2026-08-25,WM - Team 1 ,,,,,,,,,,,,,
SUBTASK,WM,HUONG-548030,Cải*********************NTT,In Progress,Cải tiến,,,,,2026-06-24,2026-08-25,WM - Team 1 ,,,,,,,,HUONG-878704,Elicitate,BA - ********************* CNTT,To Do,,
EPIC,WM,HUONG-522157,Gia*********************Hải,Released,Tính năng mới,2026-07-20,2026-07-20,,2026-08-20,2026-07-20,2026-08-24,WM - Team 1 ,,,,,,,,,,,,,
EPIC,WM,HUONG-243964,[Beeri*********************hase 1,To Do,Sản phẩm/dịch vụ/quy trình mới,,,,,2026-07-22,2026-07-31,,,,,,,,,,,,,,
SUBTASK,WM,HUONG-243964,[Beeri*********************hase 1,To Do,Sản phẩm/dịch vụ/quy trình mới,,,,,2026-07-22,2026-07-31,,,,,,,,,HUONG-898139,Elicitate,BA - Eli********************* Phase 1,To Do,,
EPIC,WM,HUONG-215369,Phát*********************rich,In Progress,Hệ thống mới,,2026-07-29,,,2026-07-24,2026-08-27,,"HUONG-407435,HUONG-752780,HUONG-335946,HUONG-660070,HUONG-453133,HUONG-701869,HUONG-369394,HUONG-956029,HUONG-808108,HUONG-279692,HUONG-709021,HUONG-581851,HUONG-501910,HUONG-607181,HUONG-708972,HUONG-708612",,,,,,,,,,,,
SUBTASK,WM,HUONG-215369,Phát*********************rich,In Progress,Hệ thống mới,,2026-07-29,,,2026-07-24,2026-08-27,,,,,,,,,HUONG-100283,Elicitate,BA - *********************erich,To Do,,
STORY,WM,HUONG-215369,Phát*********************rich,In Progress,Hệ thống mới,,2026-07-29,,,2026-07-24,2026-08-27,,,HUONG-407435,Story,[DG Lit*********************g nhập),SIT DONE,WM - Team 2,HUONG-632130,,,,,,
SUBTASK,WM,HUONG-215369,Phát*********************rich,In Progress,Hệ thống mới,,2026-07-29,,,2026-07-24,2026-08-27,,,HUONG-407435,Story,[DG Lit*********************g nhập),SIT DONE,WM - Team 2,,HUONG-632130,BA,BA - Phâ*********************ng nhập),Done,,
STORY,WM,HUONG-215369,Phát*********************rich,In Progress,Hệ thống mới,,2026-07-29,,,2026-07-24,2026-08-27,,,HUONG-752780,Story,[DG *********************Digi,IN SIT,WM - Team 2,HUONG-795683,,,,,,
SUBTASK,WM,HUONG-215369,Phát*********************rich,In Progress,Hệ thống mới,,2026-07-29,,,2026-07-24,2026-08-27,,,HUONG-752780,Story,[DG *********************Digi,IN SIT,WM - Team 2,,HUONG-795683,BA,BA - P*********************n Digi,Done,,
STORY,WM,HUONG-215369,Phát*********************rich,In Progress,Hệ thống mới,,2026-07-29,,,2026-07-24,2026-08-27,,,HUONG-335946,Story,[DG L********************* nhân,SIT DONE,WM - Team 2,HUONG-458923,,,,,,
SUBTASK,WM,HUONG-215369,Phát*********************rich,In Progress,Hệ thống mới,,2026-07-29,,,2026-07-24,2026-08-27,,,HUONG-335946,Story,[DG L********************* nhân,SIT DONE,WM - Team 2,,HUONG-458923,BA,BA - P*********************á nhân,Done,,
STORY,WM,HUONG-215369,Phát*********************rich,In Progress,Hệ thống mới,,2026-07-29,,,2026-07-24,2026-08-27,,,HUONG-660070,Story,[DG Li*********************n tiền,SIT DONE,WM - Team 2,HUONG-904583,,,,,,
SUBTASK,WM,HUONG-215369,Phát*********************rich,In Progress,Hệ thống mới,,2026-07-29,,,2026-07-24,2026-08-27,,,HUONG-660070,Story,[DG Li*********************n tiền,SIT DONE,WM - Team 2,,HUONG-904583,BA,BA - Phâ*********************yển tiền,Done,,
STORY,WM,HUONG-215369,Phát*********************rich,In Progress,Hệ thống mới,,2026-07-29,,,2026-07-24,2026-08-27,,,HUONG-453133,Story,[DG Lit*********************ển tiền,UAT DONE,WM - Team 2,HUONG-446037,,,,,,
SUBTASK,WM,HUONG-215369,Phát*********************rich,In Progress,Hệ thống mới,,2026-07-29,,,2026-07-24,2026-08-27,,,HUONG-453133,Story,[DG Lit*********************ển tiền,UAT DONE,WM - Team 2,,HUONG-446037,BA,BA - Phân*********************uyển tiền,Done,,
STORY,WM,HUONG-215369,Phát*********************rich,In Progress,Hệ thống mới,,2026-07-29,,,2026-07-24,2026-08-27,,,HUONG-701869,Story,Màn *********************uan),IN SIT,WM - Team 2,HUONG-853553,,,,,,
SUBTASK,WM,HUONG-215369,Phát*********************rich,In Progress,Hệ thống mới,,2026-07-29,,,2026-07-24,2026-08-27,,,HUONG-701869,Story,Màn *********************uan),IN SIT,WM - Team 2,,HUONG-853553,BA,BA - P********************* quan),Done,,
STORY,WM,HUONG-215369,Phát*********************rich,In Progress,Hệ thống mới,,2026-07-29,,,2026-07-24,2026-08-27,,,HUONG-369394,Story,Mà*********************ng,SIT DONE,WM - Team 2,HUONG-800019,,,,,,
SUBTASK,WM,HUONG-215369,Phát*********************rich,In Progress,Hệ thống mới,,2026-07-29,,,2026-07-24,2026-08-27,,,HUONG-369394,Story,Mà*********************ng,SIT DONE,WM - Team 2,,HUONG-800019,BA,BA -*********************dùng,Done,,
STORY,WM,HUONG-215369,Phát*********************rich,In Progress,Hệ thống mới,,2026-07-29,,,2026-07-24,2026-08-27,,,HUONG-956029,Story,Màn********************* tư,SIT DONE,WM - Team 2,HUONG-328059,,,,,,
SUBTASK,WM,HUONG-215369,Phát*********************rich,In Progress,Hệ thống mới,,2026-07-29,,,2026-07-24,2026-08-27,,,HUONG-956029,Story,Màn********************* tư,SIT DONE,WM - Team 2,,HUONG-328059,BA,BA -*********************u tư,Done,,
STORY,WM,HUONG-215369,Phát*********************rich,In Progress,Hệ thống mới,,2026-07-29,,,2026-07-24,2026-08-27,,,HUONG-808108,Story,Check *********************eerich,To Do,WM - Team 2,,,,,,,
STORY,WM,HUONG-215369,Phát*********************rich,In Progress,Hệ thống mới,,2026-07-29,,,2026-07-24,2026-08-27,,,HUONG-279692,Story,Màn*********************hận,IN DEV,WM - Team 2,HUONG-956193,,,,,,
SUBTASK,WM,HUONG-215369,Phát*********************rich,In Progress,Hệ thống mới,,2026-07-29,,,2026-07-24,2026-08-27,,,HUONG-279692,Story,Màn*********************hận,IN DEV,WM - Team 2,,HUONG-956193,BA,BA -*********************nhận,Done,,
STORY,WM,HUONG-215369,Phát*********************rich,In Progress,Hệ thống mới,,2026-07-29,,,2026-07-24,2026-08-27,,,HUONG-709021,Story,[Mua ********************* động,IN SIT,"WM - Team 1 , WM - Team 2",HUONG-262112,,,,,,
SUBTASK,WM,HUONG-215369,Phát*********************rich,In Progress,Hệ thống mới,,2026-07-29,,,2026-07-24,2026-08-27,,,HUONG-709021,Story,[Mua ********************* động,IN SIT,"WM - Team 1 , WM - Team 2",,HUONG-262112,BA,BA - P*********************ự động,Done,,
STORY,WM,HUONG-215369,Phát*********************rich,In Progress,Hệ thống mới,,2026-07-29,,,2026-07-24,2026-08-27,,,HUONG-581851,Story,[Mua t*********************ự động,IN DEV,"WM - Team 1 , WM - Team 2",HUONG-913313,,,,,,
SUBTASK,WM,HUONG-215369,Phát*********************rich,In Progress,Hệ thống mới,,2026-07-29,,,2026-07-24,2026-08-27,,,HUONG-581851,Story,[Mua t*********************ự động,IN DEV,"WM - Team 1 , WM - Team 2",,HUONG-913313,BA,BA - Ph*********************tự động,Done,,
STORY,WM,HUONG-215369,Phát*********************rich,In Progress,Hệ thống mới,,2026-07-29,,,2026-07-24,2026-08-27,,,HUONG-501910,Story,[Mua tự ********************* tự động,IN DEV,"WM - Team 1 , WM - Team 2",HUONG-643969,,,,,,
SUBTASK,WM,HUONG-215369,Phát*********************rich,In Progress,Hệ thống mới,,2026-07-29,,,2026-07-24,2026-08-27,,,HUONG-501910,Story,[Mua tự ********************* tự động,IN DEV,"WM - Team 1 , WM - Team 2",,HUONG-643969,BA,BA - Phân *********************ua tự động,Done,,
STORY,WM,HUONG-215369,Phát*********************rich,In Progress,Hệ thống mới,,2026-07-29,,,2026-07-24,2026-08-27,,,HUONG-607181,Story,[Mu********************* vụ,IN DEV,"WM - Team 1 , WM - Team 2",HUONG-787528,,,,,,
SUBTASK,WM,HUONG-215369,Phát*********************rich,In Progress,Hệ thống mới,,2026-07-29,,,2026-07-24,2026-08-27,,,HUONG-607181,Story,[Mu********************* vụ,IN DEV,"WM - Team 1 , WM - Team 2",,HUONG-787528,BA,BA - *********************ch vụ,Done,,
STORY,WM,HUONG-215369,Phát*********************rich,In Progress,Hệ thống mới,,2026-07-29,,,2026-07-24,2026-08-27,,,HUONG-708972,Story,[Mua********************* sản,IN DEV,"WM - Team 1 , WM - Team 2",HUONG-947879,,,,,,
SUBTASK,WM,HUONG-215369,Phát*********************rich,In Progress,Hệ thống mới,,2026-07-29,,,2026-07-24,2026-08-27,,,HUONG-708972,Story,[Mua********************* sản,IN DEV,"WM - Team 1 , WM - Team 2",,HUONG-947879,BA,BA - P*********************ài sản,Done,,
STORY,WM,HUONG-215369,Phát*********************rich,In Progress,Hệ thống mới,,2026-07-29,,,2026-07-24,2026-08-27,,,HUONG-708612,Story,[Mua*********************động,Ready For Dev,"WM - Team 1 , WM - Team 2",HUONG-608812,,,,,,
SUBTASK,WM,HUONG-215369,Phát*********************rich,In Progress,Hệ thống mới,,2026-07-29,,,2026-07-24,2026-08-27,,,HUONG-708612,Story,[Mua*********************động,Ready For Dev,"WM - Team 1 , WM - Team 2",,HUONG-608812,BA,BA - P*********************ự động,Done,,
EPIC,WM,HUONG-336420,Sàn gi********************* giới),In Progress,Sản phẩm,,2026-08-05,,,2026-07-27,2026-08-12,,"HUONG-482543,HUONG-393175",,,,,,,,,,,,
SUBTASK,WM,HUONG-336420,Sàn gi********************* giới),In Progress,Sản phẩm,,2026-08-05,,,2026-07-27,2026-08-12,,,,,,,,,HUONG-438275,Elicitate,BA - El*********************i giới),Done,,
STORY,WM,HUONG-336420,Sàn gi********************* giới),In Progress,Sản phẩm,,2026-08-05,,,2026-07-27,2026-08-12,,,HUONG-482543,Story,Luồng*********************Comes,IN SIT,WM - Team 2,HUONG-527934,,,,,,
SUBTASK,WM,HUONG-336420,Sàn gi********************* giới),In Progress,Sản phẩm,,2026-08-05,,,2026-07-27,2026-08-12,,,HUONG-482543,Story,Luồng*********************Comes,IN SIT,WM - Team 2,,HUONG-527934,BA,BA - P*********************DComes,Done,,
STORY,WM,HUONG-336420,Sàn gi********************* giới),In Progress,Sản phẩm,,2026-08-05,,,2026-07-27,2026-08-12,,,HUONG-393175,Story,Lu*********************es,IN DEV,WM - Team 2,HUONG-879952,,,,,,
SUBTASK,WM,HUONG-336420,Sàn gi********************* giới),In Progress,Sản phẩm,,2026-08-05,,,2026-07-27,2026-08-12,,,HUONG-393175,Story,Lu*********************es,IN DEV,WM - Team 2,,HUONG-879952,BA,BA -*********************omes,Done,,