hierarchy_level,project_key,epic_key,epic_name,epic_status,epic_request_type,epic_idea_approval_date,epic_start_date,epic_due_date,epic_r4g_date,epic_created,epic_updated,epic_Components,epic_stories,story_key,story_issue_type,story_summary,story_status,story_Components,story_subtasks,subtask_key,subtask_issue_type,subtask_summary,subtask_status,subtask_start_date,subtask_due_date
EPIC,API,API-159216,Cả*********************rt,Pending,Cải tiến,,2026-02-11,2026-03-04,2026-03-04,2026-02-10,2026-08-05,API - Line 3,"API-159352, API-159353, API-160672",,,,,,,,,,,,
STORY,API,API-159216,Cả*********************rt,Pending,Cải tiến,,2026-02-11,2026-03-04,2026-03-04,2026-02-10,2026-08-05,API - Line 3,,API-159352,Story,Custo*********************icket,Released,API - Line 3,,,,,,,
STORY,API,API-159216,Cả*********************rt,Pending,Cải tiến,,2026-02-11,2026-03-04,2026-03-04,2026-02-10,2026-08-05,API - Line 3,,API-159353,Story,Custom*********************u auto,Released,API - Line 3,,,,,,,
STORY,API,API-159216,Cả*********************rt,Pending,Cải tiến,,2026-02-11,2026-03-04,2026-03-04,2026-02-10,2026-08-05,API - Line 3,,API-160672,Story,Custo*********************tháng,Pending,API - Line 3,,,,,,,
EPIC,API,API-159450,TT*********************as,Pending,Cải tiến,2026-02-24,2026-02-24,2026-03-31,2026-07-03,2026-02-11,2026-08-05,API - Line 1,"API-159453, API-159454, API-159455, API-159456, API-159457, API-159458, API-159459, API-159460, API-168069, API-168071, API-168072, API-168073, API-168074, API-168076, API-168077, API-171031, PMP-61768",,,,,,,,,,,,
STORY,API,API-159450,TT*********************as,Pending,Cải tiến,2026-02-24,2026-02-24,2026-03-31,2026-07-03,2026-02-11,2026-08-05,API - Line 1,,API-159453,Story,QR Gl*********************nh QR,Ready For Golive,,,,,,,,
STORY,API,API-159450,TT*********************as,Pending,Cải tiến,2026-02-24,2026-02-24,2026-03-31,2026-07-03,2026-02-11,2026-08-05,API - Line 1,,API-159454,Story,QR G********************* PMP,Ready For Golive,,,,,,,,
STORY,API,API-159450,TT*********************as,Pending,Cải tiến,2026-02-24,2026-02-24,2026-03-31,2026-07-03,2026-02-11,2026-08-05,API - Line 1,,API-159455,Story,QR G*********************o có,Pending,,,,,,,,
STORY,API,API-159450,TT*********************as,Pending,Cải tiến,2026-02-24,2026-02-24,2026-03-31,2026-07-03,2026-02-11,2026-08-05,API - Line 1,,API-159456,Story,QR *********************inh,Ready For Golive,,,,,,,,
STORY,API,API-159450,TT*********************as,Pending,Cải tiến,2026-02-24,2026-02-24,2026-03-31,2026-07-03,2026-02-11,2026-08-05,API - Line 1,,API-159457,Story,QR Gl*********************thống,Pending,,,,,,,,
STORY,API,API-159450,TT*********************as,Pending,Cải tiến,2026-02-24,2026-02-24,2026-03-31,2026-07-03,2026-02-11,2026-08-05,API - Line 1,,API-159458,Story,QR G*********************h ID,Ready For Golive,,,,,,,,
STORY,API,API-159450,TT*********************as,Pending,Cải tiến,2026-02-24,2026-02-24,2026-03-31,2026-07-03,2026-02-11,2026-08-05,API - Line 1,,API-159459,Story,QR ********************* MB,Ready For Golive,,,,,,,,
STORY,API,API-159450,TT*********************as,Pending,Cải tiến,2026-02-24,2026-02-24,2026-03-31,2026-07-03,2026-02-11,2026-08-05,API - Line 1,,API-159460,Story,QR Gl*********************_ TCH,Ready For Golive,,,,,,,,
STORY,API,API-159450,TT*********************as,Pending,Cải tiến,2026-02-24,2026-02-24,2026-03-31,2026-07-03,2026-02-11,2026-08-05,API - Line 1,,API-168069,Story,QR GLO*********************rchant,Cancelled,API - Line 1,,,,,,,
STORY,API,API-159450,TT*********************as,Pending,Cải tiến,2026-02-24,2026-02-24,2026-03-31,2026-07-03,2026-02-11,2026-08-05,API - Line 1,,API-168071,Story,QR G*********************sinh,Cancelled,API - Line 1,,,,,,,
STORY,API,API-159450,TT*********************as,Pending,Cải tiến,2026-02-24,2026-02-24,2026-03-31,2026-07-03,2026-02-11,2026-08-05,API - Line 1,,API-168072,Story,QR GL*********************chant,Cancelled,API - Line 1,,,,,,,
STORY,API,API-159450,TT*********************as,Pending,Cải tiến,2026-02-24,2026-02-24,2026-03-31,2026-07-03,2026-02-11,2026-08-05,API - Line 1,,API-168073,Story,QR GLOB*********************erchant,Cancelled,API - Line 1,,,,,,,
STORY,API,API-159450,TT*********************as,Pending,Cải tiến,2026-02-24,2026-02-24,2026-03-31,2026-07-03,2026-02-11,2026-08-05,API - Line 1,,API-168074,Story,QR GLOBAL*********************/Terminal,Cancelled,API - Line 1,,,,,,,
STORY,API,API-159450,TT*********************as,Pending,Cải tiến,2026-02-24,2026-02-24,2026-03-31,2026-07-03,2026-02-11,2026-08-05,API - Line 1,,API-168076,Story,QR G*********************info,Cancelled,API - Line 1,,,,,,,
STORY,API,API-159450,TT*********************as,Pending,Cải tiến,2026-02-24,2026-02-24,2026-03-31,2026-07-03,2026-02-11,2026-08-05,API - Line 1,,API-168077,Story,API-1680*********************Terminal,Cancelled,API - Line 1,,,,,,,
STORY,API,API-159450,TT*********************as,Pending,Cải tiến,2026-02-24,2026-02-24,2026-03-31,2026-07-03,2026-02-11,2026-08-05,API - Line 1,,API-171031,Story,Cả*********************QR,IN UAT,,API-171032,,,,,,
SUBTASK,API,API-159450,TT*********************as,Pending,Cải tiến,2026-02-24,2026-02-24,2026-03-31,2026-07-03,2026-02-11,2026-08-05,API - Line 1,,API-171031,Story,Cả*********************QR,IN UAT,,,API-171032,BA,V*********************ả,Done,,
STORY,PMP,API-159450,TT*********************as,Pending,Cải tiến,2026-02-24,2026-02-24,2026-03-31,2026-07-03,2026-02-11,2026-08-05,API - Line 1,,PMP-61768,Story,[BILL*********************ều về,Released,,,,,,,,
EPIC,API,API-160728,[TÍNH *********************TK NET,To Do,Cải tiến,,2026-03-05,2026-03-31,,2026-03-05,2026-03-18,API - Line 2,,,,,,,,,,,,,
EPIC,API,API-161221,YC c*********************P MB,Cancelled,Cải tiến,,2026-03-02,2026-03-13,,2026-03-11,2026-05-14,API - Line 1,,,,,,,,,,,,,
EPIC,API,API-162666,[Onb*********************EDIT,Pending,Cải tiến,2026-03-16,2026-03-16,2026-04-01,,2026-03-13,2026-06-17,API - Line 1,"API-162667, API-163973",,,,,,,,,,,,
SUBTASK,API,API-162666,[Onb*********************EDIT,Pending,Cải tiến,2026-03-16,2026-03-16,2026-04-01,,2026-03-13,2026-06-17,API - Line 1,,,,,,,,API-164019,Elicitate,L*********************u,Done,2026-03-16,2026-03-20
STORY,API,API-162666,[Onb*********************EDIT,Pending,Cải tiến,2026-03-16,2026-03-16,2026-04-01,,2026-03-13,2026-06-17,API - Line 1,,API-162667,Story,[Onb********************* tác,Pending,API - Line 1,,,,,,,
STORY,API,API-162666,[Onb*********************EDIT,Pending,Cải tiến,2026-03-16,2026-03-16,2026-04-01,,2026-03-13,2026-06-17,API - Line 1,,API-163973,Story,Cải tiến*********************nh 2 cấp,Released,,,,,,,,
EPIC,API,API-163501,[Age*********************hant,Cancelled,Sản phẩm/dịch vụ/quy trình mới,,,,,2026-03-20,2026-07-01,API - Line 2,,,,,,,,,,,,,
EPIC,API,API-163505,[CD]*********************hiệp,To Do,Sản phẩm/dịch vụ/quy trình mới,,,,,2026-03-20,2026-03-20,API - Line 2,,,,,,,,,,,,,
SUBTASK,API,API-163505,[CD]*********************hiệp,To Do,Sản phẩm/dịch vụ/quy trình mới,,,,,2026-03-20,2026-03-20,API - Line 2,,,,,,,,API-163509,Elicitate,BA - *********************ghiệp,To Do,,
EPIC,API,API-163508,[Agen*********************Money,Pending,Sản phẩm/dịch vụ/quy trình mới,,,,,2026-03-20,2026-04-01,API - Line 2,,,,,,,,,,,,,
SUBTASK,API,API-163508,[Agen*********************Money,Pending,Sản phẩm/dịch vụ/quy trình mới,,,,,2026-03-20,2026-04-01,API - Line 2,,,,,,,,API-163511,Elicitate,BA - El*********************l Money,To Do,,
EPIC,API,API-163709,[THU H*********************thu lô,Cancelled,Cải tiến,,2026-03-23,2026-04-16,,2026-03-23,2026-05-04,,,,,,,,,,,,,,
EPIC,API,API-163728,MBs*********************ĐĐT,Released,Tính năng mới,,,,2026-07-09,2026-03-23,2026-08-27,API - Line 1,,,,,,,,,,,,,
EPIC,API,API-163838,Web********************* kỳ,IN PO,Tính năng mới,2025-12-31,,,,2026-03-24,2026-04-14,API - Line 1,API-163839,,,,,,,,,,,,
STORY,API,API-163838,Web********************* kỳ,IN PO,Tính năng mới,2025-12-31,,,,2026-03-24,2026-04-14,API - Line 1,,API-163839,Story,Webc********************* đky,SIT DONE,API - Line 1,,,,,,,
EPIC,API,API-166263,[CHI LÔ *********************IAO DỊCH,Cancelled,Cải tiến,,,2026-04-22,,2026-04-10,2026-04-24,API - Line 2,,,,,,,,,,,,,
EPIC,API,API-166616,[CARD][*********************GD Auth,Released,Cải tiến,2026-04-14,2026-04-21,2026-07-06,2026-06-23,2026-04-14,2026-08-05,API - Line 2,,,,,,,,,,,,,
EPIC,API,API-166617,[CAR********************* góp,Released,Tính năng mới,2026-04-14,2026-04-21,2026-07-06,2026-06-23,2026-04-14,2026-08-05,API - Line 2,,,,,,,,,,,,,
EPIC,API,API-166620,[Mở TKCK S********************* mở TK SSI,To Do,Cải tiến,,,,,2026-04-14,2026-04-14,API - Line 2,,,,,,,,,,,,,
EPIC,API,API-166868,THDD_*********************ớc TT,To Do,Cải tiến,,,,,2026-04-16,2026-04-16,API - Line 1,,,,,,,,,,,,,
EPIC,API,API-166875,ET*********************ất,To Do,Cải tiến,,2026-04-13,2026-05-29,,2026-04-16,2026-04-16,API - Line 1,,,,,,,,,,,,,
EPIC,API,API-166932,[Mở TK M********************* đối tác,To Do,Cải tiến,2026-04-16,,,,2026-04-16,2026-04-16,API - Line 2,,,,,,,,,,,,,
EPIC,API,API-167566,Xây ********************* HKD,Pending,Tính năng mới,,,,,2026-04-22,2026-06-15,API - Line 3,"API-168543, API-168649, API-168772",,,,,,,,,,,,
STORY,API,API-167566,Xây ********************* HKD,Pending,Tính năng mới,,,,,2026-04-22,2026-06-15,API - Line 3,,API-168543,Story,US_co*********************kafka,Pending,API - Line 3,,,,,,,
STORY,API,API-167566,Xây ********************* HKD,Pending,Tính năng mới,,,,,2026-04-22,2026-06-15,API - Line 3,,API-168649,Story,US*********************hí,Pending,API - Line 3,,,,,,,
STORY,API,API-167566,Xây ********************* HKD,Pending,Tính năng mới,,,,,2026-04-22,2026-06-15,API - Line 3,,API-168772,Story,US_L********************* MMS,Pending,API - Line 3,,,,,,,
EPIC,API,API-167850,CỔNG *********************I ĐỊA,Pending,Hệ thống mới,,2026-04-20,,,2026-04-27,2026-06-02,API - Line 1,,,,,,,,,,,,,
EPIC,API,API-167864,SMS Ba*********************iettel,Pending,Tính năng mới,,,,,2026-04-28,2026-08-26,API - Line 3,"API-168273, API-170543",,,,,,,,,,,,
SUBTASK,API,API-167864,SMS Ba*********************iettel,Pending,Tính năng mới,,,,,2026-04-28,2026-08-26,API - Line 3,,,,,,,,API-167866,BA,Là*********************vụ,Done,,
STORY,API,API-167864,SMS Ba*********************iettel,Pending,Tính năng mới,,,,,2026-04-28,2026-08-26,API - Line 3,,API-168273,Story,Kéo *********************ttel,Cancelled,API - Line 3,,,,,,,
STORY,API,API-167864,SMS Ba*********************iettel,Pending,Tính năng mới,,,,,2026-04-28,2026-08-26,API - Line 3,,API-170543,Story,ETL dữ*********************a VHST,IN UAT,API - Line 3,API-170544,,,,,,
SUBTASK,API,API-167864,SMS Ba*********************iettel,Pending,Tính năng mới,,,,,2026-04-28,2026-08-26,API - Line 3,,API-170543,Story,ETL dữ*********************a VHST,IN UAT,API - Line 3,,API-170544,BA,Phâ********************* vụ,Done,,
EPIC,API,API-168722,XÂY DỰN********************* SAO KÊ,Cancelled,Cải tiến,,,,,2026-05-07,2026-05-17,,,,,,,,,,,,,,
EPIC,API,API-168725,Cải t*********************/2026,IN PO,Cải tiến,,,,,2026-05-07,2026-06-29,API - Line 3,API-168727,,,,,,,,,,,,
STORY,API,API-168725,Cải t*********************/2026,IN PO,Cải tiến,,,,,2026-05-07,2026-06-29,API - Line 3,,API-168727,Story,Push BĐ*********************út tiền,READY FOR REFINE,API - Line 3,,,,,,,
EPIC,API,API-168789,[RÚT T*********************T TIỀN,To Do,Cải tiến,,2026-05-08,2026-06-03,,2026-05-08,2026-05-08,API - Line 2,,,,,,,,,,,,,
EPIC,API,API-168797,Mini*********************iApp,To Do,Cải tiến,,,,,2026-05-08,2026-05-08,API - Line 3,API-168798,,,,,,,,,,,,
STORY,API,API-168797,Mini*********************iApp,To Do,Cải tiến,,,,,2026-05-08,2026-05-08,API - Line 3,,API-168798,Story,MiniAp*********************5/2026,To Do,API - Line 3,,,,,,,
EPIC,API,API-169090,[Chi h*********************app MB,To Do,Cải tiến,,,,,2026-05-14,2026-05-14,API - Line 2,,,,,,,,,,,,,
EPIC,API,API-169596,[eWalle*********************ác MoMo,Released,Cải tiến,2026-05-20,2026-05-20,2026-07-08,2026-06-15,2026-05-20,2026-08-05,API - Line 2,,,,,,,,,,,,,
EPIC,API,API-169812,[Age*********************ã QR,In Progress,Tính năng mới,,,,,2026-05-21,2026-08-18,API - Line 2,"API-169826, YCPT-32041",,,,,,,,,,,,
STORY,API,API-169812,[Age*********************ã QR,In Progress,Tính năng mới,,,,,2026-05-21,2026-08-18,API - Line 2,,API-169826,Story,Báo cáo*********************Banking,READY FOR REFINE,API - Line 2,API-169827,,,,,,
SUBTASK,API,API-169812,[Age*********************ã QR,In Progress,Tính năng mới,,,,,2026-05-21,2026-08-18,API - Line 2,,API-169826,Story,Báo cáo*********************Banking,READY FOR REFINE,API - Line 2,,API-169827,BA,Báo cáo*********************Banking,Done,2026-05-22,2026-05-26
STORY,YCPT,API-169812,[Age*********************ã QR,In Progress,Tính năng mới,,,,,2026-05-21,2026-08-18,API - Line 2,,YCPT-32041,Story,[Age*********************ã QR,READY FOR REFINE,,,,,,,,
EPIC,API,API-170051,MBsell*********************H TOÁN,Released,Tính năng mới,2026-05-26,2026-05-26,,2026-08-20,2026-05-25,2026-08-25,API - Line 1,,,,,,,,,,,,,
EPIC,API,API-170226,OB POS********************* khoản,Released,Tính năng mới,2026-05-26,2026-05-27,,2026-06-26,2026-05-27,2026-08-05,API - Line 3,,,,,,,,,,,,,
EPIC,API,API-170236,[Vouc*********************paign,Released,Tính năng mới,2026-05-27,,2026-07-09,2026-07-02,2026-05-27,2026-08-05,API - Line 2,,,,,,,,,,,,,
EPIC,API,API-170476,MBsel*********************O HKD,In Progress,Tính năng mới,2026-06-03,,,,2026-05-30,2026-07-29,API - Line 1,"API-170797, API-170970, API-171808, API-175565",,,,,,,,,,,,
STORY,API,API-170476,MBsel*********************O HKD,In Progress,Tính năng mới,2026-06-03,,,,2026-05-30,2026-07-29,API - Line 1,,API-170797,Story,Xu*********************tử,Ready For Golive,API - Line 1,,,,,,,
STORY,API,API-170476,MBsel*********************O HKD,In Progress,Tính năng mới,2026-06-03,,,,2026-05-30,2026-07-29,API - Line 1,,API-170970,Story,Cộng thêm số tiề*********************rên MB-PG-REPORT,Ready For Golive,API - Line 1,,,,,,,
STORY,API,API-170476,MBsel*********************O HKD,In Progress,Tính năng mới,2026-06-03,,,,2026-05-30,2026-07-29,API - Line 1,,API-171808,Story,API *********************hant,Ready For Golive,API - Line 1,,,,,,,
STORY,API,API-170476,MBsel*********************O HKD,In Progress,Tính năng mới,2026-06-03,,,,2026-05-30,2026-07-29,API - Line 1,,API-175565,Story,H*********************e,To Do,API - Line 1,,,,,,,
EPIC,API,API-170577,CỔNG T*********************ISSUER,R4GOLIVE,Hệ thống mới,,2026-04-20,,2026-08-25,2026-06-02,2026-08-28,API - Line 1,"API-170937, API-170938, API-170940, API-170941, API-170942",,,,,,,,,,,,
STORY,API,API-170577,CỔNG T*********************ISSUER,R4GOLIVE,Hệ thống mới,,2026-04-20,,2026-08-25,2026-06-02,2026-08-28,API - Line 1,,API-170937,Story,Xây d*********************ịa MB,Ready For Test,,API-170943,,,,,,
SUBTASK,API,API-170577,CỔNG T*********************ISSUER,R4GOLIVE,Hệ thống mới,,2026-04-20,,2026-08-25,2026-06-02,2026-08-28,API - Line 1,,API-170937,Story,Xây d*********************ịa MB,Ready For Test,,,API-170943,BA,V*********************ả,Done,,
STORY,API,API-170577,CỔNG T*********************ISSUER,R4GOLIVE,Hệ thống mới,,2026-04-20,,2026-08-25,2026-06-02,2026-08-28,API - Line 1,,API-170938,Story,Xây dự********************* token,IN UAT,,API-170944,,,,,,
SUBTASK,API,API-170577,CỔNG T*********************ISSUER,R4GOLIVE,Hệ thống mới,,2026-04-20,,2026-08-25,2026-06-02,2026-08-28,API - Line 1,,API-170938,Story,Xây dự********************* token,IN UAT,,,API-170944,BA,V*********************ả,Done,,
STORY,API,API-170577,CỔNG T*********************ISSUER,R4GOLIVE,Hệ thống mới,,2026-04-20,,2026-08-25,2026-06-02,2026-08-28,API - Line 1,,API-170940,Story,Xây dự*********************địa MB,IN UAT,,API-170945,,,,,,
SUBTASK,API,API-170577,CỔNG T*********************ISSUER,R4GOLIVE,Hệ thống mới,,2026-04-20,,2026-08-25,2026-06-02,2026-08-28,API - Line 1,,API-170940,Story,Xây dự*********************địa MB,IN UAT,,,API-170945,BA,V*********************ả,Done,,
STORY,API,API-170577,CỔNG T*********************ISSUER,R4GOLIVE,Hệ thống mới,,2026-04-20,,2026-08-25,2026-06-02,2026-08-28,API - Line 1,,API-170941,Story,Xây dự*********************địa MB,IN UAT,,API-170946,,,,,,
SUBTASK,API,API-170577,CỔNG T*********************ISSUER,R4GOLIVE,Hệ thống mới,,2026-04-20,,2026-08-25,2026-06-02,2026-08-28,API - Line 1,,API-170941,Story,Xây dự*********************địa MB,IN UAT,,,API-170946,BA,V*********************ả,Done,,
STORY,API,API-170577,CỔNG T*********************ISSUER,R4GOLIVE,Hệ thống mới,,2026-04-20,,2026-08-25,2026-06-02,2026-08-28,API - Line 1,,API-170942,Story,Xây d*********************ịa MB,IN SIT,,API-170947,,,,,,
SUBTASK,API,API-170577,CỔNG T*********************ISSUER,R4GOLIVE,Hệ thống mới,,2026-04-20,,2026-08-25,2026-06-02,2026-08-28,API - Line 1,,API-170942,Story,Xây d*********************ịa MB,IN SIT,,,API-170947,BA,V*********************ả,Done,,
EPIC,API,API-170746,[Credi*********************uốc tế,Released,Tính năng mới,2026-06-03,2026-06-03,2026-06-18,2026-06-17,2026-06-03,2026-08-24,API - Line 2,,,,,,,,,,,,,
EPIC,API,API-170747,[TRANSA********************* Extend,Pending,Cải tiến,2026-06-03,,,,2026-06-03,2026-06-15,API - Line 2,,,,,,,,,,,,,
EPIC,API,API-170858,Push********************* 10K,Cancelled,Tính năng mới,2026-06-05,2026-06-08,2026-06-25,,2026-06-05,2026-06-23,API - Line 3,,,,,,,,,,,,,
EPIC,API,API-170948,[LK1C] *********************nh toán,Pending,Cải tiến,2026-06-08,,,,2026-06-08,2026-06-09,API - Line 2,,,,,,,,,,,,,
EPIC,API,API-171006,MBse*********************OANH,Released,Tính năng mới,2026-06-09,,,2026-07-30,2026-06-09,2026-08-27,API - Line 1,,,,,,,,,,,,,
EPIC,API,API-171020,Fi*********************t ,IN PO,Cải tiến,,,,,2026-06-09,2026-08-28,,API-171023,,,,,,,,,,,,
STORY,API,API-171020,Fi*********************t ,IN PO,Cải tiến,,,,,2026-06-09,2026-08-28,,,API-171023,Story,Fi*********************t ,Ready For Golive,,,,,,,,
EPIC,API,API-171099,[Agent b*********************h rút QR,Released,Tính năng mới,,2026-06-11,2026-07-22,2026-07-01,2026-06-10,2026-08-05,API - Line 2,,,,,,,,,,,,,
EPIC,API,API-171542,[TRANSA*********************ruy vấn,Pending,Tính năng mới,2026-06-03,2026-06-15,,2026-07-02,2026-06-15,2026-08-05,API - Line 2,"API-171632, API-171635",,,,,,,,,,,,
SUBTASK,API,API-171542,[TRANSA*********************ruy vấn,Pending,Tính năng mới,2026-06-03,2026-06-15,,2026-07-02,2026-06-15,2026-08-05,API - Line 2,,,,,,,,API-171628,Elicitate,Là*********************yc,Done,2026-06-15,2026-06-15
STORY,API,API-171542,[TRANSA*********************ruy vấn,Pending,Tính năng mới,2026-06-03,2026-06-15,,2026-07-02,2026-06-15,2026-08-05,API - Line 2,,API-171632,Story,AP*********************GD,Pending,API - Line 2,,,,,,,
STORY,API,API-171542,[TRANSA*********************ruy vấn,Pending,Tính năng mới,2026-06-03,2026-06-15,,2026-07-02,2026-06-15,2026-08-05,API - Line 2,,API-171635,Story,API ms*********************ng tin,Pending,,,,,,,,
EPIC,API,API-171741,MiniA*********************đợt 1,Released,Cải tiến,2026-06-10,,,2026-06-18,2026-06-16,2026-08-24,API - Line 3,,,,,,,,,,,,,
EPIC,API,API-172244,Cải tiến ********************* MBseller,Design,Cải tiến,,,,,2026-06-22,2026-06-23,API - Line 1,"API-172269, API-172270, API-172271",,,,,,,,,,,,
STORY,API,API-172244,Cải tiến ********************* MBseller,Design,Cải tiến,,,,,2026-06-22,2026-06-23,API - Line 1,,API-172269,Story,Bổ su*********************excel,IN UAT,API - Line 1,API-172272,,,,,,
SUBTASK,API,API-172244,Cải tiến ********************* MBseller,Design,Cải tiến,,,,,2026-06-22,2026-06-23,API - Line 1,,API-172269,Story,Bổ su*********************excel,IN UAT,API - Line 1,,API-172272,BA,Bổ su*********************excel,Done,,
STORY,API,API-172244,Cải tiến ********************* MBseller,Design,Cải tiến,,,,,2026-06-22,2026-06-23,API - Line 1,,API-172270,Story,Cải *********************o kê,IN UAT,,API-172274,,,,,,
SUBTASK,API,API-172244,Cải tiến ********************* MBseller,Design,Cải tiến,,,,,2026-06-22,2026-06-23,API - Line 1,,API-172270,Story,Cải *********************o kê,IN UAT,,,API-172274,BA,V*********************ả,Done,,
STORY,API,API-172244,Cải tiến ********************* MBseller,Design,Cải tiến,,,,,2026-06-22,2026-06-23,API - Line 1,,API-172271,Story,Cải t*********************ao kê,Ready For Dev,,API-172273,,,,,,
SUBTASK,API,API-172244,Cải tiến ********************* MBseller,Design,Cải tiến,,,,,2026-06-22,2026-06-23,API - Line 1,,API-172271,Story,Cải t*********************ao kê,Ready For Dev,,,API-172273,BA,V*********************ả,Done,,
EPIC,API,API-172266,Push*********************CODE,Released,Cải tiến,2026-06-18,,,2026-07-02,2026-06-23,2026-08-11,API - Line 3,,,,,,,,,,,,,
EPIC,API,API-172304,Baa*********************ồng,Released,Cải tiến,2026-06-23,,,2026-07-15,2026-06-23,2026-08-28,API - Line 3,,,,,,,,,,,,,
EPIC,API,API-172389,[Agent********************* GTTT ,Released,Cải tiến,,2026-06-24,2026-07-23,2026-07-13,2026-06-23,2026-08-05,API - Line 2,,,,,,,,,,,,,
EPIC,API,API-172475,QR*********************hí,Released,Cải tiến,,2026-07-30,2026-07-10,2026-08-13,2026-06-24,2026-08-25,API - Line 1,,,,,,,,,,,,,
EPIC,API,API-172653,[eWallet*********************anh toán,Released,Cải tiến,,2026-06-26,2026-07-16,2026-07-14,2026-06-26,2026-08-05,API - Line 2,,,,,,,,,,,,,
EPIC,API,API-172725,[Agent b*********************Merchant,Pending,Tính năng mới,,2026-06-29,,,2026-06-29,2026-08-11,API - Line 2,"API-172726, API-172795, API-172806",,,,,,,,,,,,
STORY,API,API-172725,[Agent b*********************Merchant,Pending,Tính năng mới,,2026-06-29,,,2026-06-29,2026-08-11,API - Line 2,,API-172726,Story,Phát *********************chant,Pending,API - Line 2,,,,,,,
STORY,API,API-172725,[Agent b*********************Merchant,Pending,Tính năng mới,,2026-06-29,,,2026-06-29,2026-08-11,API - Line 2,,API-172795,Story,Phát t*********************rchant,Pending,API - Line 2,,,,,,,
STORY,API,API-172725,[Agent b*********************Merchant,Pending,Tính năng mới,,2026-06-29,,,2026-06-29,2026-08-11,API - Line 2,,API-172806,Story,Cải *********************dịch,Pending,API - Line 2,,,,,,,
EPIC,API,API-172736,[Miniapp********************* đối tác,Released,Sản phẩm/dịch vụ/quy trình mới,,2026-07-21,2026-08-18,2026-08-11,2026-06-29,2026-08-27,API - Line 2,,,,,,,,,,,,,
EPIC,API,API-172794,MBseller*********************g sao kê,Design,Tính năng mới,2026-07-02,2026-07-02,,,2026-06-30,2026-08-14,API - Line 1,API-173353,,,,,,,,,,,,
STORY,API,API-172794,MBseller*********************g sao kê,Design,Tính năng mới,2026-07-02,2026-07-02,,,2026-06-30,2026-08-14,API - Line 1,,API-173353,Story,Bổ sun*********************sao kê,Pending,API - Line 1,,,,,,,
EPIC,API,API-172898,[KẾT *********************ÀI MB,Design,Cải tiến,,2026-07-10,2026-07-30,,2026-07-02,2026-07-10,,,,,,,,,,,,,,
EPIC,API,API-172903,PHÁT *********************LTIGO,In Progress,Sản phẩm/dịch vụ/quy trình mới,,2026-08-24,,,2026-07-02,2026-08-27,API - Line 2,"API-173347, API-173349, API-173350, API-177948, API-177949, ECM-21130, TCTHTW-52272",,,,,,,,,,,,
STORY,API,API-172903,PHÁT *********************LTIGO,In Progress,Sản phẩm/dịch vụ/quy trình mới,,2026-08-24,,,2026-07-02,2026-08-27,API - Line 2,,API-173347,Story,API ********************* thẻ,DEV DONE,API - Line 2,API-173351,,,,,,
SUBTASK,API,API-172903,PHÁT *********************LTIGO,In Progress,Sản phẩm/dịch vụ/quy trình mới,,2026-08-24,,,2026-07-02,2026-08-27,API - Line 2,,API-173347,Story,API ********************* thẻ,DEV DONE,API - Line 2,,API-173351,BA,Ph*********************ầu,Done,2026-07-09,2026-07-09
STORY,API,API-172903,PHÁT *********************LTIGO,In Progress,Sản phẩm/dịch vụ/quy trình mới,,2026-08-24,,,2026-07-02,2026-08-27,API - Line 2,,API-173349,Story,API ********************* tác,IN DEV,API - Line 2,API-173370,,,,,,
SUBTASK,API,API-172903,PHÁT *********************LTIGO,In Progress,Sản phẩm/dịch vụ/quy trình mới,,2026-08-24,,,2026-07-02,2026-08-27,API - Line 2,,API-173349,Story,API ********************* tác,IN DEV,API - Line 2,,API-173370,BA,Ph*********************ầu,Done,2026-07-09,2026-07-13
STORY,API,API-172903,PHÁT *********************LTIGO,In Progress,Sản phẩm/dịch vụ/quy trình mới,,2026-08-24,,,2026-07-02,2026-08-27,API - Line 2,,API-173350,Story,API ********************* thẻ,IN DEV,API - Line 2,API-173699,,,,,,
SUBTASK,API,API-172903,PHÁT *********************LTIGO,In Progress,Sản phẩm/dịch vụ/quy trình mới,,2026-08-24,,,2026-07-02,2026-08-27,API - Line 2,,API-173350,Story,API ********************* thẻ,IN DEV,API - Line 2,,API-173699,BA,Ph*********************ầu,In Progress,2026-07-13,2026-07-13
STORY,API,API-172903,PHÁT *********************LTIGO,In Progress,Sản phẩm/dịch vụ/quy trình mới,,2026-08-24,,,2026-07-02,2026-08-27,API - Line 2,,API-177948,Story,AP*********************số,IN DEV,API - Line 2,,,,,,,
STORY,API,API-172903,PHÁT *********************LTIGO,In Progress,Sản phẩm/dịch vụ/quy trình mới,,2026-08-24,,,2026-07-02,2026-08-27,API - Line 2,,API-177949,Story,API*********************CTS,DEV DONE,API - Line 2,,,,,,,
STORY,ECM,API-172903,PHÁT *********************LTIGO,In Progress,Sản phẩm/dịch vụ/quy trình mới,,2026-08-24,,,2026-07-02,2026-08-27,API - Line 2,,ECM-21130,Story,MFT -*********************i tác,IN SIT,,,,,,,,
STORY,TCTHTW,API-172903,PHÁT *********************LTIGO,In Progress,Sản phẩm/dịch vụ/quy trình mới,,2026-08-24,,,2026-07-02,2026-08-27,API - Line 2,,TCTHTW-52272,Story,Xây dự*********************t hành,To Do,,,,,,,,
EPIC,API,API-173265,PO*********************NG,To Do,Cải tiến,,,,,2026-07-07,2026-07-07,API-AI,API-173270,,,,,,,,,,,,
STORY,API,API-173265,PO*********************NG,To Do,Cải tiến,,,,,2026-07-07,2026-07-07,API-AI,,API-173270,Story,API AI *********************ransfer,To Do,API-AI,,,,,,,
EPIC,API,API-173308,Onboar*********************a FCRM,Released,Cải tiến,2026-07-08,2026-07-08,,2026-07-27,2026-07-08,2026-08-05,API - Line 3,,,,,,,,,,,,,
EPIC,API,API-173572,Chuyể*********************-BDSD,IN PO,Cải tiến,,,,,2026-07-10,2026-08-10,API - Line 3,API-176477,,,,,,,,,,,,
STORY,API,API-173572,Chuyể*********************-BDSD,IN PO,Cải tiến,,,,,2026-07-10,2026-08-10,API - Line 3,,API-176477,Story,Chuyể*********************-BDSD,SIT DONE,,,,,,,,
EPIC,API,API-173698,[Agen*********************ch vụ,In Progress,Tính năng mới,,2026-07-13,,,2026-07-13,2026-07-13,API - Line 2,API-173701,,,,,,,,,,,,
STORY,API,API-173698,[Agen*********************ch vụ,In Progress,Tính năng mới,,2026-07-13,,,2026-07-13,2026-07-13,API - Line 2,,API-173701,Story,Bổ sung*********************erchant,READY FOR REFINE,API - Line 2,API-173702,,,,,,
SUBTASK,API,API-173698,[Agen*********************ch vụ,In Progress,Tính năng mới,,2026-07-13,,,2026-07-13,2026-07-13,API - Line 2,,API-173701,Story,Bổ sung*********************erchant,READY FOR REFINE,API - Line 2,,API-173702,BA,Bổ sung*********************erchant,Done,2026-07-13,2026-07-15
EPIC,API,API-173918,Push BĐ*********************BHRV 8K,Released,Cải tiến,2026-07-09,,,2026-07-22,2026-07-14,2026-08-05,API - Line 3,,,,,,,,,,,,,
EPIC,API,API-174016,Push BĐS********************* đối tác,Released,Tính năng mới,2026-07-15,2026-07-16,,2026-08-11,2026-07-15,2026-08-26,API - Line 3,,,,,,,,,,,,,
EPIC,API,API-174040,Phát tr*********************Paygate,In Progress,Cải tiến,,,,,2026-07-15,2026-07-21,,"API-174049, API-174836",,,,,,,,,,,,
STORY,API,API-174040,Phát tr*********************Paygate,In Progress,Cải tiến,,,,,2026-07-15,2026-07-21,,,API-174049,Story,Phát t*********************ng MMS,IN UAT,,API-174050,,,,,,
SUBTASK,API,API-174040,Phát tr*********************Paygate,In Progress,Cải tiến,,,,,2026-07-15,2026-07-21,,,API-174049,Story,Phát t*********************ng MMS,IN UAT,,,API-174050,BA,Viế********************* vụ,Done,,
STORY,API,API-174040,Phát tr*********************Paygate,In Progress,Cải tiến,,,,,2026-07-15,2026-07-21,,,API-174836,Story,Phát t*********************aygate,IN DEV,API - Line 1,API-174837,,,,,,
SUBTASK,API,API-174040,Phát tr*********************Paygate,In Progress,Cải tiến,,,,,2026-07-15,2026-07-21,,,API-174836,Story,Phát t*********************aygate,IN DEV,API - Line 1,,API-174837,BA,Phâ********************* vụ,Done,,
EPIC,API,API-174497,[BANK *********************ANKHUB,To Do,Cải tiến,,,,,2026-07-17,2026-07-17,,,,,,,,,,,,,,
EPIC,API,API-174956,Bổ s*********************n tử,Released,Cải tiến,,2026-07-23,2026-08-06,2026-08-05,2026-07-21,2026-08-07,API - Line 2,,,,,,,,,,,,,
EPIC,API,API-175105,SMS_X*********************ettel,R4GOLIVE,Tính năng mới,,2026-07-28,,,2026-07-23,2026-08-18,API - Line 3,"API-175484, API-175557, API-175589",,,,,,,,,,,,
STORY,API,API-175105,SMS_X*********************ettel,R4GOLIVE,Tính năng mới,,2026-07-28,,,2026-07-23,2026-08-18,API - Line 3,,API-175484,Story,US1*********************bao,Ready For Golive,API - Line 3,,,,,,,
STORY,API,API-175105,SMS_X*********************ettel,R4GOLIVE,Tính năng mới,,2026-07-28,,,2026-07-23,2026-08-18,API - Line 3,,API-175557,Story,US2_*********************sent,Ready For Golive,API - Line 3,,,,,,,
STORY,API,API-175105,SMS_X*********************ettel,R4GOLIVE,Tính năng mới,,2026-07-28,,,2026-07-23,2026-08-18,API - Line 3,,API-175589,Story,US3_*********************ttel,Ready For Golive,API - Line 3,,,,,,,
EPIC,API,API-175158,Push B********************* + SMS,Released,Tính năng mới,2026-07-23,2026-07-27,,2026-08-17,2026-07-23,2026-08-26,API - Line 3,,,,,,,,,,,,,
EPIC,API,API-175322,[Agent b********************* cho F88,Pending,Tính năng mới,,2026-07-27,,2026-08-13,2026-07-27,2026-08-25,API - Line 2,API-175323,,,,,,,,,,,,
STORY,API,API-175322,[Agent b********************* cho F88,Pending,Tính năng mới,,2026-07-27,,2026-08-13,2026-07-27,2026-08-25,API - Line 2,,API-175323,Story,Phát t*********************ác F88,Ready For Golive,API - Line 2,,,,,,,
EPIC,API,API-175585,QRGL*********************-Phi,Released,Cải tiến,,2026-07-30,,,2026-07-29,2026-08-27,API - Line 1,,,,,,,,,,,,,
EPIC,API,API-175629,BaaS ********************* Core,R4GOLIVE,Cải tiến,,2026-08-10,,2026-08-27,2026-07-30,2026-08-28,API - Line 3,"API-175705, API-175784",,,,,,,,,,,,
STORY,API,API-175629,BaaS ********************* Core,R4GOLIVE,Cải tiến,,2026-08-10,,2026-08-27,2026-07-30,2026-08-28,API - Line 3,,API-175705,Story,US_M*********************Core,Ready For Golive,API - Line 3,,,,,,,
STORY,API,API-175629,BaaS ********************* Core,R4GOLIVE,Cải tiến,,2026-08-10,,2026-08-27,2026-07-30,2026-08-28,API - Line 3,,API-175784,Story,US_C*********************hant,Ready For Golive,API - Line 3,,,,,,,
EPIC,API,API-175791,MBseller - *********************đăng ký CKS,Released,Cải tiến,2026-08-05,2026-08-05,,2026-08-20,2026-08-03,2026-08-27,API - Line 1,,,,,,,,,,,,,
EPIC,API,API-175792,MBseller *********************n sử dụng,Design,Cải tiến,,2026-08-13,,2026-08-26,2026-08-03,2026-08-28,API - Line 1,"API-176823, API-176824, API-176825, API-176826, API-176827, API-176828, API-176829",,,,,,,,,,,,
STORY,API,API-175792,MBseller *********************n sử dụng,Design,Cải tiến,,2026-08-13,,2026-08-26,2026-08-03,2026-08-28,API - Line 1,,API-176823,Story,Upd*********************kê ,DEV DONE,API - Line 1,API-176830,,,,,,
SUBTASK,API,API-175792,MBseller *********************n sử dụng,Design,Cải tiến,,2026-08-13,,2026-08-26,2026-08-03,2026-08-28,API - Line 1,,API-176823,Story,Upd*********************kê ,DEV DONE,API - Line 1,,API-176830,BA,Upd********************* kê,Done,,
STORY,API,API-175792,MBseller *********************n sử dụng,Design,Cải tiến,,2026-08-13,,2026-08-26,2026-08-03,2026-08-28,API - Line 1,,API-176824,Story,Upda*********************o kê,DEV DONE,API - Line 1,API-176831,,,,,,
SUBTASK,API,API-175792,MBseller *********************n sử dụng,Design,Cải tiến,,2026-08-13,,2026-08-26,2026-08-03,2026-08-28,API - Line 1,,API-176824,Story,Upda*********************o kê,DEV DONE,API - Line 1,,API-176831,BA,Upda*********************o kê,Done,,
STORY,API,API-175792,MBseller *********************n sử dụng,Design,Cải tiến,,2026-08-13,,2026-08-26,2026-08-03,2026-08-28,API - Line 1,,API-176825,Story,Upd*********************oản,DEV DONE,API - Line 1,API-176832,,,,,,
SUBTASK,API,API-175792,MBseller *********************n sử dụng,Design,Cải tiến,,2026-08-13,,2026-08-26,2026-08-03,2026-08-28,API - Line 1,,API-176825,Story,Upd*********************oản,DEV DONE,API - Line 1,,API-176832,BA,Upd*********************oản,Done,,
STORY,API,API-175792,MBseller *********************n sử dụng,Design,Cải tiến,,2026-08-13,,2026-08-26,2026-08-03,2026-08-28,API - Line 1,,API-176826,Story,Upda*********************dịch,DEV DONE,API - Line 1,API-176833,,,,,,
SUBTASK,API,API-175792,MBseller *********************n sử dụng,Design,Cải tiến,,2026-08-13,,2026-08-26,2026-08-03,2026-08-28,API - Line 1,,API-176826,Story,Upda*********************dịch,DEV DONE,API - Line 1,,API-176833,BA,Upda*********************dịch,Done,,
STORY,API,API-175792,MBseller *********************n sử dụng,Design,Cải tiến,,2026-08-13,,2026-08-26,2026-08-03,2026-08-28,API - Line 1,,API-176827,Story,Upda*********************o kê,DEV DONE,API - Line 1,API-176834,,,,,,
SUBTASK,API,API-175792,MBseller *********************n sử dụng,Design,Cải tiến,,2026-08-13,,2026-08-26,2026-08-03,2026-08-28,API - Line 1,,API-176827,Story,Upda*********************o kê,DEV DONE,API - Line 1,,API-176834,BA,Upda*********************o kê,Done,,
STORY,API,API-175792,MBseller *********************n sử dụng,Design,Cải tiến,,2026-08-13,,2026-08-26,2026-08-03,2026-08-28,API - Line 1,,API-176828,Story,Upd*********************ộng,DEV DONE,API - Line 1,API-176835,,,,,,
SUBTASK,API,API-175792,MBseller *********************n sử dụng,Design,Cải tiến,,2026-08-13,,2026-08-26,2026-08-03,2026-08-28,API - Line 1,,API-176828,Story,Upd*********************ộng,DEV DONE,API - Line 1,,API-176835,BA,Upd*********************ộng,Done,,
STORY,API,API-175792,MBseller *********************n sử dụng,Design,Cải tiến,,2026-08-13,,2026-08-26,2026-08-03,2026-08-28,API - Line 1,,API-176829,Story,PT API *********************erchant,DEV DONE,API - Line 1,API-176836,,,,,,
SUBTASK,API,API-175792,MBseller *********************n sử dụng,Design,Cải tiến,,2026-08-13,,2026-08-26,2026-08-03,2026-08-28,API - Line 1,,API-176829,Story,PT API *********************erchant,DEV DONE,API - Line 1,,API-176836,BA,PT API *********************erchant,Done,,
EPIC,API,API-175793,MBse*********************H VỤ,Released,Tính năng mới,2026-08-05,2026-08-05,,2026-08-20,2026-08-03,2026-08-25,API - Line 1,,,,,,,,,,,,,
EPIC,API,API-175794,MBs*********************NG ,Pending,Tính năng mới,,,,,2026-08-03,2026-08-17,API - Line 1,,,,,,,,,,,,,
EPIC,API,API-176026,MiniAp*********************ái NFC,Released,Cải tiến,,2026-08-06,,2026-08-13,2026-08-05,2026-08-26,API - Line 3,,,,,,,,,,,,,
EPIC,API,API-176130,QR*********************c ,Pending,Cải tiến,,2026-07-30,2026-09-11,,2026-08-06,2026-08-21,API - Line 1,"API-176131, API-176526",,,,,,,,,,,,
STORY,API,API-176130,QR*********************c ,Pending,Cải tiến,,2026-07-30,2026-09-11,,2026-08-06,2026-08-21,API - Line 1,,API-176131,Story,Thêm********************* về ,Ready For Dev,,API-176132,,,,,,
SUBTASK,API,API-176130,QR*********************c ,Pending,Cải tiến,,2026-07-30,2026-09-11,,2026-08-06,2026-08-21,API - Line 1,,API-176131,Story,Thêm********************* về ,Ready For Dev,,,API-176132,BA,V*********************ả,Done,,
STORY,API,API-176130,QR*********************c ,Pending,Cải tiến,,2026-07-30,2026-09-11,,2026-08-06,2026-08-21,API - Line 1,,API-176526,Story,[VietQR*********************usById),IN SIT,,API-176527,,,,,,
SUBTASK,API,API-176130,QR*********************c ,Pending,Cải tiến,,2026-07-30,2026-09-11,,2026-08-06,2026-08-21,API - Line 1,,API-176526,Story,[VietQR*********************usById),IN SIT,,,API-176527,BA,V*********************ả,Done,,
EPIC,API,API-176293,[Minia*********************ịch vụ,To Do,Tính năng mới,,,,,2026-08-07,2026-08-26,BaaS 2.0,,,,,,,,,,,,,
EPIC,API,API-176366,MBsel********************* động,Pending,Cải tiến,,,,,2026-08-10,2026-08-17,API - Line 1,,,,,,,,,,,,,
EPIC,API,API-176574,Onboa*********************í POS,Released,Cải tiến,,2026-08-12,,2026-08-19,2026-08-11,2026-08-25,API - Line 3,,,,,,,,,,,,,
EPIC,API,API-176939,Push *********************ortal,In Progress,Tính năng mới,,2026-08-18,,,2026-08-14,2026-08-25,API - Line 3,"API-176064, API-176988",,,,,,,,,,,,
STORY,API,API-176939,Push *********************ortal,In Progress,Tính năng mới,,2026-08-18,,,2026-08-14,2026-08-25,API - Line 3,,API-176064,Story,API d*********************+ SMS,IN UAT,API - Line 3,API-176065,,,,,,
SUBTASK,API,API-176939,Push *********************ortal,In Progress,Tính năng mới,,2026-08-18,,,2026-08-14,2026-08-25,API - Line 3,,API-176064,Story,API d*********************+ SMS,IN UAT,API - Line 3,,API-176065,BA,BA phâ********************* + SMS,Done,,
STORY,API,API-176939,Push *********************ortal,In Progress,Tính năng mới,,2026-08-18,,,2026-08-14,2026-08-25,API - Line 3,,API-176988,Story,API ********************* SMS,IN SIT,API - Line 3,API-177034,,,,,,
SUBTASK,API,API-176939,Push *********************ortal,In Progress,Tính năng mới,,2026-08-18,,,2026-08-14,2026-08-25,API - Line 3,,API-176988,Story,API ********************* SMS,IN SIT,API - Line 3,,API-177034,BA,BA ph*********************D+SMS,Done,,
EPIC,API,API-177626,[API T********************* hưởng,In Progress,Cải tiến,,2026-08-20,,,2026-08-20,2026-08-21,API - Line 2,API-177628,,,,,,,,,,,,
STORY,API,API-177626,[API T********************* hưởng,In Progress,Cải tiến,,2026-08-20,,,2026-08-20,2026-08-21,API - Line 2,,API-177628,Story,Cải ti*********************oài MB,IN SIT,API - Line 2,API-177629,,,,,,
SUBTASK,API,API-177626,[API T********************* hưởng,In Progress,Cải tiến,,2026-08-20,,,2026-08-20,2026-08-21,API - Line 2,,API-177628,Story,Cải ti*********************oài MB,IN SIT,API - Line 2,,API-177629,BA,Cải ti*********************oài MB,Done,2026-08-21,2026-08-21
EPIC,API,API-177679,MBselle********************* & CNKD,In Progress,Cải tiến,2026-08-24,,,,2026-08-21,2026-08-25,API - Line 1,"API-177864, API-177872",,,,,,,,,,,,
STORY,API,API-177679,MBselle********************* & CNKD,In Progress,Cải tiến,2026-08-24,,,,2026-08-21,2026-08-25,API - Line 1,,API-177864,Story,merchantx*********************KD & CNKD,WAITING FOR PLANNING,API - Line 1,"API-177865, API-177866, API-177868, API-177869, API-177870, API-177871",,,,,,
SUBTASK,API,API-177679,MBselle********************* & CNKD,In Progress,Cải tiến,2026-08-24,,,,2026-08-21,2026-08-25,API - Line 1,,API-177864,Story,merchantx*********************KD & CNKD,WAITING FOR PLANNING,API - Line 1,,API-177865,BA,[merch********************* call),Done,,
SUBTASK,API,API-177679,MBselle********************* & CNKD,In Progress,Cải tiến,2026-08-24,,,,2026-08-21,2026-08-25,API - Line 1,,API-177864,Story,merchantx*********************KD & CNKD,WAITING FOR PLANNING,API - Line 1,,API-177866,BA,[ms *********************oanh,Done,,
SUBTASK,API,API-177679,MBselle********************* & CNKD,In Progress,Cải tiến,2026-08-24,,,,2026-08-21,2026-08-25,API - Line 1,,API-177864,Story,merchantx*********************KD & CNKD,WAITING FOR PLANNING,API - Line 1,,API-177868,BA,[ms *********************oanh,Done,,
SUBTASK,API,API-177679,MBselle********************* & CNKD,In Progress,Cải tiến,2026-08-24,,,,2026-08-21,2026-08-25,API - Line 1,,API-177864,Story,merchantx*********************KD & CNKD,WAITING FOR PLANNING,API - Line 1,,API-177869,BA,[mms-acc********************* gen QR),Done,,
SUBTASK,API,API-177679,MBselle********************* & CNKD,In Progress,Cải tiến,2026-08-24,,,,2026-08-21,2026-08-25,API - Line 1,,API-177864,Story,merchantx*********************KD & CNKD,WAITING FOR PLANNING,API - Line 1,,API-177870,BA,[mms pa*********************en QR) ,Done,,
SUBTASK,API,API-177679,MBselle********************* & CNKD,In Progress,Cải tiến,2026-08-24,,,,2026-08-21,2026-08-25,API - Line 1,,API-177864,Story,merchantx*********************KD & CNKD,WAITING FOR PLANNING,API - Line 1,,API-177871,BA,[ms fi*********************n QR) ,Done,,
STORY,API,API-177679,MBselle********************* & CNKD,In Progress,Cải tiến,2026-08-24,,,,2026-08-21,2026-08-25,API - Line 1,,API-177872,Story,Luồng O********************* & CNKD,WAITING FOR PLANNING,API - Line 1,"API-177873, API-177874",,,,,,
SUBTASK,API,API-177679,MBselle********************* & CNKD,In Progress,Cải tiến,2026-08-24,,,,2026-08-21,2026-08-25,API - Line 1,,API-177872,Story,Luồng O********************* & CNKD,WAITING FOR PLANNING,API - Line 1,,API-177873,BA,[mms pa*********************en QR) ,Done,,
SUBTASK,API,API-177679,MBselle********************* & CNKD,In Progress,Cải tiến,2026-08-24,,,,2026-08-21,2026-08-25,API - Line 1,,API-177872,Story,Luồng O********************* & CNKD,WAITING FOR PLANNING,API - Line 1,,API-177874,BA,[mms-ac*********************gen QR),Done,,
EPIC,API,API-177680,Onboa*********************duyệt,Pending,Cải tiến,,2026-08-24,,,2026-08-21,2026-08-27,API - Line 3,API-178354,,,,,,,,,,,,
STORY,API,API-177680,Onboa*********************duyệt,Pending,Cải tiến,,2026-08-24,,,2026-08-21,2026-08-27,API - Line 3,,API-178354,Story,US_On*********************duyệt,Ready For Dev,API - Line 3,"API-178383, API-178389",,,,,,
SUBTASK,API,API-177680,Onboa*********************duyệt,Pending,Cải tiến,,2026-08-24,,,2026-08-21,2026-08-27,API - Line 3,,API-178354,Story,US_On*********************duyệt,Ready For Dev,API - Line 3,,API-178383,BA,[BA]_[P*********************O duyệt,Done,2026-08-25,
SUBTASK,API,API-177680,Onboa*********************duyệt,Pending,Cải tiến,,2026-08-24,,,2026-08-21,2026-08-27,API - Line 3,,API-178354,Story,US_On*********************duyệt,Ready For Dev,API - Line 3,,API-178389,BA,[BA]_[P*********************O duyệt,Cancelled,2026-08-25,
EPIC,API,API-177697,Push BĐ*********************k trùng,Design,Cải tiến,,2026-08-24,,,2026-08-21,2026-08-25,API - Line 3,API-177810,,,,,,,,,,,,
STORY,API,API-177697,Push BĐ*********************k trùng,Design,Cải tiến,,2026-08-24,,,2026-08-21,2026-08-25,API - Line 3,,API-177810,Story,Push BĐ*********************k trùng,READY FOR REFINE,API - Line 3,API-177811,,,,,,
SUBTASK,API,API-177697,Push BĐ*********************k trùng,Design,Cải tiến,,2026-08-24,,,2026-08-21,2026-08-25,API - Line 3,,API-177810,Story,Push BĐ*********************k trùng,READY FOR REFINE,API - Line 3,,API-177811,BA,BA phân *********************ush BĐSD,Done,,
EPIC,API,API-177844,QR_*********************TER,In Progress,Cải tiến,,2026-08-25,2026-09-07,,2026-08-24,2026-08-26,API - Line 1,"API-177886, API-177889",,,,,,,,,,,,
STORY,API,API-177844,QR_*********************TER,In Progress,Cải tiến,,2026-08-25,2026-09-07,,2026-08-24,2026-08-26,API - Line 1,,API-177886,Story,Cải *********************inal,IN UAT,,API-177887,,,,,,
SUBTASK,API,API-177844,QR_*********************TER,In Progress,Cải tiến,,2026-08-25,2026-09-07,,2026-08-24,2026-08-26,API - Line 1,,API-177886,Story,Cải *********************inal,IN UAT,,,API-177887,BA,Vi*********************TL,Done,2026-08-24,2026-08-25
STORY,API,API-177844,QR_*********************TER,In Progress,Cải tiến,,2026-08-25,2026-09-07,,2026-08-24,2026-08-26,API - Line 1,,API-177889,Story,Cải ti********************* ver 2,Analyzing,,API-177890,,,,,,
SUBTASK,API,API-177844,QR_*********************TER,In Progress,Cải tiến,,2026-08-25,2026-09-07,,2026-08-24,2026-08-26,API - Line 1,,API-177889,Story,Cải ti********************* ver 2,Analyzing,,,API-177890,BA,Vi*********************TL,In Progress,2026-08-24,2026-08-25
EPIC,API,API-177973,QR_LOA_*********************tác LOA,Design,Cải tiến,,2026-08-25,2026-09-07,,2026-08-26,2026-08-26,API - Line 1,,,,,,,,,,,,,
EPIC,API,API-178056,BỔ SU*********************ỐC TẾ,To Do,Cải tiến,,,,,2026-08-27,2026-08-27,API - Line 2,,,,,,,,,,,,,
EPIC,API,API-178057,Cải ti*********************uốc tế,To Do,Cải tiến,,,,,2026-08-27,2026-08-27,API - Line 2,,,,,,,,,,,,,
EPIC,API,API-178058,BỔ SUNG *********************Ẻ HYBRID,To Do,Cải tiến,,,,,2026-08-27,2026-08-27,API - Line 2,,,,,,,,,,,,,
EPIC,BPMCN,BPMCN-40088,Xây dự*********************g SXKD,Cancelled,Phát triển mới,,,,,2026-02-03,2026-03-03,,,,,,,,,,,,,,
EPIC,BPMCN,BPMCN-40819,Xây dựng chươn*********************g có TSBĐ Core,Cancelled,Sản phẩm/dịch vụ/quy trình mới,,,,,2026-02-27,2026-03-04,,,,,,,,,,,,,,
EPIC,BPMCN,BPMCN-40858,Tích*********************dụng,Cancelled,Cải tiến,,2026-03-13,,,2026-03-02,2026-03-11,,,,,,,,,,,,,,
EPIC,BPMCN,BPMCN-40979,TO*********************IM,Cancelled,Tính năng mới,,,,,2026-03-05,2026-03-25,,,,,,,,,,,,,,
EPIC,BPMCN,BPMCN-40983,Tích hợ*********************ạn thảo,Cancelled,Cải tiến,,2026-03-05,2026-04-02,,2026-03-05,2026-05-13,,,,,,,,,,,,,,
EPIC,BPMCN,BPMCN-40995,US1: B********************* hồ sơ,Cancelled,Tính năng mới,,,,,2026-03-06,2026-03-26,,,,,,,,,,,,,,
EPIC,BPMCN,BPMCN-40999,Luồ*********************SS),Cancelled,Tính năng mới,,2026-03-06,,,2026-03-06,2026-03-13,QTPD-SmartBPM.KHCN,,,,,,,,,,,,,
EPIC,BPMCN,BPMCN-41068,Epi*********************ics,Cancelled,Cải tiến,,,,,2026-03-09,2026-05-25,,,,,,,,,,,,,,
EPIC,BPMCN,BPMCN-41598,BPM,Cancelled,Tính năng mới,,,,,2026-03-23,2026-04-06,,,,,,,,,,,,,,
EPIC,BPMCN,BPMCN-41897,Điều chỉ********************* đắp...),Cancelled,Sản phẩm/dịch vụ/quy trình mới,,2026-03-26,,,2026-03-26,2026-05-29,,,,,,,,,,,,,,
EPIC,BPMCN,BPMCN-41905,Xây dự*********************nshine,Released,Sản phẩm/dịch vụ/quy trình mới,2026-03-26,2026-04-01,2026-08-14,2026-08-14,2026-03-26,2026-08-18,,,,,,,,,,,,,,
EPIC,BPMCN,BPMCN-42246,Đề xuấ*********************- BCTĐ,Cancelled,Cải tiến,2026-04-02,2026-06-01,,,2026-04-03,2026-06-16,,,,,,,,,,,,,,
EPIC,BPMCN,BPMCN-43039,Chỉn*********************động,Cancelled,Cải tiến,2026-04-08,,,,2026-04-16,2026-08-11,,,,,,,,,,,,,,
EPIC,BPMCN,BPMCN-43349,Cải********************* án,Cancelled,Cải tiến,2026-04-19,2026-04-29,,,2026-04-23,2026-05-06,,,,,,,,,,,,,,
EPIC,BPMCN,BPMCN-43353,Mở r*********************đích,Cancelled,Cải tiến,2026-05-21,,,,2026-04-23,2026-05-21,,,,,,,,,,,,,,
EPIC,BPMCN,BPMCN-43579,Nguyenh*********************ser off,Cancelled,Cải tiến,,,,,2026-04-24,2026-08-11,,,,,,,,,,,,,,
EPIC,BPMCN,BPMCN-43582,Nguyenh*********************ser off,Cancelled,Cải tiến,,,,,2026-04-24,2026-04-24,,,,,,,,,,,,,,
EPIC,BPMCN,BPMCN-43585,Bổ sun*********************er off,Cancelled,Cải tiến,,,,,2026-04-24,2026-04-24,,,,,,,,,,,,,,
EPIC,BPMCN,BPMCN-43586,Bổ sun*********************er off,Cancelled,Cải tiến,,,,,2026-04-24,2026-04-24,,,,,,,,,,,,,,
EPIC,BPMCN,BPMCN-43589,Bổ sun*********************er off,Cancelled,Cải tiến,,,,,2026-04-24,2026-04-24,,,,,,,,,,,,,,
EPIC,BPMCN,BPMCN-43592,Bổ sun*********************er off,Cancelled,Cải tiến,,,,,2026-04-24,2026-04-24,,,,,,,,,,,,,,
EPIC,BPMCN,BPMCN-43595,Bổ sun*********************er off,Cancelled,Cải tiến,,,,,2026-04-24,2026-04-24,,,,,,,,,,,,,,
EPIC,BPMCN,BPMCN-43602,Bổ sun*********************er off,Cancelled,Cải tiến,,,,,2026-04-24,2026-04-24,,,,,,,,,,,,,,
EPIC,BPMCN,BPMCN-43605,Bổ sun*********************er off,Cancelled,Cải tiến,,,,,2026-04-24,2026-04-24,,,,,,,,,,,,,,
EPIC,BPMCN,BPMCN-43606,Bổ sun*********************er off,Cancelled,Cải tiến,,,,,2026-04-24,2026-04-24,,,,,,,,,,,,,,
EPIC,BPMCN,BPMCN-43607,Bổ sun*********************er off,Cancelled,Cải tiến,,,,,2026-04-24,2026-04-24,,,,,,,,,,,,,,
EPIC,BPMCN,BPMCN-43617,Hiệu chỉ*********************ều chỉnh,Cancelled,Cải tiến,2026-04-14,,,,2026-04-24,2026-08-11,,,,,,,,,,,,,,
EPIC,BPMCN,BPMCN-43620,Hiệu chỉ*********************ều chỉnh,Cancelled,Cải tiến,2026-04-14,,,,2026-04-24,2026-04-24,,,,,,,,,,,,,,
EPIC,BPMCN,BPMCN-43623,Hiệu chỉ*********************ều chỉnh,Cancelled,Cải tiến,2026-04-14,,,,2026-04-24,2026-04-24,,,,,,,,,,,,,,
EPIC,BPMCN,BPMCN-43809,Đi*********************me,Cancelled,Cải tiến,,,,,2026-04-29,2026-05-04,,,,,,,,,,,,,,
EPIC,BPMCN,BPMCN-43918,Mở r*********************đích,Cancelled,Cải tiến,2026-05-04,,,,2026-05-04,2026-05-14,,,,,,,,,,,,,,
EPIC,BPMCN,BPMCN-43978,Min*********************CRM,Cancelled,Cải tiến,,,,,2026-05-04,2026-05-04,,,,,,,,,,,,,,
EPIC,BPMCN,BPMCN-44121,Thiết*********************niApp,Cancelled,Tính năng mới,,,,,2026-05-06,2026-07-20,,,,,,,,,,,,,,
EPIC,BPMCN,BPMCN-44122,Thiết*********************niApp,Cancelled,Tính năng mới,,,,,2026-05-06,2026-05-06,,,,,,,,,,,,,,
EPIC,BPMCN,BPMCN-44123,Thiết*********************niApp,Cancelled,Tính năng mới,,,,,2026-05-06,2026-05-06,,,,,,,,,,,,,,
EPIC,BPMCN,BPMCN-44124,Thiết*********************niApp,Cancelled,Tính năng mới,,,,,2026-05-06,2026-05-06,,,,,,,,,,,,,,
EPIC,BPMCN,BPMCN-44127,Thiết*********************niApp,Cancelled,Tính năng mới,,,,,2026-05-06,2026-05-06,,,,,,,,,,,,,,
EPIC,BPMCN,BPMCN-44132,Cải*********************ụng,Cancelled,Cải tiến,,2026-05-06,,,2026-05-06,2026-05-06,QTPD-SmartBPM.KHCN,,,,,,,,,,,,,
EPIC,BPMCN,BPMCN-44137,Thiết*********************niApp,Cancelled,Tính năng mới,,,,,2026-05-06,2026-05-06,,,,,,,,,,,,,,
EPIC,BPMCN,BPMCN-44140,Thiết*********************niApp,Cancelled,Tính năng mới,,,,,2026-05-06,2026-05-06,,,,,,,,,,,,,,
EPIC,BPMCN,BPMCN-44143,Thiết*********************niApp,Cancelled,Tính năng mới,,,,,2026-05-06,2026-05-06,,,,,,,,,,,,,,
EPIC,BPMCN,BPMCN-44146,Thiết*********************niApp,Cancelled,Tính năng mới,,,,,2026-05-06,2026-05-06,,,,,,,,,,,,,,
EPIC,BPMCN,BPMCN-44151,Thiết*********************niApp,Cancelled,Tính năng mới,,,,,2026-05-06,2026-05-06,,,,,,,,,,,,,,
EPIC,BPMCN,BPMCN-44152,Thiết*********************niApp,Cancelled,Tính năng mới,,,,,2026-05-06,2026-05-06,,,,,,,,,,,,,,
EPIC,BPMCN,BPMCN-44155,Thiết*********************niApp,Cancelled,Tính năng mới,,,,,2026-05-06,2026-05-14,,,,,,,,,,,,,,
EPIC,BPMCN,BPMCN-44158,Thiết*********************niApp,Cancelled,Tính năng mới,,,,,2026-05-06,2026-05-06,,,,,,,,,,,,,,
EPIC,BPMCN,BPMCN-44163,Thiết*********************niApp,Cancelled,Tính năng mới,,,,,2026-05-06,2026-05-06,,,,,,,,,,,,,,
EPIC,BPMCN,BPMCN-44166,Thiết*********************niApp,Cancelled,Tính năng mới,,,,,2026-05-06,2026-05-06,,,,,,,,,,,,,,
EPIC,BPMCN,BPMCN-44167,Cải*********************ụng,Cancelled,Cải tiến,,2026-05-06,,,2026-05-06,2026-05-06,QTPD-SmartBPM.KHCN,,,,,,,,,,,,,
EPIC,BPMCN,BPMCN-44173,Cải*********************ụng,Cancelled,Cải tiến,,2026-05-06,,,2026-05-06,2026-05-15,QTPD-SmartBPM.KHCN,,,,,,,,,,,,,
EPIC,BPMCN,BPMCN-44174,Thiết*********************niApp,Cancelled,Tính năng mới,,,,,2026-05-06,2026-05-06,,,,,,,,,,,,,,
EPIC,BPMCN,BPMCN-44175,Cải*********************ụng,Cancelled,Cải tiến,,2026-05-06,,,2026-05-06,2026-05-06,QTPD-SmartBPM.KHCN,,,,,,,,,,,,,
EPIC,BPMCN,BPMCN-44183,Thiết*********************niApp,Cancelled,Tính năng mới,,,,,2026-05-06,2026-05-06,,,,,,,,,,,,,,
EPIC,BPMCN,BPMCN-44184,Cải*********************ụng,Cancelled,Cải tiến,,2026-05-06,,,2026-05-06,2026-05-07,QTPD-SmartBPM.KHCN,,,,,,,,,,,,,
EPIC,BPMCN,BPMCN-44185,Thiết*********************niApp,Cancelled,Tính năng mới,,,,,2026-05-06,2026-05-06,,,,,,,,,,,,,,
EPIC,BPMCN,BPMCN-44196,Thiết*********************niApp,Cancelled,Tính năng mới,,,,,2026-05-06,2026-05-06,,,,,,,,,,,,,,
EPIC,BPMCN,BPMCN-44200,Thiết*********************niApp,Cancelled,Tính năng mới,,,,,2026-05-06,2026-05-06,,,,,,,,,,,,,,
EPIC,BPMCN,BPMCN-44201,Thiết*********************niApp,Cancelled,Tính năng mới,,,,,2026-05-06,2026-05-06,,,,,,,,,,,,,,
EPIC,BPMCN,BPMCN-44219,Cải tiến*********************o PLHDTC,Cancelled,Cải tiến,2026-05-01,,,,2026-05-06,2026-07-06,,,,,,,,,,,,,,
EPIC,BPMCN,BPMCN-44236,Epic: ********************* dư nợ,Cancelled,Cải tiến,2026-04-02,2026-04-07,,,2026-05-07,2026-05-07,,,,,,,,,,,,,,
EPIC,BPMCN,BPMCN-44261,Phát********************* BPM,Cancelled,Cải tiến,,2026-05-07,,,2026-05-07,2026-05-18,,,,,,,,,,,,,,
EPIC,BPMCN,BPMCN-44268,Tin********************* MS,Cancelled,Cải tiến,2026-05-07,,,,2026-05-07,2026-05-07,,,,,,,,,,,,,,
EPIC,BPMCN,BPMCN-44271,Tin********************* MS,Cancelled,Cải tiến,2026-05-07,,,,2026-05-07,2026-05-14,,,,,,,,,,,,,,
EPIC,BPMCN,BPMCN-44278,Cải*********************nhà,Cancelled,Cải tiến,,,,,2026-05-07,2026-05-07,,,,,,,,,,,,,,
EPIC,BPMCN,BPMCN-44308,SO*********************TD,Cancelled,Tính năng mới,2026-05-07,2026-05-07,,,2026-05-07,2026-05-07,,,,,,,,,,,,,,
EPIC,BPMCN,BPMCN-44311,SO*********************TD,Cancelled,Tính năng mới,2026-05-07,2026-05-07,,,2026-05-07,2026-05-07,,,,,,,,,,,,,,
EPIC,BPMCN,BPMCN-44314,SO*********************TD,Cancelled,Tính năng mới,2026-05-07,2026-05-07,,,2026-05-07,2026-05-07,,,,,,,,,,,,,,
EPIC,BPMCN,BPMCN-44317,SO*********************TD,Cancelled,Tính năng mới,2026-05-07,2026-05-07,,,2026-05-07,2026-05-07,,,,,,,,,,,,,,
EPIC,BPMCN,BPMCN-44323,Giải ********************* định,Cancelled,Cải tiến,2026-04-29,,,,2026-05-07,2026-05-07,,,,,,,,,,,,,,
EPIC,BPMCN,BPMCN-44326,Giải ********************* định,Cancelled,Cải tiến,2026-04-29,,,,2026-05-07,2026-05-07,,,,,,,,,,,,,,
EPIC,BPMCN,BPMCN-44332,Xây dự*********************rủi ro,To Do,Cải tiến,2026-04-29,2026-09-17,,,2026-05-07,2026-08-24,,,,,,,,,,,,,,
SUBTASK,BPMCN,BPMCN-44332,Xây dự*********************rủi ro,To Do,Cải tiến,2026-04-29,2026-09-17,,,2026-05-07,2026-08-24,,,,,,,,,BPMCN-44333,Elicitate,BA - Eli*********************u rủi ro,To Do,,
EPIC,BPMCN,BPMCN-44417,(datnm*********************M KHCN,Cancelled,Cải tiến,2026-05-08,,,,2026-05-08,2026-08-11,,,,,,,,,,,,,,
EPIC,BPMCN,BPMCN-44454,SOẠN*********************U GN,Cancelled,Cải tiến,2026-05-11,,,,2026-05-11,2026-05-11,,,,,,,,,,,,,,
EPIC,BPMCN,BPMCN-44457,Nguye*********************ÂU GN,Cancelled,Cải tiến,2026-05-11,,,,2026-05-11,2026-06-29,,,,,,,,,,,,,,
EPIC,BPMCN,BPMCN-44689,Update/tạo*********************ất tài sản,Cancelled,Cải tiến,2026-05-12,2026-05-12,2026-05-31,,2026-05-12,2026-05-12,,,,,,,,,,,,,,
EPIC,BPMCN,BPMCN-44692,Update/tạo*********************ất tài sản,Cancelled,Cải tiến,2026-05-12,2026-05-12,2026-05-31,,2026-05-12,2026-05-12,,,,,,,,,,,,,,
EPIC,BPMCN,BPMCN-44695,Update/tạo*********************ất tài sản,Cancelled,Cải tiến,2026-05-12,2026-05-12,2026-05-31,,2026-05-12,2026-05-14,,,,,,,,,,,,,,
EPIC,BPMCN,BPMCN-44924,Tin********************* MS,Cancelled,Cải tiến,2026-05-13,2026-05-13,2026-05-31,,2026-05-15,2026-05-15,,,,,,,,,,,,,,
EPIC,BPMCN,BPMCN-44993,Phát********************* BPM,Cancelled,Cải tiến,,2026-05-07,,,2026-05-18,2026-05-18,,,,,,,,,,,,,,
EPIC,BPMCN,BPMCN-44996,Phát********************* BPM,Cancelled,Cải tiến,,,,,2026-05-18,2026-05-22,,,,,,,,,,,,,,
EPIC,BPMCN,BPMCN-45014,Điề*********************026,Cancelled,Cải tiến,,,,,2026-05-18,2026-05-18,,,,,,,,,,,,,,
EPIC,BPMCN,BPMCN-45063,Tháng 0********************* thể ký,Released,Cải tiến,2026-05-21,2026-06-05,2026-07-03,2026-06-25,2026-05-18,2026-08-05,,,,,,,,,,,,,,
EPIC,BPMCN,BPMCN-45064,Tháng 0********************* thể ký,Cancelled,Cải tiến,2026-05-11,,,,2026-05-18,2026-05-18,,,,,,,,,,,,,,
EPIC,BPMCN,BPMCN-45067,Tháng 0********************* thể ký,Cancelled,Cải tiến,2026-05-11,,,,2026-05-18,2026-05-18,,,,,,,,,,,,,,
EPIC,BPMCN,BPMCN-45883,Tự*********************ký,Cancelled,Cải tiến,,2026-05-28,,,2026-05-28,2026-06-11,QTVH-SmartBPM.KHCN,,,,,,,,,,,,,
EPIC,BPMCN,BPMCN-45884,Tự đ*********************kiện,Cancelled,Cải tiến,,2026-05-28,,,2026-05-28,2026-06-11,QTVH-SmartBPM.KHCN,,,,,,,,,,,,,
EPIC,BPMCN,BPMCN-45910,Cải tiế*********************08 QTTD,Cancelled,Cải tiến,,,,,2026-05-28,2026-05-29,,,,,,,,,,,,,,
EPIC,BPMCN,BPMCN-45917,Cải tiế*********************08 QTTD,Cancelled,Cải tiến,,,,,2026-05-28,2026-05-29,,,,,,,,,,,,,,
EPIC,BPMCN,BPMCN-45923,"Phát triển********************* GTCG,...)",Cancelled,Cải tiến,,,,,2026-05-28,2026-06-10,,,,,,,,,,,,,,
EPIC,BPMCN,BPMCN-45924,"Phát triển********************* GTCG,...)",Cancelled,Cải tiến,,,,,2026-05-28,2026-06-10,,,,,,,,,,,,,,
EPIC,BPMCN,BPMCN-45933,Điều chỉ********************* đắp...),Cancelled,Cải tiến,,,,,2026-05-28,2026-05-29,,,,,,,,,,,,,,
EPIC,BPMCN,BPMCN-45976,Điều chỉ********************* đắp...),Cancelled,Cải tiến,,,,,2026-05-28,2026-05-29,,,,,,,,,,,,,,
EPIC,BPMCN,BPMCN-45977,Điều chỉ********************* đắp...),Cancelled,Cải tiến,,,,,2026-05-28,2026-05-29,,,,,,,,,,,,,,
EPIC,BPMCN,BPMCN-45978,Điều chỉ********************* đắp...),Cancelled,Cải tiến,,,,,2026-05-28,2026-05-29,,,,,,,,,,,,,,
EPIC,BPMCN,BPMCN-45979,Điều chỉ********************* đắp...),Cancelled,Cải tiến,,,,,2026-05-28,2026-05-29,,,,,,,,,,,,,,
EPIC,BPMCN,BPMCN-45980,Điều chỉ********************* đắp...),Cancelled,Cải tiến,,,,,2026-05-28,2026-05-29,,,,,,,,,,,,,,
EPIC,BPMCN,BPMCN-45981,Điều chỉ********************* đắp...),Cancelled,Cải tiến,,,,,2026-05-28,2026-05-29,,,,,,,,,,,,,,
EPIC,BPMCN,BPMCN-45995,Điều chỉ********************* đắp...),Cancelled,Cải tiến,,,,,2026-05-28,2026-05-29,,,,,,,,,,,,,,
EPIC,BPMCN,BPMCN-46008,Điều chỉ********************* đắp...),Cancelled,Cải tiến,,,,,2026-05-28,2026-05-29,,,,,,,,,,,,,,
EPIC,BPMCN,BPMCN-46013,Điều chỉ********************* đắp...),Cancelled,Cải tiến,,,,,2026-05-28,2026-05-29,,,,,,,,,,,,,,
EPIC,BPMCN,BPMCN-46018,Điều chỉ********************* đắp...),Cancelled,Cải tiến,,,,,2026-05-28,2026-05-29,,,,,,,,,,,,,,
EPIC,BPMCN,BPMCN-46019,Điều chỉ********************* đắp...),Cancelled,Cải tiến,,,,,2026-05-28,2026-05-29,,,,,,,,,,,,,,
EPIC,BPMCN,BPMCN-46020,Điều chỉ********************* đắp...),Cancelled,Cải tiến,,,,,2026-05-28,2026-05-29,,,,,,,,,,,,,,
EPIC,BPMCN,BPMCN-46023,Điều chỉ********************* đắp...),Cancelled,Cải tiến,,,,,2026-05-28,2026-05-29,,,,,,,,,,,,,,
EPIC,BPMCN,BPMCN-46037,Điều chỉ********************* đắp...),Cancelled,Cải tiến,,,,,2026-05-29,2026-05-29,,,,,,,,,,,,,,
EPIC,BPMCN,BPMCN-46066,Cải t********************* TNCN,Cancelled,Cải tiến,2026-04-06,,,,2026-05-29,2026-05-29,,,,,,,,,,,,,,
EPIC,BPMCN,BPMCN-46069,Cải tiến*********************mục đích,Pending,Cải tiến,,2026-06-01,,,2026-05-29,2026-08-24,,"BPMCN-45936, BPMCN-45950, BPMCN-45963",,,,,,,,,,,,
STORY,BPMCN,BPMCN-46069,Cải tiến*********************mục đích,Pending,Cải tiến,,2026-06-01,,,2026-05-29,2026-08-24,,,BPMCN-45936,Story,US1: C*********************ân App,Pending,,,,,,,,
STORY,BPMCN,BPMCN-46069,Cải tiến*********************mục đích,Pending,Cải tiến,,2026-06-01,,,2026-05-29,2026-08-24,,,BPMCN-45950,Story,US2:*********************p MB,Pending,,,,,,,,
STORY,BPMCN,BPMCN-46069,Cải tiến*********************mục đích,Pending,Cải tiến,,2026-06-01,,,2026-05-29,2026-08-24,,,BPMCN-45963,Story,US3: Điều********************* mục đích,Pending,,,,,,,,
EPIC,BPMCN,BPMCN-46381,Cải tiế*********************quản lí,Cancelled,Cải tiến,2026-04-06,,,,2026-06-03,2026-06-04,,,,,,,,,,,,,,
EPIC,BPMCN,BPMCN-46384,Cải tiế*********************quản lí,Released,Cải tiến,2026-04-06,2026-06-09,2026-07-03,2026-06-29,2026-06-03,2026-08-05,,,,,,,,,,,,,,
EPIC,BPMCN,BPMCN-46390,Cải ********************* vốn,Released,Cải tiến,2026-04-06,2026-06-09,2026-07-03,2026-06-29,2026-06-03,2026-08-05,,,,,,,,,,,,,,
EPIC,BPMCN,BPMCN-46462,NHẬN*********************NGÂN,Cancelled,Tính năng mới,,,,,2026-06-03,2026-06-03,,,,,,,,,,,,,,
EPIC,BPMCN,BPMCN-46519,Tự đ*********************kiện,Cancelled,Cải tiến,,2026-06-04,,,2026-06-04,2026-06-15,QTVH-SmartBPM.KHCN,,,,,,,,,,,,,
EPIC,BPMCN,BPMCN-46696,Nguyenh*********************CV HTTD,Cancelled,Sản phẩm/dịch vụ/quy trình mới,2026-06-04,,,,2026-06-04,2026-06-09,,,,,,,,,,,,,,
EPIC,BPMCN,BPMCN-46802,427505*********************nh thẻ,Released,Cải tiến,2026-06-05,2026-06-05,2026-07-03,2026-06-24,2026-06-08,2026-08-05,,,,,,,,,,,,,,
EPIC,BPMCN,BPMCN-46803,Các ********************* bpm,Cancelled,Cải tiến,2026-06-05,,,,2026-06-08,2026-06-08,,,,,,,,,,,,,,
EPIC,BPMCN,BPMCN-46807,Các ********************* bpm,Cancelled,Cải tiến,2026-06-05,,,,2026-06-08,2026-06-08,,,,,,,,,,,,,,
EPIC,BPMCN,BPMCN-46811,Các ********************* bpm,Cancelled,Cải tiến,2026-06-05,,,,2026-06-08,2026-06-08,,,,,,,,,,,,,,
EPIC,BPMCN,BPMCN-46815,Các ********************* bpm,Cancelled,Cải tiến,2026-06-05,,,,2026-06-08,2026-06-08,,,,,,,,,,,,,,
EPIC,BPMCN,BPMCN-46914,4275056*********************hẩm thẻ,Released,Cải tiến,2026-06-05,2026-06-15,2026-07-09,2026-07-03,2026-06-08,2026-08-05,,,,,,,,,,,,,,
EPIC,BPMCN,BPMCN-46917,4275********************* PHT,Released,Cải tiến,2026-06-05,2026-06-29,2026-07-16,2026-07-15,2026-06-08,2026-08-11,,,,,,,,,,,,,,
EPIC,BPMCN,BPMCN-47022,Phát t*********************h quầy,Cancelled,Cải tiến,,,,,2026-06-09,2026-07-03,,,,,,,,,,,,,,
EPIC,BPMCN,BPMCN-47041,Phát t*********************h quầy,Cancelled,Cải tiến,,,,,2026-06-09,2026-06-10,,,,,,,,,,,,,,
EPIC,BPMCN,BPMCN-47045,Phát t*********************h quầy,Cancelled,Cải tiến,,,,,2026-06-09,2026-06-10,,,,,,,,,,,,,,
EPIC,BPMCN,BPMCN-47210,Triển k*********************khâu GN,Pending,Sản phẩm/dịch vụ/quy trình mới,,,,,2026-06-12,2026-08-11,,BPMCN-47215,,,,,,,,,,,,
SUBTASK,BPMCN,BPMCN-47210,Triển k*********************khâu GN,Pending,Sản phẩm/dịch vụ/quy trình mới,,,,,2026-06-12,2026-08-11,,,,,,,,,BPMCN-47212,Elicitate,BA - Eli********************* khâu GN,Done,,
STORY,BPMCN,BPMCN-47210,Triển k*********************khâu GN,Pending,Sản phẩm/dịch vụ/quy trình mới,,,,,2026-06-12,2026-08-11,,,BPMCN-47215,Story,Cải ti*********************hâu GN,READY FOR REFINE,,BPMCN-47216,,,,,,
SUBTASK,BPMCN,BPMCN-47210,Triển k*********************khâu GN,Pending,Sản phẩm/dịch vụ/quy trình mới,,,,,2026-06-12,2026-08-11,,,BPMCN-47215,Story,Cải ti*********************hâu GN,READY FOR REFINE,,,BPMCN-47216,BA,BA - Phâ********************* khâu GN,Done,,
EPIC,BPMCN,BPMCN-47983,Cập nh*********************m home,Cancelled,Cải tiến,,,,,2026-06-18,2026-07-03,,,,,,,,,,,,,,
EPIC,BPMCN,BPMCN-47990,Điều ch*********************ín chấp,Released,Cải tiến,,,2026-07-09,2026-07-09,2026-06-18,2026-08-05,,,,,,,,,,,,,,
EPIC,BPMCN,BPMCN-48240,BPM,Cancelled,Cải tiến,,,,,2026-06-22,2026-07-06,,,,,,,,,,,,,,
EPIC,BPMCN,BPMCN-48717,Cải tiến*********************o PLHDTC,Released,Cải tiến,,2026-07-13,2026-07-22,2026-07-22,2026-07-03,2026-08-11,,,,,,,,,,,,,,
EPIC,BPMCN,BPMCN-48815,Phát t*********************h quầy,Released,Sản phẩm/dịch vụ/quy trình mới,2026-07-07,2026-07-10,2026-08-14,2026-08-14,2026-07-06,2026-08-27,,,,,,,,,,,,,,
EPIC,BPMCN,BPMCN-48823,Chương*********************tại MB,Released,Cải tiến,2026-07-01,2026-07-06,2026-07-22,2026-07-22,2026-07-01,2026-08-05,,,,,,,,,,,,,,
EPIC,BPMCN,BPMCN-48849,Cải********************* án,Released,Cải tiến,,2026-07-07,2026-07-30,2026-07-27,2026-07-06,2026-08-11,QTPD-SmartBPM.KHCN,,,,,,,,,,,,,
EPIC,BPMCN,BPMCN-48853,"TĐ, ĐX - *********************khác biệt",Released,Cải tiến,2026-07-06,2026-07-30,2026-08-21,2026-08-19,2026-07-06,2026-08-21,,,,,,,,,,,,,,
EPIC,BPMCN,BPMCN-48939,(datnm) TS********************* xuất = 0),Released,Cải tiến,2026-07-06,2026-07-17,2026-08-06,2026-08-05,2026-07-08,2026-08-06,,,,,,,,,,,,,,
EPIC,BPMCN,BPMCN-48944,Điều ********************* TSBĐ,Released,Cải tiến,,2026-07-08,2026-07-22,2026-07-22,2026-07-08,2026-08-05,,,,,,,,,,,,,,
EPIC,BPMCN,BPMCN-49045,ES: R*********************h thẻ,Cancelled,Cải tiến,,,,,2026-07-10,2026-08-17,,,,,,,,,,,,,,
EPIC,BPMCN,BPMCN-49144,Tháng 6/2026- Điều chỉ*********************thị vị trí QR văn kiện,Released,Cải tiến,,2026-07-14,2026-07-16,2026-07-16,2026-07-11,2026-08-05,,,,,,,,,,,,,,
EPIC,BPMCN,BPMCN-49148,Hangnt.t********************* tự động,Released,Cải tiến,,2026-07-13,2026-07-30,2026-07-29,2026-07-11,2026-08-05,,,,,,,,,,,,,,
EPIC,BPMCN,BPMCN-49405,Nhận ********************* định,Released,Cải tiến,,2026-07-13,2026-08-06,2026-07-31,2026-07-13,2026-08-06,,,,,,,,,,,,,,
EPIC,BPMCN,BPMCN-49608,Điều ch*********************ng/Ô tô,Released,Cải tiến,,2026-07-15,2026-08-06,2026-08-04,2026-07-16,2026-08-06,,,,,,,,,,,,,,
EPIC,BPMCN,BPMCN-49679,Điều *********************âu PD,Released,Cải tiến,,2026-07-21,2026-07-30,2026-07-29,2026-07-17,2026-08-05,QTPD-SmartBPM.KHCN,,,,,,,,,,,,,
EPIC,BPMCN,BPMCN-49707,Nguye********************* VKTD,Pending,Cải tiến,,,,,2026-07-20,2026-08-11,,,,,,,,,,,,,,
SUBTASK,BPMCN,BPMCN-49707,Nguye********************* VKTD,Pending,Cải tiến,,,,,2026-07-20,2026-08-11,,,,,,,,,BPMCN-49708,Elicitate,BA - El*********************ký VKTD,To Do,,
EPIC,BPMCN,BPMCN-50061,Điều chỉnh Mẫu *********************ăn kiện còn lại,Cancelled,Cải tiến,,,,,2026-07-27,2026-08-11,,,,,,,,,,,,,,
EPIC,BPMCN,BPMCN-50185,Bổ sun*********************ến MS ,Cancelled,Cải tiến,,,,,2026-07-31,2026-08-11,,,,,,,,,,,,,,
EPIC,BPMCN,BPMCN-50232,Phát t*********************nhomes,Cancelled,Tính năng mới,,,,,2026-08-03,2026-08-11,,,,,,,,,,,,,,
EPIC,BPMCN,BPMCN-50243,Cải ti********************* hồ sơ,Released,Cải tiến,2026-07-17,2026-08-03,2026-08-21,2026-08-21,2026-08-04,2026-08-22,,,,,,,,,,,,,,
EPIC,BPMCN,BPMCN-50252,THUNT1*********************NTRACT,Released,Cải tiến,,2026-08-07,2026-08-27,2026-08-26,2026-08-05,2026-08-27,,,,,,,,,,,,,,
EPIC,BPMCN,BPMCN-50295,2026_*********************KUNN),Cancelled,Tính năng mới,,2026-08-24,,,2026-08-06,2026-08-24,,,,,,,,,,,,,,
EPIC,BPMCN,BPMCN-50299,Giải ph*********************Gửi SMS,Cancelled,Tính năng mới,,2026-08-12,,,2026-08-06,2026-08-24,,,,,,,,,,,,,,
EPIC,BPMCN,BPMCN-50344,Cơ chế ứn********************* cảnh báo,R4GOLIVE,Cải tiến,2026-08-07,2026-08-10,2026-09-04,2026-08-27,2026-08-10,2026-08-28,QTPD-SmartBPM.KHCN,BPMCN-50388,,,,,,,,,,,,
SUBTASK,BPMCN,BPMCN-50344,Cơ chế ứn********************* cảnh báo,R4GOLIVE,Cải tiến,2026-08-07,2026-08-10,2026-09-04,2026-08-27,2026-08-10,2026-08-28,QTPD-SmartBPM.KHCN,,,,,,,,BPMCN-50345,Elicitate,BA - Elicit*********************có cảnh báo,Done,,
STORY,BPMCN,BPMCN-50344,Cơ chế ứn********************* cảnh báo,R4GOLIVE,Cải tiến,2026-08-07,2026-08-10,2026-09-04,2026-08-27,2026-08-10,2026-08-28,QTPD-SmartBPM.KHCN,,BPMCN-50388,Story,(long*********************ủi ro,Ready For Golive,QTPD-SmartBPM.KHCN,,,,,,,
EPIC,BPMCN,BPMCN-50348,Điều*********************nước,Released,Cải tiến,2026-08-07,2026-08-07,2026-08-21,2026-08-20,2026-08-10,2026-08-21,QTPD-SmartBPM.KHCN,,,,,,,,,,,,,
EPIC,BPMCN,BPMCN-50465,Xây dự*********************g Way4,In Progress,Sản phẩm,2026-08-12,,,,2026-08-11,2026-08-24,,"BPMCN-50484, BPMCN-50493, BPMCN-50499, BPMCN-50500, BPMCN-50501",,,,,,,,,,,,
STORY,BPMCN,BPMCN-50465,Xây dự*********************g Way4,In Progress,Sản phẩm,2026-08-12,,,,2026-08-11,2026-08-24,,,BPMCN-50484,Story,0. Q*********************Way4,IN DEV,,"BPMCN-50485, BPMCN-50554",,,,,,
SUBTASK,BPMCN,BPMCN-50465,Xây dự*********************g Way4,In Progress,Sản phẩm,2026-08-12,,,,2026-08-11,2026-08-24,,,BPMCN-50484,Story,0. Q*********************Way4,IN DEV,,,BPMCN-50485,BA,BA - ********************* Way4,Cancelled,,
SUBTASK,BPMCN,BPMCN-50465,Xây dự*********************g Way4,In Progress,Sản phẩm,2026-08-12,,,,2026-08-11,2026-08-24,,,BPMCN-50484,Story,0. Q*********************Way4,IN DEV,,,BPMCN-50554,BA,Phân*********************way4,Done,,
STORY,BPMCN,BPMCN-50465,Xây dự*********************g Way4,In Progress,Sản phẩm,2026-08-12,,,,2026-08-11,2026-08-24,,,BPMCN-50493,Story,1. Màn*********************P Way4,IN SIT,,BPMCN-50502,,,,,,
SUBTASK,BPMCN,BPMCN-50465,Xây dự*********************g Way4,In Progress,Sản phẩm,2026-08-12,,,,2026-08-11,2026-08-24,,,BPMCN-50493,Story,1. Màn*********************P Way4,IN SIT,,,BPMCN-50502,BA,BA - Phâ*********************c P Way4,Done,,
STORY,BPMCN,BPMCN-50465,Xây dự*********************g Way4,In Progress,Sản phẩm,2026-08-12,,,,2026-08-11,2026-08-24,,,BPMCN-50499,Story,2. Màn*********************P Way4,IN SIT,,BPMCN-50515,,,,,,
SUBTASK,BPMCN,BPMCN-50465,Xây dự*********************g Way4,In Progress,Sản phẩm,2026-08-12,,,,2026-08-11,2026-08-24,,,BPMCN-50499,Story,2. Màn*********************P Way4,IN SIT,,,BPMCN-50515,BA,BA - Phâ*********************c P Way4,Done,,
STORY,BPMCN,BPMCN-50465,Xây dự*********************g Way4,In Progress,Sản phẩm,2026-08-12,,,,2026-08-11,2026-08-24,,,BPMCN-50500,Story,3. Màn ********************* P Way4,Ready For Dev,,BPMCN-50528,,,,,,
SUBTASK,BPMCN,BPMCN-50465,Xây dự*********************g Way4,In Progress,Sản phẩm,2026-08-12,,,,2026-08-11,2026-08-24,,,BPMCN-50500,Story,3. Màn ********************* P Way4,Ready For Dev,,,BPMCN-50528,BA,BA - Phân*********************ức P Way4,Done,,
STORY,BPMCN,BPMCN-50465,Xây dự*********************g Way4,In Progress,Sản phẩm,2026-08-12,,,,2026-08-11,2026-08-24,,,BPMCN-50501,Story,4. Các*********************P Way4,Ready For Dev,,BPMCN-50541,,,,,,
SUBTASK,BPMCN,BPMCN-50465,Xây dự*********************g Way4,In Progress,Sản phẩm,2026-08-12,,,,2026-08-11,2026-08-24,,,BPMCN-50501,Story,4. Các*********************P Way4,Ready For Dev,,,BPMCN-50541,BA,BA - Phâ*********************c P Way4,Done,,
EPIC,BPMCN,BPMCN-50476,Điều c*********************7/2026,In Progress,Cải tiến,,2026-08-19,,,2026-08-12,2026-08-26,QTPD-SmartBPM.KHCN,BPMCN-50984,,,,,,,,,,,,
SUBTASK,BPMCN,BPMCN-50476,Điều c*********************7/2026,In Progress,Cải tiến,,2026-08-19,,,2026-08-12,2026-08-26,QTPD-SmartBPM.KHCN,,,,,,,,BPMCN-50477,Elicitate,BA - El*********************07/2026,Done,,
STORY,BPMCN,BPMCN-50476,Điều c*********************7/2026,In Progress,Cải tiến,,2026-08-19,,,2026-08-12,2026-08-26,QTPD-SmartBPM.KHCN,,BPMCN-50984,Story,Điều c*********************7/2026,IN DEV,QTPD-SmartBPM.KHCN,BPMCN-50985,,,,,,
SUBTASK,BPMCN,BPMCN-50476,Điều c*********************7/2026,In Progress,Cải tiến,,2026-08-19,,,2026-08-12,2026-08-26,QTPD-SmartBPM.KHCN,,BPMCN-50984,Story,Điều c*********************7/2026,IN DEV,QTPD-SmartBPM.KHCN,,BPMCN-50985,BA,BA - Ph*********************07/2026,Done,,
EPIC,BPMCN,BPMCN-50555,Luồng*********************n mức,In Progress,Cải tiến,2026-08-12,,,,2026-08-12,2026-08-24,,BPMCN-50794,,,,,,,,,,,,
SUBTASK,BPMCN,BPMCN-50555,Luồng*********************n mức,In Progress,Cải tiến,2026-08-12,,,,2026-08-12,2026-08-24,,,,,,,,,BPMCN-50556,Elicitate,BA - El********************* nợ BPM,Done,,
STORY,BPMCN,BPMCN-50555,Luồng*********************n mức,In Progress,Cải tiến,2026-08-12,,,,2026-08-12,2026-08-24,,,BPMCN-50794,Story,Luồng*********************n mức,IN UAT,,"BPMCN-50795, BPMCN-50796",,,,,,
SUBTASK,BPMCN,BPMCN-50555,Luồng*********************n mức,In Progress,Cải tiến,2026-08-12,,,,2026-08-12,2026-08-24,,,BPMCN-50794,Story,Luồng*********************n mức,IN UAT,,,BPMCN-50795,BA,Phâ********************* nợ,Done,,
SUBTASK,BPMCN,BPMCN-50555,Luồng*********************n mức,In Progress,Cải tiến,2026-08-12,,,,2026-08-12,2026-08-24,,,BPMCN-50794,Story,Luồng*********************n mức,IN UAT,,,BPMCN-50796,BA,BA - P*********************ạn mức,Cancelled,,
EPIC,BPMCN,BPMCN-50979,Sửa đổ*********************ân thủ,Released,Cải tiến,,2026-08-21,2026-08-27,2026-08-26,2026-08-19,2026-08-27,,,,,,,,,,,,,,
EPIC,BPMCN,BPMCN-51021,Luồn********************* cao,In Progress,Cải tiến,,2026-08-19,,,2026-08-20,2026-08-21,,"BPMCN-51073, BPMCN-51074",,,,,,,,,,,,
SUBTASK,BPMCN,BPMCN-51021,Luồn********************* cao,In Progress,Cải tiến,,2026-08-19,,,2026-08-20,2026-08-21,,,,,,,,,BPMCN-51023,Elicitate,BA - E*********************HM cao,Done,,
STORY,BPMCN,BPMCN-51021,Luồn********************* cao,In Progress,Cải tiến,,2026-08-19,,,2026-08-20,2026-08-21,,,BPMCN-51073,Story,US1. Đi*********************ừ Way4),IN DEV,,"BPMCN-51075, BPMCN-51103",,,,,,
SUBTASK,BPMCN,BPMCN-51021,Luồn********************* cao,In Progress,Cải tiến,,2026-08-19,,,2026-08-20,2026-08-21,,,BPMCN-51073,Story,US1. Đi*********************ừ Way4),IN DEV,,,BPMCN-51075,BA,Ph*********************re,Done,,
SUBTASK,BPMCN,BPMCN-51021,Luồn********************* cao,In Progress,Cải tiến,,2026-08-19,,,2026-08-20,2026-08-21,,,BPMCN-51073,Story,US1. Đi*********************ừ Way4),IN DEV,,,BPMCN-51103,BA,BA - Phân********************* từ Way4),Cancelled,,
STORY,BPMCN,BPMCN-51021,Luồn********************* cao,In Progress,Cải tiến,,2026-08-19,,,2026-08-20,2026-08-21,,,BPMCN-51074,Story,US1. Điề*********************- đơn lẻ,IN DEV,,"BPMCN-51076, BPMCN-51089",,,,,,
SUBTASK,BPMCN,BPMCN-51021,Luồn********************* cao,In Progress,Cải tiến,,2026-08-19,,,2026-08-20,2026-08-21,,,BPMCN-51074,Story,US1. Điề*********************- đơn lẻ,IN DEV,,,BPMCN-51076,BA,BA - Phân *********************) - đơn lẻ,Done,,
SUBTASK,BPMCN,BPMCN-51021,Luồn********************* cao,In Progress,Cải tiến,,2026-08-19,,,2026-08-20,2026-08-21,,,BPMCN-51074,Story,US1. Điề*********************- đơn lẻ,IN DEV,,,BPMCN-51089,BA,Ph*********************re,Cancelled,,
EPIC,BPMCN,BPMCN-51022,Luồng cậ*********************iệu đồng,In Progress,Cải tiến,,2026-08-19,,,2026-08-20,2026-08-21,,BPMCN-51072,,,,,,,,,,,,
SUBTASK,BPMCN,BPMCN-51022,Luồng cậ*********************iệu đồng,In Progress,Cải tiến,,2026-08-19,,,2026-08-20,2026-08-21,,,,,,,,,BPMCN-51026,Elicitate,BA - E*********************400 tr,Done,,
STORY,BPMCN,BPMCN-51022,Luồng cậ*********************iệu đồng,In Progress,Cải tiến,,2026-08-19,,,2026-08-20,2026-08-21,,,BPMCN-51072,Story,US1: Cập*********************iệu đồng,IN DEV,,"BPMCN-51090, BPMCN-51116",,,,,,
SUBTASK,BPMCN,BPMCN-51022,Luồng cậ*********************iệu đồng,In Progress,Cải tiến,,2026-08-19,,,2026-08-20,2026-08-21,,,BPMCN-51072,Story,US1: Cập*********************iệu đồng,IN DEV,,,BPMCN-51090,BA,BA - Phân*********************riệu đồng,Cancelled,,
SUBTASK,BPMCN,BPMCN-51022,Luồng cậ*********************iệu đồng,In Progress,Cải tiến,,2026-08-19,,,2026-08-20,2026-08-21,,,BPMCN-51072,Story,US1: Cập*********************iệu đồng,IN DEV,,,BPMCN-51116,BA,Phân ********************* quan,Done,,
EPIC,BPMCN,BPMCN-51206,Sửa đổ*********************hase 2,To Do,Cải tiến,,,,,2026-08-25,2026-08-25,,,,,,,,,,,,,,
SUBTASK,BPMCN,BPMCN-51206,Sửa đổ*********************hase 2,To Do,Cải tiến,,,,,2026-08-25,2026-08-25,,,,,,,,,BPMCN-51207,Elicitate,BA - Eli********************* phase 2,To Do,,
EPIC,BPMCN,BPMCN-51316,ĐIỀU C*********************H HÀNG,To Do,Cải tiến,,,,,2026-08-26,2026-08-27,,,,,,,,,,,,,,
SUBTASK,BPMCN,BPMCN-51316,ĐIỀU C*********************H HÀNG,To Do,Cải tiến,,,,,2026-08-26,2026-08-27,,,,,,,,,BPMCN-51317,Elicitate,BA - Eli*********************ÁCH HÀNG,To Do,,
EPIC,CRMCN,CRMCN-38191,Tái*********************RM ,IN PO,Cải tiến,,,,,2026-02-25,2026-06-19,,,,,,,,,,,,,,
EPIC,CRMCN,CRMCN-38321,[App + *********************Tracker,Cancelled,Tính năng mới,,,,,2026-03-04,2026-03-11,,,,,,,,,,,,,,
EPIC,CRMCN,CRMCN-38667,[App +*********************ên CRM,Cancelled,Sản phẩm/dịch vụ/quy trình mới,,2026-03-20,,,2026-03-16,2026-06-12,,,,,,,,,,,,,,
EPIC,CRMCN,CRMCN-38926,WE*********************L ,Cancelled,Sản phẩm/dịch vụ/quy trình mới,2026-03-23,,,,2026-03-24,2026-05-22,,,,,,,,,,,,,,
EPIC,CRMCN,CRMCN-39729,(WE*********************uất,Cancelled,Sản phẩm/dịch vụ/quy trình mới,,,,,2026-04-09,2026-04-16,,,,,,,,,,,,,,
EPIC,CRMCN,CRMCN-42252,Module*********************PP MB),Released,Sản phẩm/dịch vụ/quy trình mới,,2026-06-04,2026-07-09,2026-07-06,2026-06-03,2026-08-25,,,,,,,,,,,,,,
EPIC,CRMCN,CRMCN-42318,Danh *********************d CRM,Cancelled,Cải tiến,,,,,2026-06-08,2026-06-10,,,,,,,,,,,,,,
EPIC,CRMCN,CRMCN-42417,APP - *********************ôi bán,Cancelled,Cải tiến,,,,,2026-06-10,2026-06-10,,,,,,,,,,,,,,
EPIC,CRMCN,CRMCN-42450,[APP] *********************BQL/HO,Released,Tính năng mới,,2026-07-01,2026-07-16,2026-07-16,2026-06-11,2026-08-25,,,,,,,,,,,,,,
EPIC,CRMCN,CRMCN-42452,[WEB] *********************.CN/HO,Released,Cải tiến,,2026-07-01,2026-07-16,2026-07-16,2026-06-11,2026-08-05,,,,,,,,,,,,,,
EPIC,CRMCN,CRMCN-42483,APP -*********************i bán,Released,Cải tiến,,2026-06-15,2026-07-02,2026-07-02,2026-06-15,2026-08-05,,,,,,,,,,,,,,
EPIC,CRMCN,CRMCN-43063,Email *********************/ LLBH,Released,Tính năng mới,,2026-06-30,2026-07-16,2026-07-16,2026-06-23,2026-08-05,,,,,,,,,,,,,,
EPIC,CRMCN,CRMCN-43419,[KHCN]********************* (mới),Released,Sản phẩm/dịch vụ/quy trình mới,,2026-07-02,2026-07-27,2026-07-27,2026-06-29,2026-08-28,,,,,,,,,,,,,,
EPIC,CRMCN,CRMCN-43474,(AP*********************HCN,Released,Cải tiến,,2026-07-09,2026-07-16,2026-07-16,2026-07-02,2026-08-05,,,,,,,,,,,,,,
EPIC,CRMCN,CRMCN-43595,[INDIV*********************m 2026,Released,Sản phẩm/dịch vụ/quy trình mới,,2026-07-08,2026-08-03,2026-07-30,2026-07-06,2026-08-26,,,,,,,,,,,,,,
EPIC,CRMCN,CRMCN-43838,Web/APP *********************iến dịch,Released,Cải tiến,,2026-07-20,2026-08-06,2026-08-06,2026-07-10,2026-08-07,,,,,,,,,,,,,,
EPIC,CRMCN,CRMCN-43839,[Web] *********************n lead,Released,Tính năng mới,,2026-07-10,2026-07-30,2026-07-30,2026-07-10,2026-08-05,,,,,,,,,,,,,,
EPIC,CRMCN,CRMCN-43956,(WEB *********************luồng,Released,Tính năng mới,,2026-08-06,2026-08-21,2026-08-20,2026-07-14,2026-08-25,,,,,,,,,,,,,,
EPIC,CRMCN,CRMCN-44061,Điều *********************ority,Released,Cải tiến,2026-07-08,2026-07-16,2026-07-27,2026-07-23,2026-07-16,2026-08-13,,,,,,,,,,,,,,
EPIC,CRMCN,CRMCN-44137,(WEB *********************luồng,Cancelled,Sản phẩm/dịch vụ/quy trình mới,,,,,2026-07-20,2026-07-20,,,,,,,,,,,,,,
EPIC,CRMCN,CRMCN-44567,TLPT WEB*********************/Private,Released,Tính năng mới,2026-06-16,2026-08-03,2026-08-20,2026-08-20,2026-08-03,2026-08-22,,,,,,,,,,,,,,
EPIC,CRMCN,CRMCN-45075,Bổ sun*********************ên CRM,In Progress,Cải tiến,2026-08-13,2026-08-13,2026-09-11,2026-09-03,2026-08-13,2026-08-28,,CRMCN-45219,,,,,,,,,,,,
STORY,CRMCN,CRMCN-45075,Bổ sun*********************ên CRM,In Progress,Cải tiến,2026-08-13,2026-08-13,2026-09-11,2026-09-03,2026-08-13,2026-08-28,,,CRMCN-45219,Story,Bổ sung tr********************* chốt deal,UAT DONE,,CRMCN-45220,,,,,,
SUBTASK,CRMCN,CRMCN-45075,Bổ sun*********************ên CRM,In Progress,Cải tiến,2026-08-13,2026-08-13,2026-09-11,2026-09-03,2026-08-13,2026-08-28,,,CRMCN-45219,Story,Bổ sung tr********************* chốt deal,UAT DONE,,,CRMCN-45220,BA,BA phân********************* Bancas,Done,,
EPIC,CRMCN,CRMCN-45292,[KHCN]*********************n dịch,In Progress,Tính năng mới,,2026-08-19,2026-09-11,2026-09-10,2026-08-20,2026-08-28,,"CRMCN-45294, CRMCN-45305",,,,,,,,,,,,
STORY,CRMCN,CRMCN-45292,[KHCN]*********************n dịch,In Progress,Tính năng mới,,2026-08-19,2026-09-11,2026-09-10,2026-08-20,2026-08-28,,,CRMCN-45294,Story,Tính*********************dịch,IN DEV,,CRMCN-45295,,,,,,
SUBTASK,CRMCN,CRMCN-45292,[KHCN]*********************n dịch,In Progress,Tính năng mới,,2026-08-19,2026-09-11,2026-09-10,2026-08-20,2026-08-28,,,CRMCN-45294,Story,Tính*********************dịch,IN DEV,,,CRMCN-45295,BA,BA phâ*********************n dịch,Done,,
STORY,CRMCN,CRMCN-45292,[KHCN]*********************n dịch,In Progress,Tính năng mới,,2026-08-19,2026-09-11,2026-09-10,2026-08-20,2026-08-28,,,CRMCN-45305,Story,Điều ********************* dịch,IN DEV,,CRMCN-45306,,,,,,
SUBTASK,CRMCN,CRMCN-45292,[KHCN]*********************n dịch,In Progress,Tính năng mới,,2026-08-19,2026-09-11,2026-09-10,2026-08-20,2026-08-28,,,CRMCN-45305,Story,Điều ********************* dịch,IN DEV,,,CRMCN-45306,BA,BA phân*********************ến dịch,Done,,
EPIC,CRMCN,CRMCN-45395,[KHCN] *********************ng bán ,In Progress,Tính năng mới,,2026-08-24,2026-09-18,2026-09-15,2026-08-25,2026-08-28,,"CRMCN-45396, CRMCN-45407",,,,,,,,,,,,
STORY,CRMCN,CRMCN-45395,[KHCN] *********************ng bán ,In Progress,Tính năng mới,,2026-08-24,2026-09-18,2026-09-15,2026-08-25,2026-08-28,,,CRMCN-45396,Story,[APP R*********************ôm nay,Ready For Dev,,CRMCN-45397,,,,,,
SUBTASK,CRMCN,CRMCN-45395,[KHCN] *********************ng bán ,In Progress,Tính năng mới,,2026-08-24,2026-09-18,2026-09-15,2026-08-25,2026-08-28,,,CRMCN-45396,Story,[APP R*********************ôm nay,Ready For Dev,,,CRMCN-45397,BA,BA phân ********************* hôm nay,Done,,
STORY,CRMCN,CRMCN-45395,[KHCN] *********************ng bán ,In Progress,Tính năng mới,,2026-08-24,2026-09-18,2026-09-15,2026-08-25,2026-08-28,,,CRMCN-45407,Story,[APP********************* bán,IN DEV,,CRMCN-45408,,,,,,
SUBTASK,CRMCN,CRMCN-45395,[KHCN] *********************ng bán ,In Progress,Tính năng mới,,2026-08-24,2026-09-18,2026-09-15,2026-08-25,2026-08-28,,,CRMCN-45407,Story,[APP********************* bán,IN DEV,,,CRMCN-45408,BA,BA phân*********************ăng bán,Done,,
EPIC,CRMCN,CRMCN-45436,[KHCN] *********************PRIVATE,To Do,Cải tiến,2026-08-27,,,,2026-08-27,2026-08-27,,,,,,,,,,,,,,
EPIC,CRMCN,CRMCN-45506,(WEB*********************KHCN,Design,Cải tiến,,2026-08-27,2026-09-04,2026-09-04,2026-08-27,2026-08-28,,CRMCN-45507,,,,,,,,,,,,
STORY,CRMCN,CRMCN-45506,(WEB*********************KHCN,Design,Cải tiến,,2026-08-27,2026-09-04,2026-09-04,2026-08-27,2026-08-28,,,CRMCN-45507,Story,[KH*********************uất,Analyzing,,CRMCN-45508,,,,,,
SUBTASK,CRMCN,CRMCN-45506,(WEB*********************KHCN,Design,Cải tiến,,2026-08-27,2026-09-04,2026-09-04,2026-08-27,2026-08-28,,,CRMCN-45507,Story,[KH*********************uất,Analyzing,,,CRMCN-45508,BA,BA phâ*********************i suất,In Progress,,
EPIC,DL,DL-59711,[Ma*********************iệm,Cancelled,Cải tiến,,,,,2026-02-25,2026-02-27,E2E.1,,,,,,,,,,,,,
EPIC,DL,DL-61758,AC_TK*********************n vay,Released,Cải tiến,,,,,2026-03-31,2026-08-17,DL,,,,,,,,,,,,,
EPIC,DL,DL-62405,SP Tiêu*********************I-FLEXI,Cancelled,Cải tiến,2026-04-16,2026-04-16,2026-04-30,,2026-04-16,2026-04-17,DL,,,,,,,,,,,,,
EPIC,DL,DL-62520,Trạm********************* mức,Cancelled,Tính năng mới,,,,,2026-04-21,2026-04-21,,,,,,,,,,,,,,
EPIC,DL,DL-62522,Trạm********************* vay,Cancelled,Tính năng mới,,,,,2026-04-21,2026-04-21,,,,,,,,,,,,,,
EPIC,DL,DL-62813,SP Vay c*********************tất toán,Released,Sản phẩm/dịch vụ/quy trình mới,2026-05-26,2026-05-27,2026-07-16,2026-07-07,2026-04-29,2026-08-05,DL,,,,,,,,,,,,,
EPIC,DL,DL-63950,Thấu*********************mới ,Cancelled,Cải tiến,,,,,2026-05-21,2026-05-22,DL,,,,,,,,,,,,,
EPIC,DL,DL-64066,SP V********************* mới,Released,Sản phẩm/dịch vụ/quy trình mới,,,,2026-06-24,2026-05-22,2026-08-21,DL,,,,,,,,,,,,,
EPIC,DL,DL-64143,SP Vay*********************sau GN,Released,Sản phẩm/dịch vụ/quy trình mới,,2026-05-28,2026-06-25,2026-06-24,2026-05-25,2026-08-14,DL,,,,,,,,,,,,,
EPIC,DL,DL-64366,CR *********************ích,Pending,Tính năng mới,,2026-06-11,2026-07-02,,2026-05-28,2026-06-22,,DL-64374,,,,,,,,,,,,
STORY,DL,DL-64366,CR *********************ích,Pending,Tính năng mới,,2026-06-11,2026-07-02,,2026-05-28,2026-06-22,,,DL-64374,Story,App c*********************đích ,Ready For Dev,"DL, E2E.3",DL-64380,,,,,,
SUBTASK,DL,DL-64366,CR *********************ích,Pending,Tính năng mới,,2026-06-11,2026-07-02,,2026-05-28,2026-06-22,,,DL-64374,Story,App c*********************đích ,Ready For Dev,"DL, E2E.3",,DL-64380,BA,Th*********************ch,Done,2026-05-29,2026-05-29
EPIC,DL,DL-64791,Phát *********************BBank,Released,Tính năng mới,,2026-06-11,,2026-07-01,2026-06-03,2026-08-25,,,,,,,,,,,,,,
EPIC,DL,DL-65580,Bổ*********************RA,In Progress,Cải tiến,,,2026-06-25,2026-06-25,2026-06-17,2026-08-13,,,,,,,,,,,,,,
EPIC,DL,DL-66472,[LD-T*********************g T24,Cancelled,Cải tiến,2026-07-01,,,,2026-07-06,2026-07-21,DL,,,,,,,,,,,,,
EPIC,DL,DL-66509,Vay tiê*********************oản vay,R4GOLIVE,Sản phẩm/dịch vụ/quy trình mới,,2026-08-12,,2026-08-26,2026-07-07,2026-08-28,,"DL-66522, DL-66524",,,,,,,,,,,,
STORY,DL,DL-66509,Vay tiê*********************oản vay,R4GOLIVE,Sản phẩm/dịch vụ/quy trình mới,,2026-08-12,,2026-08-26,2026-07-07,2026-08-28,,,DL-66522,Story,[TGL********************* App,Ready For Golive,E2E.1,,,,,,,
STORY,DL,DL-66509,Vay tiê*********************oản vay,R4GOLIVE,Sản phẩm/dịch vụ/quy trình mới,,2026-08-12,,2026-08-26,2026-07-07,2026-08-28,,,DL-66524,Story,[TGLH*********************ả góp,Cancelled,E2E.1,,,,,,,
EPIC,DL,DL-66753,Bổ sun*********************p đoàn,To Do,Cải tiến,,,,,2026-07-20,2026-07-20,,,,,,,,,,,,,,
EPIC,DL,DL-66834,[LD-TK*********************hạn LD,Pilot,Tính năng mới,2026-07-20,2026-07-21,,2026-08-07,2026-07-21,2026-08-20,DL,,,,,,,,,,,,,
EPIC,DL,DL-66847,[LD_*********************oán ,In Progress,Sản phẩm/dịch vụ/quy trình mới,,2026-08-24,,,2026-07-22,2026-08-28,,"DL-66870, DL-66871, DL-66873",,,,,,,,,,,,
STORY,DL,DL-66847,[LD_*********************oán ,In Progress,Sản phẩm/dịch vụ/quy trình mới,,2026-08-24,,,2026-07-22,2026-08-28,,,DL-66870,Story,Khách********************* hoạt,Ready For Test,DL,DL-67140,,,,,,
SUBTASK,DL,DL-66847,[LD_*********************oán ,In Progress,Sản phẩm/dịch vụ/quy trình mới,,2026-08-24,,,2026-07-22,2026-08-28,,,DL-66870,Story,Khách********************* hoạt,Ready For Test,DL,,DL-67140,BA,Vi*********************ch,Done,2026-07-28,2026-07-30
STORY,DL,DL-66847,[LD_*********************oán ,In Progress,Sản phẩm/dịch vụ/quy trình mới,,2026-08-24,,,2026-07-22,2026-08-28,,,DL-66871,Story,Khách*********************n App,IN DEV,DL,DL-67139,,,,,,
SUBTASK,DL,DL-66847,[LD_*********************oán ,In Progress,Sản phẩm/dịch vụ/quy trình mới,,2026-08-24,,,2026-07-22,2026-08-28,,,DL-66871,Story,Khách*********************n App,IN DEV,DL,,DL-67139,BA,Vi*********************ch,Done,2026-07-28,2026-07-30
STORY,DL,DL-66847,[LD_*********************oán ,In Progress,Sản phẩm/dịch vụ/quy trình mới,,2026-08-24,,,2026-07-22,2026-08-28,,,DL-66873,Story,Khác*********************hoạt,Ready For Test,DL,DL-67138,,,,,,
SUBTASK,DL,DL-66847,[LD_*********************oán ,In Progress,Sản phẩm/dịch vụ/quy trình mới,,2026-08-24,,,2026-07-22,2026-08-28,,,DL-66873,Story,Khác*********************hoạt,Ready For Test,DL,,DL-67138,BA,Vi*********************ch,Done,2026-07-28,2026-07-30
EPIC,DL,DL-67596,Ch*********************ếu,In Progress,Sản phẩm,,,,,2026-08-11,2026-08-28,,"DL-67599, DL-67601, DL-67664",,,,,,,,,,,,
STORY,DL,DL-67596,Ch*********************ếu,In Progress,Sản phẩm,,,,,2026-08-11,2026-08-28,,,DL-67599,Story,[LD_********************* vay,DEV DONE,,DL-67603,,,,,,
SUBTASK,DL,DL-67596,Ch*********************ếu,In Progress,Sản phẩm,,,,,2026-08-11,2026-08-28,,,DL-67599,Story,[LD_********************* vay,DEV DONE,,,DL-67603,BA,Th*********************ch,Done,2026-08-12,2026-08-12
STORY,DL,DL-67596,Ch*********************ếu,In Progress,Sản phẩm,,,,,2026-08-11,2026-08-28,,,DL-67601,Story,[LD_*********************y ký,DEV DONE,,,,,,,,
STORY,DL,DL-67596,Ch*********************ếu,In Progress,Sản phẩm,,,,,2026-08-11,2026-08-28,,,DL-67664,Story,[LD_********************* lô ,Ready For Dev,,DL-67665,,,,,,
SUBTASK,DL,DL-67596,Ch*********************ếu,In Progress,Sản phẩm,,,,,2026-08-11,2026-08-28,,,DL-67664,Story,[LD_********************* lô ,Ready For Dev,,,DL-67665,BA,Th*********************h ,Done,2026-08-12,2026-08-12
EPIC,DL,DL-67880,Vay *********************com ,In Progress,Cải tiến,,,,,2026-08-14,2026-08-21,,DL-68033,,,,,,,,,,,,
STORY,DL,DL-67880,Vay *********************com ,In Progress,Cải tiến,,,,,2026-08-14,2026-08-21,,,DL-68033,Story,Vay C*********************Vacom,Ready For Golive,,,,,,,,
EPIC,DL,DL-68642,Bổ sung *********************iải ngân,To Do,Cải tiến,,,,,2026-08-26,2026-08-27,,DL-68643,,,,,,,,,,,,
STORY,DL,DL-68642,Bổ sung *********************iải ngân,To Do,Cải tiến,,,,,2026-08-26,2026-08-27,,,DL-68643,Story,Bổ sung *********************iải ngân,To Do,DL,,,,,,,
EPIC,HCM,HCM-124008,Tr*********************ác,Cancelled,Phát triển mới,,2026-01-09,2026-12-31,,2026-02-09,2026-04-01,Team_Sai_Gon,,,,,,,,,,,,,
EPIC,HCM,HCM-126018,Cả*********************o ,Cancelled,Cải tiến,,,,,2026-03-17,2026-04-17,,,,,,,,,,,,,,
EPIC,HCM,HCM-128259,Phát t*********************ào tạo,Released,Sản phẩm/dịch vụ/quy trình mới,2026-05-28,2026-05-28,2026-06-30,2026-06-29,2026-05-05,2026-08-21,,,,,,,,,,,,,,
EPIC,HCM,HCM-130100,Cả*********************ng,Released,Cải tiến,,2026-06-17,2026-07-10,2026-07-06,2026-06-10,2026-08-11,Payroll,,,,,,,,,,,,,
EPIC,HCM,HCM-130276,Cải *********************oạch,In Progress,Cải tiến,2026-08-27,2026-08-27,2026-08-21,,2026-06-16,2026-08-24,,"HCM-133109, HCM-133116, HCM-133127, HCM-133137, HCM-133149, HCM-133164",,,,,,,,,,,,
SUBTASK,HCM,HCM-130276,Cải *********************oạch,In Progress,Cải tiến,2026-08-27,2026-08-27,2026-08-21,,2026-06-16,2026-08-24,,,,,,,,,HCM-133478,BA,Ho*********************tả,Done,2026-08-17,2026-08-19
STORY,HCM,HCM-130276,Cải *********************oạch,In Progress,Cải tiến,2026-08-27,2026-08-27,2026-08-21,,2026-06-16,2026-08-24,,,HCM-133109,Story,2026*********************việc,IN UAT,,,,,,,,
STORY,HCM,HCM-130276,Cải *********************oạch,In Progress,Cải tiến,2026-08-27,2026-08-27,2026-08-21,,2026-06-16,2026-08-24,,,HCM-133116,Story,2026.********************* việc,IN SIT,,,,,,,,
STORY,HCM,HCM-130276,Cải *********************oạch,In Progress,Cải tiến,2026-08-27,2026-08-27,2026-08-21,,2026-06-16,2026-08-24,,,HCM-133127,Story,2026.0*********************đơn vị,IN SIT,,,,,,,,
STORY,HCM,HCM-130276,Cải *********************oạch,In Progress,Cải tiến,2026-08-27,2026-08-27,2026-08-21,,2026-06-16,2026-08-24,,,HCM-133137,Story,2026.*********************ơn vị,IN SIT,,,,,,,,
STORY,HCM,HCM-130276,Cải *********************oạch,In Progress,Cải tiến,2026-08-27,2026-08-27,2026-08-21,,2026-06-16,2026-08-24,,,HCM-133149,Story,2026.*********************R PNS,Pending,,,,,,,,
STORY,HCM,HCM-130276,Cải *********************oạch,In Progress,Cải tiến,2026-08-27,2026-08-27,2026-08-21,,2026-06-16,2026-08-24,,,HCM-133164,Story,2026.0*********************g lưới,IN DEV,,,,,,,,
EPIC,HCM,HCM-131481,abce,Cancelled,Cải tiến,,,,,2026-07-09,2026-07-09,,,,,,,,,,,,,,
EPIC,HCM,HCM-131520,LE*********************2),Released,Tính năng mới,,2026-07-15,2026-08-03,2026-08-03,2026-07-13,2026-08-12,,,,,,,,,,,,,,
EPIC,HCM,HCM-131673,HCM - *********************ịch vụ,Released,Cải tiến,,2026-07-31,2026-08-20,2026-08-19,2026-07-17,2026-08-21,,,,,,,,,,,,,,
EPIC,HCM,HCM-131699,Xây dự*********************ckdate,Released,Tính năng mới,2026-07-31,2026-07-31,2026-08-20,2026-08-19,2026-07-20,2026-08-21,Payroll,,,,,,,,,,,,,
EPIC,HCM,HCM-131962,2026*********************E-CN,Released,Cải tiến,2026-08-04,2026-08-04,2026-08-24,2026-08-22,2026-07-24,2026-08-25,Payroll,,,,,,,,,,,,,
EPIC,HCM,HCM-131969,202608*********************chế độ,Released,Cải tiến,2026-08-06,2026-08-06,2026-08-26,2026-08-25,2026-07-27,2026-08-26,,,,,,,,,,,,,,
EPIC,HCM,HCM-132961,202*********************SME,R4GOLIVE,Cải tiến,2026-08-11,2026-08-11,,2026-08-27,2026-08-11,2026-08-28,Payroll,"HCM-132962, HCM-132973, HCM-132984",,,,,,,,,,,,
STORY,HCM,HCM-132961,202*********************SME,R4GOLIVE,Cải tiến,2026-08-11,2026-08-11,,2026-08-27,2026-08-11,2026-08-28,Payroll,,HCM-132962,Story,4. *********************SME,Ready For Golive,,,,,,,,
STORY,HCM,HCM-132961,202*********************SME,R4GOLIVE,Cải tiến,2026-08-11,2026-08-11,,2026-08-27,2026-08-11,2026-08-28,Payroll,,HCM-132973,Story,5. C********************* SME,Ready For Golive,,,,,,,,
STORY,HCM,HCM-132961,202*********************SME,R4GOLIVE,Cải tiến,2026-08-11,2026-08-11,,2026-08-27,2026-08-11,2026-08-28,Payroll,,HCM-132984,Story,6. T*********************-SME,Ready For Golive,,,,,,,,
EPIC,HCM,HCM-133730,Cải *********************TTTT,In Progress,Cải tiến,2026-08-18,2026-08-18,,,2026-08-24,2026-08-25,,"HCM-133731, HCM-133742, HCM-133753",,,,,,,,,,,,
STORY,HCM,HCM-133730,Cải *********************TTTT,In Progress,Cải tiến,2026-08-18,2026-08-18,,,2026-08-24,2026-08-25,,,HCM-133731,Story,9. *********************TTM,IN DEV,,,,,,,,
STORY,HCM,HCM-133730,Cải *********************TTTT,In Progress,Cải tiến,2026-08-18,2026-08-18,,,2026-08-24,2026-08-25,,,HCM-133742,Story,10. *********************TTTM,IN DEV,,,,,,,,
STORY,HCM,HCM-133730,Cải *********************TTTT,In Progress,Cải tiến,2026-08-18,2026-08-18,,,2026-08-24,2026-08-25,,,HCM-133753,Story,11. *********************TTTM,IN DEV,,,,,,,,
EPIC,MSME,MSME-21158,TINH*********************BPM),Cancelled,Cải tiến,,,,,2026-02-05,2026-04-01,,,,,,,,,,,,,,
EPIC,MSME,MSME-21168,Phát ********************* KHDN,Cancelled,Sản phẩm/dịch vụ/quy trình mới,,2026-07-24,,,2026-02-06,2026-07-27,,,,,,,,,,,,,,
EPIC,MSME,MSME-21199,TRUY********************* 2.0,Pending,Cải tiến,,2026-02-11,2026-02-28,,2026-02-11,2026-06-17,BIZ 2.0 lending,MSME-21501,,,,,,,,,,,,
SUBTASK,MSME,MSME-21199,TRUY********************* 2.0,Pending,Cải tiến,,2026-02-11,2026-02-28,,2026-02-11,2026-06-17,BIZ 2.0 lending,,,,,,,,MSME-21475,Elicitate,Trao đổi*********************ải pháp ,Done,,
SUBTASK,MSME,MSME-21199,TRUY********************* 2.0,Pending,Cải tiến,,2026-02-11,2026-02-28,,2026-02-11,2026-06-17,BIZ 2.0 lending,,,,,,,,MSME-21737,BA,MVP2:*********************ích  ,Done,,
STORY,MSME,MSME-21199,TRUY********************* 2.0,Pending,Cải tiến,,2026-02-11,2026-02-28,,2026-02-11,2026-06-17,BIZ 2.0 lending,,MSME-21501,Story,MVP1: *********************IZ 1.0,UAT DONE,,MSME-21502,,,,,,
SUBTASK,MSME,MSME-21199,TRUY********************* 2.0,Pending,Cải tiến,,2026-02-11,2026-02-28,,2026-02-11,2026-06-17,BIZ 2.0 lending,,MSME-21501,Story,MVP1: *********************IZ 1.0,UAT DONE,,,MSME-21502,BA,Phân t*********************IZ 1.0,Done,,
EPIC,MSME,MSME-21219,US: [BIZ L*********************bằng DOTP),To Do,Cải tiến,,,,,2026-02-12,2026-02-12,,,,,,,,,,,,,,
EPIC,MSME,MSME-21228,tự đ*********************động,To Do,Tính năng mới,,2026-03-02,,,2026-02-12,2026-03-03,,,,,,,,,,,,,,
EPIC,MSME,MSME-21233,[Biz-*********************g vốn,R4GOLIVE,Cải tiến,,,,2026-06-30,2026-02-13,2026-08-05,,"MSME-22473, MSME-22474, MSME-22475, MSME-22476, MSME-22477, MSME-22478, MSME-23272, SBU-123951, SBU-124079, SBU-124098, SBU-124113, SBU-124135",,,,,,,,,,,,
SUBTASK,MSME,MSME-21233,[Biz-*********************g vốn,R4GOLIVE,Cải tiến,,,,2026-06-30,2026-02-13,2026-08-05,,,,,,,,,MSME-21875,Elicitate,Phâ*********************bài,Done,,
STORY,MSME,MSME-21233,[Biz-*********************g vốn,R4GOLIVE,Cải tiến,,,,2026-06-30,2026-02-13,2026-08-05,,,MSME-22473,Story,BIZ_Khở*********************ng xuôi,Ready For Dev,,MSME-22665,,,,,,
SUBTASK,MSME,MSME-21233,[Biz-*********************g vốn,R4GOLIVE,Cải tiến,,,,2026-06-30,2026-02-13,2026-08-05,,,MSME-22473,Story,BIZ_Khở*********************ng xuôi,Ready For Dev,,,MSME-22665,BA,Hoàn thiệ*********************uồng xuôi,Done,,
STORY,MSME,MSME-21233,[Biz-*********************g vốn,R4GOLIVE,Cải tiến,,,,2026-06-30,2026-02-13,2026-08-05,,,MSME-22474,Story,BIZ_Make*********************ng xuôi ,SIT DONE,,MSME-22657,,,,,,
SUBTASK,MSME,MSME-21233,[Biz-*********************g vốn,R4GOLIVE,Cải tiến,,,,2026-06-30,2026-02-13,2026-08-05,,,MSME-22474,Story,BIZ_Make*********************ng xuôi ,SIT DONE,,,MSME-22657,BA,Hoàn t********************* hồ sơ,Done,,
STORY,MSME,MSME-21233,[Biz-*********************g vốn,R4GOLIVE,Cải tiến,,,,2026-06-30,2026-02-13,2026-08-05,,,MSME-22475,Story,BIZ_Re********************* hồ sơ,Ready For Golive,,,,,,,,
STORY,MSME,MSME-21233,[Biz-*********************g vốn,R4GOLIVE,Cải tiến,,,,2026-06-30,2026-02-13,2026-08-05,,,MSME-22476,Story,BIZ_Bổ *********************g ngược,Cancelled,,,,,,,,
STORY,MSME,MSME-21233,[Biz-*********************g vốn,R4GOLIVE,Cải tiến,,,,2026-06-30,2026-02-13,2026-08-05,,,MSME-22477,Story,BIZ_Tr*********************online,Cancelled,,,,,,,,
STORY,MSME,MSME-21233,[Biz-*********************g vốn,R4GOLIVE,Cải tiến,,,,2026-06-30,2026-02-13,2026-08-05,,,MSME-22478,Story,BIZ_Truy*********************thấu chi,Cancelled,,,,,,,,
STORY,MSME,MSME-21233,[Biz-*********************g vốn,R4GOLIVE,Cải tiến,,,,2026-06-30,2026-02-13,2026-08-05,,,MSME-23272,Story,BIZ*********************ail,Cancelled,,,,,,,,
STORY,SBU,MSME-21233,[Biz-*********************g vốn,R4GOLIVE,Cải tiến,,,,2026-06-30,2026-02-13,2026-08-05,,,SBU-123951,Story,BPM_Chỉ*********************ương án,Cancelled,,,,,,,,
STORY,SBU,MSME-21233,[Biz-*********************g vốn,R4GOLIVE,Cải tiến,,,,2026-06-30,2026-02-13,2026-08-05,,,SBU-124079,Story,BPM_Jo*********************i ngân,Cancelled,,,,,,,,
STORY,SBU,MSME-21233,[Biz-*********************g vốn,R4GOLIVE,Cải tiến,,,,2026-06-30,2026-02-13,2026-08-05,,,SBU-124098,Story,BPM_Ch*********************ng vốn,Ready For Golive,,,,,,,,
STORY,SBU,MSME-21233,[Biz-*********************g vốn,R4GOLIVE,Cải tiến,,,,2026-06-30,2026-02-13,2026-08-05,,,SBU-124113,Story,BPM_********************* GSS,Ready For Golive,,,,,,,,
STORY,SBU,MSME-21233,[Biz-*********************g vốn,R4GOLIVE,Cải tiến,,,,2026-06-30,2026-02-13,2026-08-05,,,SBU-124135,Story,BPM_Chỉ********************* của AI,UAT DONE,,SBU-124136,,,,,,
SUBTASK,SBU,MSME-21233,[Biz-*********************g vốn,R4GOLIVE,Cải tiến,,,,2026-06-30,2026-02-13,2026-08-05,,,SBU-124135,Story,BPM_Chỉ********************* của AI,UAT DONE,,,SBU-124136,BA,Viết đặc*********************á của AI,Done,,
EPIC,MSME,MSME-21235,[BP*********************BPM,Cancelled,Cải tiến,,,,,2026-02-13,2026-03-18,,,,,,,,,,,,,,
EPIC,MSME,MSME-21253,TE*********************RA,Cancelled,Cải tiến,,2026-02-11,2026-02-28,,2026-02-24,2026-03-13,,,,,,,,,,,,,,
EPIC,MSME,MSME-21455,Chỉnh*********************n tại,To Do,Cải tiến,,,,,2026-03-10,2026-03-17,Team BPM Xét duyệt,,,,,,,,,,,,,
EPIC,MSME,MSME-21909,Xử *********************CĐX,To Do,Tính năng mới,2026-04-10,,,,2026-04-07,2026-04-07,,,,,,,,,,,,,,
EPIC,MSME,MSME-21931,truy********************* 2.0,Pending,Tính năng mới,2026-04-09,,,,2026-04-09,2026-04-22,,MSME-22149,,,,,,,,,,,,
SUBTASK,MSME,MSME-21931,truy********************* 2.0,Pending,Tính năng mới,2026-04-09,,,,2026-04-09,2026-04-22,,,,,,,,,MSME-22110,Elicitate,Ph*********************an,Done,,
STORY,MSME,MSME-21931,truy********************* 2.0,Pending,Tính năng mới,2026-04-09,,,,2026-04-09,2026-04-22,,,MSME-22149,Story,Make********************* chi,Pending,,,,,,,,
EPIC,MSME,MSME-21985,GNTĐ nợ *********************ian BSHS,Cancelled,Cải tiến,,,,,2026-04-14,2026-05-20,,,,,,,,,,,,,,
EPIC,MSME,MSME-21995,SCF_********************* BIZ,Released,Cải tiến,2026-06-09,2026-06-09,2026-08-22,2026-07-30,2026-04-14,2026-08-26,,,,,,,,,,,,,,
EPIC,MSME,MSME-22022,Điều chỉ********************* dài hạn,Cancelled,Cải tiến,,,,,2026-04-16,2026-04-17,,,,,,,,,,,,,,
EPIC,MSME,MSME-22100,Mis*********************c 1,To Do,Cải tiến,2026-04-20,,,,2026-04-20,2026-04-20,,,,,,,,,,,,,,
EPIC,MSME,MSME-22187,Chỉnh *********************êu nhỏ,Cancelled,Cải tiến,,,,,2026-04-28,2026-05-25,,,,,,,,,,,,,,
EPIC,MSME,MSME-22349,tính n*********************n dung,To Do,Tính năng mới,2026-05-15,,,,2026-05-15,2026-07-13,,,,,,,,,,,,,,
EPIC,MSME,MSME-22414,US 2*********************GNOL,To Do,Tính năng mới,2026-05-19,2026-05-19,2026-06-30,,2026-05-19,2026-05-19,,,,,,,,,,,,,,
EPIC,MSME,MSME-22415,Luồn********************* gia,Released,Tính năng mới,2026-06-29,2026-06-29,2026-07-17,2026-07-17,2026-05-19,2026-08-26,,,,,,,,,,,,,,
EPIC,MSME,MSME-22438,MSME: N*********************hạn mức,To Do,Cải tiến,,,,,2026-05-20,2026-05-20,,,,,,,,,,,,,,
EPIC,MSME,MSME-22447,Luồng*********************UPPER,Cancelled,Tính năng mới,2026-05-19,2026-05-19,2026-06-30,,2026-05-22,2026-07-10,,,,,,,,,,,,,,
EPIC,MSME,MSME-22672,Đóng trườn*********************g 6.2026)),Cancelled,Cải tiến,,,,,2026-06-02,2026-06-08,,,,,,,,,,,,,,
EPIC,MSME,MSME-22698,Giải p*********************r CIB ,Cancelled,Cải tiến,,,,,2026-06-04,2026-06-04,,,,,,,,,,,,,,
EPIC,MSME,MSME-22963,Tinh*********************oved,Released,Cải tiến,,2026-06-19,,2026-07-09,2026-06-22,2026-08-25,,,,,,,,,,,,,,
EPIC,MSME,MSME-23214,điề*********************chi,R4GOLIVE,Cải tiến,2026-07-13,,,2026-08-04,2026-07-02,2026-08-18,,MSME-23327,,,,,,,,,,,,
SUBTASK,MSME,MSME-23214,điề*********************chi,R4GOLIVE,Cải tiến,2026-07-13,,,2026-08-04,2026-07-02,2026-08-18,,,,,,,,,MSME-23317,Elicitate,Phâ*********************bài,Done,,
STORY,MSME,MSME-23214,điề*********************chi,R4GOLIVE,Cải tiến,2026-07-13,,,2026-08-04,2026-07-02,2026-08-18,,,MSME-23327,Story,BIZ_C*********************u chi,UAT DONE,,MSME-23329,,,,,,
SUBTASK,MSME,MSME-23214,điề*********************chi,R4GOLIVE,Cải tiến,2026-07-13,,,2026-08-04,2026-07-02,2026-08-18,,,MSME-23327,Story,BIZ_C*********************u chi,UAT DONE,,,MSME-23329,BA,Ho*********************tả,Done,,
EPIC,MSME,MSME-23228,Tinh c*********************g Misa,To Do,Cải tiến,2026-07-06,,,,2026-07-06,2026-08-05,,,,,,,,,,,,,,
EPIC,MSME,MSME-23341,Cải ti********************* ngược,In Progress,Tính năng mới,2026-08-07,,,2026-08-20,2026-07-15,2026-08-28,,"MSME-23358, MSME-23359, MSME-23360, MSME-23361, MSME-23362, MSME-23363, MSME-23364, MSME-23647, MSME-24254, MSME-24255, MSME-24256, MSME-24257, SBU-129190, SBU-130057, SBU-130986, SBU-130995, SBU-131408, SBU-131740, SBU-133908, SBU-135279, SBU-135288",,,,,,,,,,,,
SUBTASK,MSME,MSME-23341,Cải ti********************* ngược,In Progress,Tính năng mới,2026-08-07,,,2026-08-20,2026-07-15,2026-08-28,,,,,,,,,MSME-23351,Elicitate,Phâ*********************bài,Done,,
STORY,MSME,MSME-23341,Cải ti********************* ngược,In Progress,Tính năng mới,2026-08-07,,,2026-08-20,2026-07-15,2026-08-28,,,MSME-23358,Story,BIZ_*********************ồ sơ,UAT DONE,,MSME-23365,,,,,,
SUBTASK,MSME,MSME-23341,Cải ti********************* ngược,In Progress,Tính năng mới,2026-08-07,,,2026-08-20,2026-07-15,2026-08-28,,,MSME-23358,Story,BIZ_*********************ồ sơ,UAT DONE,,,MSME-23365,BA,Ho*********************tả,Done,,
STORY,MSME,MSME-23341,Cải ti********************* ngược,In Progress,Tính năng mới,2026-08-07,,,2026-08-20,2026-07-15,2026-08-28,,,MSME-23359,Story,BIZ_Releas********************* người tạo,IN UAT,,MSME-23366,,,,,,
SUBTASK,MSME,MSME-23341,Cải ti********************* ngược,In Progress,Tính năng mới,2026-08-07,,,2026-08-20,2026-07-15,2026-08-28,,,MSME-23359,Story,BIZ_Releas********************* người tạo,IN UAT,,,MSME-23366,BA,Ho*********************tả,Done,,
STORY,MSME,MSME-23341,Cải ti********************* ngược,In Progress,Tính năng mới,2026-08-07,,,2026-08-20,2026-07-15,2026-08-28,,,MSME-23360,Story,BIZ_Ma*********************rả lại,UAT DONE,,MSME-23367,,,,,,
SUBTASK,MSME,MSME-23341,Cải ti********************* ngược,In Progress,Tính năng mới,2026-08-07,,,2026-08-20,2026-07-15,2026-08-28,,,MSME-23360,Story,BIZ_Ma*********************rả lại,UAT DONE,,,MSME-23367,BA,Ho*********************tả,Done,,
STORY,MSME,MSME-23341,Cải ti********************* ngược,In Progress,Tính năng mới,2026-08-07,,,2026-08-20,2026-07-15,2026-08-28,,,MSME-23361,Story,BIZ_M*********************ả lại,UAT DONE,,MSME-23368,,,,,,
SUBTASK,MSME,MSME-23341,Cải ti********************* ngược,In Progress,Tính năng mới,2026-08-07,,,2026-08-20,2026-07-15,2026-08-28,,,MSME-23361,Story,BIZ_M*********************ả lại,UAT DONE,,,MSME-23368,BA,Ho*********************tả,Done,,
STORY,MSME,MSME-23341,Cải ti********************* ngược,In Progress,Tính năng mới,2026-08-07,,,2026-08-20,2026-07-15,2026-08-28,,,MSME-23362,Story,BIZ_Re*********************rả lại,SIT DONE,,MSME-23369,,,,,,
SUBTASK,MSME,MSME-23341,Cải ti********************* ngược,In Progress,Tính năng mới,2026-08-07,,,2026-08-20,2026-07-15,2026-08-28,,,MSME-23362,Story,BIZ_Re*********************rả lại,SIT DONE,,,MSME-23369,BA,Ho*********************tả,Done,,
STORY,MSME,MSME-23341,Cải ti********************* ngược,In Progress,Tính năng mới,2026-08-07,,,2026-08-20,2026-07-15,2026-08-28,,,MSME-23363,Story,BIZ_*********************thái,UAT DONE,,MSME-23370,,,,,,
SUBTASK,MSME,MSME-23341,Cải ti********************* ngược,In Progress,Tính năng mới,2026-08-07,,,2026-08-20,2026-07-15,2026-08-28,,,MSME-23363,Story,BIZ_*********************thái,UAT DONE,,,MSME-23370,BA,Ho*********************tả,Done,,
STORY,MSME,MSME-23341,Cải ti********************* ngược,In Progress,Tính năng mới,2026-08-07,,,2026-08-20,2026-07-15,2026-08-28,,,MSME-23364,Story,BIZ*********************oti,UAT DONE,,MSME-23371,,,,,,
SUBTASK,MSME,MSME-23341,Cải ti********************* ngược,In Progress,Tính năng mới,2026-08-07,,,2026-08-20,2026-07-15,2026-08-28,,,MSME-23364,Story,BIZ*********************oti,UAT DONE,,,MSME-23371,BA,Ho*********************tả,Done,,
STORY,MSME,MSME-23341,Cải ti********************* ngược,In Progress,Tính năng mới,2026-08-07,,,2026-08-20,2026-07-15,2026-08-28,,,MSME-23647,Story,BIZ_Xá*********************ntrust,Pending,,,,,,,,
STORY,MSME,MSME-23341,Cải ti********************* ngược,In Progress,Tính năng mới,2026-08-07,,,2026-08-20,2026-07-15,2026-08-28,,,MSME-24254,Story,BIZ_C*********************hồ sơ,READY FOR REFINE,,MSME-24258,,,,,,
SUBTASK,MSME,MSME-23341,Cải ti********************* ngược,In Progress,Tính năng mới,2026-08-07,,,2026-08-20,2026-07-15,2026-08-28,,,MSME-24254,Story,BIZ_C*********************hồ sơ,READY FOR REFINE,,,MSME-24258,BA,Ho*********************tả,Done,,
STORY,MSME,MSME-23341,Cải ti********************* ngược,In Progress,Tính năng mới,2026-08-07,,,2026-08-20,2026-07-15,2026-08-28,,,MSME-24255,Story,BIZ_Cải*********************g xuôi),READY FOR REFINE,,MSME-24259,,,,,,
SUBTASK,MSME,MSME-23341,Cải ti********************* ngược,In Progress,Tính năng mới,2026-08-07,,,2026-08-20,2026-07-15,2026-08-28,,,MSME-24255,Story,BIZ_Cải*********************g xuôi),READY FOR REFINE,,,MSME-24259,BA,Ho*********************tả,Done,,
STORY,MSME,MSME-23341,Cải ti********************* ngược,In Progress,Tính năng mới,2026-08-07,,,2026-08-20,2026-07-15,2026-08-28,,,MSME-24256,Story,BIZ_Mở*********************iền lô,READY FOR REFINE,,MSME-24263,,,,,,
SUBTASK,MSME,MSME-23341,Cải ti********************* ngược,In Progress,Tính năng mới,2026-08-07,,,2026-08-20,2026-07-15,2026-08-28,,,MSME-24256,Story,BIZ_Mở*********************iền lô,READY FOR REFINE,,,MSME-24263,BA,Ho*********************tả,Done,,
STORY,MSME,MSME-23341,Cải ti********************* ngược,In Progress,Tính năng mới,2026-08-07,,,2026-08-20,2026-07-15,2026-08-28,,,MSME-24257,Story,BIZ_Ch*********************ái Hủy,READY FOR REFINE,,MSME-24264,,,,,,
SUBTASK,MSME,MSME-23341,Cải ti********************* ngược,In Progress,Tính năng mới,2026-08-07,,,2026-08-20,2026-07-15,2026-08-28,,,MSME-24257,Story,BIZ_Ch*********************ái Hủy,READY FOR REFINE,,,MSME-24264,BA,Ho*********************tả,Done,,
STORY,SBU,MSME-23341,Cải ti********************* ngược,In Progress,Tính năng mới,2026-08-07,,,2026-08-20,2026-07-15,2026-08-28,,,SBU-129190,Story,BPM_M*********************hồ sơ,Ready For Golive,Smart BPM Triển khai tín dụng,,,,,,,
STORY,SBU,MSME-23341,Cải ti********************* ngược,In Progress,Tính năng mới,2026-08-07,,,2026-08-20,2026-07-15,2026-08-28,,,SBU-130057,Story,BPM_Chỉ********************* sơ GSS,Ready For Golive,,,,,,,,
STORY,SBU,MSME-23341,Cải ti********************* ngược,In Progress,Tính năng mới,2026-08-07,,,2026-08-20,2026-07-15,2026-08-28,,,SBU-130986,Story,BPM_Chỉnh********************* khởi tạo,IN DEV,,SBU-131004,,,,,,
SUBTASK,SBU,MSME-23341,Cải ti********************* ngược,In Progress,Tính năng mới,2026-08-07,,,2026-08-20,2026-07-15,2026-08-28,,,SBU-130986,Story,BPM_Chỉnh********************* khởi tạo,IN DEV,,,SBU-131004,BA,Ho*********************tả,Done,,
STORY,SBU,MSME-23341,Cải ti********************* ngược,In Progress,Tính năng mới,2026-08-07,,,2026-08-20,2026-07-15,2026-08-28,,,SBU-130995,Story,BPM_Chỉnh********************* khởi tạo,IN DEV,,SBU-131005,,,,,,
SUBTASK,SBU,MSME-23341,Cải ti********************* ngược,In Progress,Tính năng mới,2026-08-07,,,2026-08-20,2026-07-15,2026-08-28,,,SBU-130995,Story,BPM_Chỉnh********************* khởi tạo,IN DEV,,,SBU-131005,BA,Ho*********************tả,Done,,
STORY,SBU,MSME-23341,Cải ti********************* ngược,In Progress,Tính năng mới,2026-08-07,,,2026-08-20,2026-07-15,2026-08-28,,,SBU-131408,Story,BPM_Ph*********************t sau ,Ready For Golive,,,,,,,,
STORY,SBU,MSME-23341,Cải ti********************* ngược,In Progress,Tính năng mới,2026-08-07,,,2026-08-20,2026-07-15,2026-08-28,,,SBU-131740,Story,BPM_Mà*********************ơng án,Ready For Dev,,SBU-131749,,,,,,
SUBTASK,SBU,MSME-23341,Cải ti********************* ngược,In Progress,Tính năng mới,2026-08-07,,,2026-08-20,2026-07-15,2026-08-28,,,SBU-131740,Story,BPM_Mà*********************ơng án,Ready For Dev,,,SBU-131749,BA,Ho*********************tả,Done,,
STORY,SBU,MSME-23341,Cải ti********************* ngược,In Progress,Tính năng mới,2026-08-07,,,2026-08-20,2026-07-15,2026-08-28,,,SBU-133908,Story,BPM_C*********************t sau,READY FOR REFINE,,SBU-133917,,,,,,
SUBTASK,SBU,MSME-23341,Cải ti********************* ngược,In Progress,Tính năng mới,2026-08-07,,,2026-08-20,2026-07-15,2026-08-28,,,SBU-133908,Story,BPM_C*********************t sau,READY FOR REFINE,,,SBU-133917,BA,Ho*********************tả,Done,,
STORY,SBU,MSME-23341,Cải ti********************* ngược,In Progress,Tính năng mới,2026-08-07,,,2026-08-20,2026-07-15,2026-08-28,,,SBU-135279,Story,BPM_Cả*********************át sau,Analyzing,,SBU-135290,,,,,,
SUBTASK,SBU,MSME-23341,Cải ti********************* ngược,In Progress,Tính năng mới,2026-08-07,,,2026-08-20,2026-07-15,2026-08-28,,,SBU-135279,Story,BPM_Cả*********************át sau,Analyzing,,,SBU-135290,BA,Ho*********************tả,In Progress,,
STORY,SBU,MSME-23341,Cải ti********************* ngược,In Progress,Tính năng mới,2026-08-07,,,2026-08-20,2026-07-15,2026-08-28,,,SBU-135288,Story,BPM_Cả*********************át sau,Analyzing,,SBU-135289,,,,,,
SUBTASK,SBU,MSME-23341,Cải ti********************* ngược,In Progress,Tính năng mới,2026-08-07,,,2026-08-20,2026-07-15,2026-08-28,,,SBU-135288,Story,BPM_Cả*********************át sau,Analyzing,,,SBU-135289,BA,Ho*********************tả,In Progress,,
EPIC,MSME,MSME-23404,US 3.*********************2026),Released,Cải tiến,2026-07-29,2026-07-29,,2026-08-06,2026-07-17,2026-08-09,BIZ 2.0 lending,,,,,,,,,,,,,
EPIC,MSME,MSME-23406,US 8. Bỏ*********************i KH SME,MVP DONE,Cải tiến,2026-07-21,2026-07-21,2026-08-10,2026-08-07,2026-07-17,2026-08-28,,,,,,,,,,,,,,
EPIC,MSME,MSME-23439,Phát tr*********************ập khẩu,Released,Tính năng mới,2026-07-22,2026-07-22,,2026-08-07,2026-07-20,2026-08-11,Team BIZ 1 - GNOL,,,,,,,,,,,,,
EPIC,MSME,MSME-23574,Luồng *********************online,R4GOLIVE,Tính năng mới,,2026-08-14,,2026-08-27,2026-07-27,2026-08-28,,"MSME-23575, MSME-23576, MSME-24225, SBU-131956, SBU-131965",,,,,,,,,,,,
SUBTASK,MSME,MSME-23574,Luồng *********************online,R4GOLIVE,Tính năng mới,,2026-08-14,,2026-08-27,2026-07-27,2026-08-28,,,,,,,,,MSME-23582,Elicitate,Làm*********************CPT,Done,2026-07-28,2026-08-04
STORY,MSME,MSME-23574,Luồng *********************online,R4GOLIVE,Tính năng mới,,2026-08-14,,2026-08-27,2026-07-27,2026-08-28,,,MSME-23575,Story,US1: M*********************online,Ready For Golive,,,,,,,,
STORY,MSME,MSME-23574,Luồng *********************online,R4GOLIVE,Tính năng mới,,2026-08-14,,2026-08-27,2026-07-27,2026-08-28,,,MSME-23576,Story,US2: E*********************online,Ready For Golive,,,,,,,,
STORY,MSME,MSME-23574,Luồng *********************online,R4GOLIVE,Tính năng mới,,2026-08-14,,2026-08-27,2026-07-27,2026-08-28,,,MSME-24225,Story,Chỉn*********************MVID,READY FOR REFINE,,MSME-24227,,,,,,
SUBTASK,MSME,MSME-23574,Luồng *********************online,R4GOLIVE,Tính năng mới,,2026-08-14,,2026-08-27,2026-07-27,2026-08-28,,,MSME-24225,Story,Chỉn*********************MVID,READY FOR REFINE,,,MSME-24227,BA,Ph*********************ầu,Done,,
STORY,SBU,MSME-23574,Luồng *********************online,R4GOLIVE,Tính năng mới,,2026-08-14,,2026-08-27,2026-07-27,2026-08-28,,,SBU-131956,Story,[TTLC]*********************sơ Biz,Ready For Golive,Smart BPM Triển khai tín dụng,,,,,,,
STORY,SBU,MSME-23574,Luồng *********************online,R4GOLIVE,Tính năng mới,,2026-08-14,,2026-08-27,2026-07-27,2026-08-28,,,SBU-131965,Story,[TTLC]*********************i ngân,IN SIT,Smart BPM Triển khai tín dụng,SBU-131975,,,,,,
SUBTASK,SBU,MSME-23574,Luồng *********************online,R4GOLIVE,Tính năng mới,,2026-08-14,,2026-08-27,2026-07-27,2026-08-28,,,SBU-131965,Story,[TTLC]*********************i ngân,IN SIT,Smart BPM Triển khai tín dụng,,SBU-131975,BA,Ph*********************ch,Done,,
EPIC,MSME,MSME-23595,Phát t*********************ll PK),MVP DONE,Tính năng mới,,2026-07-24,,2026-08-24,2026-07-27,2026-08-27,Team BIZ 1 - GNOL,,,,,,,,,,,,,
EPIC,MSME,MSME-23679,US 3.3 C*********************uyên gia,MVP DONE,Cải tiến,2026-08-10,2026-08-10,,2026-08-21,2026-07-30,2026-08-25,Team BIZ 1 - GNOL,,,,,,,,,,,,,
EPIC,MSME,MSME-23772,Mở rộng *********************trên BIZ,In Progress,Tính năng mới,2026-08-04,2026-08-24,,,2026-08-04,2026-08-27,BIZ 2.0 lending,"MSME-23843, MSME-23844, MSME-23845, MSME-23912, MSME-23966, MSME-23967, MSME-24213, SBU-132091, SBU-132101, SBU-132110, SBU-132122, SBU-132132, SBU-132212, SBU-132222, SBU-132249, SBU-132661, SBU-132687, SBU-132938, SBU-132948, SBU-132958, SBU-132968, SBU-132978, SBU-132996, SBU-133465",,,,,,,,,,,,
SUBTASK,MSME,MSME-23772,Mở rộng *********************trên BIZ,In Progress,Tính năng mới,2026-08-04,2026-08-24,,,2026-08-04,2026-08-27,BIZ 2.0 lending,,,,,,,,MSME-23782,Elicitate,Phâ*********************bài,Done,,
STORY,MSME,MSME-23772,Mở rộng *********************trên BIZ,In Progress,Tính năng mới,2026-08-04,2026-08-24,,,2026-08-04,2026-08-27,BIZ 2.0 lending,,MSME-23843,Story,BIZ_Ch*********************n dụng,Ready For Dev,,MSME-23846,,,,,,
SUBTASK,MSME,MSME-23772,Mở rộng *********************trên BIZ,In Progress,Tính năng mới,2026-08-04,2026-08-24,,,2026-08-04,2026-08-27,BIZ 2.0 lending,,MSME-23843,Story,BIZ_Ch*********************n dụng,Ready For Dev,,,MSME-23846,BA,Hoàn *********************ng án,Done,,
STORY,MSME,MSME-23772,Mở rộng *********************trên BIZ,In Progress,Tính năng mới,2026-08-04,2026-08-24,,,2026-08-04,2026-08-27,BIZ 2.0 lending,,MSME-23844,Story,BIZ_Ch*********************ký số ,Ready For Dev,,MSME-23874,,,,,,
SUBTASK,MSME,MSME-23772,Mở rộng *********************trên BIZ,In Progress,Tính năng mới,2026-08-04,2026-08-24,,,2026-08-04,2026-08-27,BIZ 2.0 lending,,MSME-23844,Story,BIZ_Ch*********************ký số ,Ready For Dev,,,MSME-23874,BA,Ho*********************tả,Done,,
STORY,MSME,MSME-23772,Mở rộng *********************trên BIZ,In Progress,Tính năng mới,2026-08-04,2026-08-24,,,2026-08-04,2026-08-27,BIZ 2.0 lending,,MSME-23845,Story,BIZ_Chỉn*********************Releaser,IN DEV,,MSME-23873,,,,,,
SUBTASK,MSME,MSME-23772,Mở rộng *********************trên BIZ,In Progress,Tính năng mới,2026-08-04,2026-08-24,,,2026-08-04,2026-08-27,BIZ 2.0 lending,,MSME-23845,Story,BIZ_Chỉn*********************Releaser,IN DEV,,,MSME-23873,BA,Ho*********************tả,Done,,
STORY,MSME,MSME-23772,Mở rộng *********************trên BIZ,In Progress,Tính năng mới,2026-08-04,2026-08-24,,,2026-08-04,2026-08-27,BIZ 2.0 lending,,MSME-23912,Story,BIZ_*********************hái ,Ready For Dev,,MSME-23913,,,,,,
SUBTASK,MSME,MSME-23772,Mở rộng *********************trên BIZ,In Progress,Tính năng mới,2026-08-04,2026-08-24,,,2026-08-04,2026-08-27,BIZ 2.0 lending,,MSME-23912,Story,BIZ_*********************hái ,Ready For Dev,,,MSME-23913,BA,Ho*********************tả,Done,,
STORY,MSME,MSME-23772,Mở rộng *********************trên BIZ,In Progress,Tính năng mới,2026-08-04,2026-08-24,,,2026-08-04,2026-08-27,BIZ 2.0 lending,,MSME-23966,Story,BIZ*********************ấn ,Ready For Dev,,MSME-23968,,,,,,
SUBTASK,MSME,MSME-23772,Mở rộng *********************trên BIZ,In Progress,Tính năng mới,2026-08-04,2026-08-24,,,2026-08-04,2026-08-27,BIZ 2.0 lending,,MSME-23966,Story,BIZ*********************ấn ,Ready For Dev,,,MSME-23968,BA,Ho*********************tả,Done,,
STORY,MSME,MSME-23772,Mở rộng *********************trên BIZ,In Progress,Tính năng mới,2026-08-04,2026-08-24,,,2026-08-04,2026-08-27,BIZ 2.0 lending,,MSME-23967,Story,BIZ_********************* BPM,DEV DONE,,MSME-23969,,,,,,
SUBTASK,MSME,MSME-23772,Mở rộng *********************trên BIZ,In Progress,Tính năng mới,2026-08-04,2026-08-24,,,2026-08-04,2026-08-27,BIZ 2.0 lending,,MSME-23967,Story,BIZ_********************* BPM,DEV DONE,,,MSME-23969,BA,Ho*********************tả,Done,,
STORY,MSME,MSME-23772,Mở rộng *********************trên BIZ,In Progress,Tính năng mới,2026-08-04,2026-08-24,,,2026-08-04,2026-08-27,BIZ 2.0 lending,,MSME-24213,Story,BIZ_*********************VKTD,READY FOR REFINE,,MSME-24214,,,,,,
SUBTASK,MSME,MSME-23772,Mở rộng *********************trên BIZ,In Progress,Tính năng mới,2026-08-04,2026-08-24,,,2026-08-04,2026-08-27,BIZ 2.0 lending,,MSME-24213,Story,BIZ_*********************VKTD,READY FOR REFINE,,,MSME-24214,BA,Ho*********************tả,Done,,
STORY,SBU,MSME-23772,Mở rộng *********************trên BIZ,In Progress,Tính năng mới,2026-08-04,2026-08-24,,,2026-08-04,2026-08-27,BIZ 2.0 lending,,SBU-132091,Story,[VKTD*********************ký số,IN DEV,Smart BPM Triển khai tín dụng,SBU-132100,,,,,,
SUBTASK,SBU,MSME-23772,Mở rộng *********************trên BIZ,In Progress,Tính năng mới,2026-08-04,2026-08-24,,,2026-08-04,2026-08-27,BIZ 2.0 lending,,SBU-132091,Story,[VKTD*********************ký số,IN DEV,Smart BPM Triển khai tín dụng,,SBU-132100,BA,Ph*********************ch,Done,,
STORY,SBU,MSME-23772,Mở rộng *********************trên BIZ,In Progress,Tính năng mới,2026-08-04,2026-08-24,,,2026-08-04,2026-08-27,BIZ 2.0 lending,,SBU-132101,Story,[XDTD] *********************ảo VKTD,IN UAT,Smart BPM Xét duyệt,SBU-132120,,,,,,
SUBTASK,SBU,MSME-23772,Mở rộng *********************trên BIZ,In Progress,Tính năng mới,2026-08-04,2026-08-24,,,2026-08-04,2026-08-27,BIZ 2.0 lending,,SBU-132101,Story,[XDTD] *********************ảo VKTD,IN UAT,Smart BPM Xét duyệt,,SBU-132120,BA,Ph*********************ch,Done,,
STORY,SBU,MSME-23772,Mở rộng *********************trên BIZ,In Progress,Tính năng mới,2026-08-04,2026-08-24,,,2026-08-04,2026-08-27,BIZ 2.0 lending,,SBU-132110,Story,[Nhận TSĐ*********************thảo VKTD,IN UAT,Smart BPM Xét duyệt,SBU-132119,,,,,,
SUBTASK,SBU,MSME-23772,Mở rộng *********************trên BIZ,In Progress,Tính năng mới,2026-08-04,2026-08-24,,,2026-08-04,2026-08-27,BIZ 2.0 lending,,SBU-132110,Story,[Nhận TSĐ*********************thảo VKTD,IN UAT,Smart BPM Xét duyệt,,SBU-132119,BA,Ph*********************ch,Done,,
STORY,SBU,MSME-23772,Mở rộng *********************trên BIZ,In Progress,Tính năng mới,2026-08-04,2026-08-24,,,2026-08-04,2026-08-27,BIZ 2.0 lending,,SBU-132122,Story,[VKTD*********************H QĐN,Ready For Dev,Smart BPM Triển khai tín dụng,SBU-132131,,,,,,
SUBTASK,SBU,MSME-23772,Mở rộng *********************trên BIZ,In Progress,Tính năng mới,2026-08-04,2026-08-24,,,2026-08-04,2026-08-27,BIZ 2.0 lending,,SBU-132122,Story,[VKTD*********************H QĐN,Ready For Dev,Smart BPM Triển khai tín dụng,,SBU-132131,BA,Ph*********************ch,Done,,
STORY,SBU,MSME-23772,Mở rộng *********************trên BIZ,In Progress,Tính năng mới,2026-08-04,2026-08-24,,,2026-08-04,2026-08-27,BIZ 2.0 lending,,SBU-132132,Story,[VKTD********************* HĐTD,IN DEV,Smart BPM Triển khai tín dụng,SBU-132144,,,,,,
SUBTASK,SBU,MSME-23772,Mở rộng *********************trên BIZ,In Progress,Tính năng mới,2026-08-04,2026-08-24,,,2026-08-04,2026-08-27,BIZ 2.0 lending,,SBU-132132,Story,[VKTD********************* HĐTD,IN DEV,Smart BPM Triển khai tín dụng,,SBU-132144,BA,Ph*********************ch,Done,,
STORY,SBU,MSME-23772,Mở rộng *********************trên BIZ,In Progress,Tính năng mới,2026-08-04,2026-08-24,,,2026-08-04,2026-08-27,BIZ 2.0 lending,,SBU-132212,Story,[VKTD]*********************sa/Pre,Ready For Dev,Smart BPM Triển khai tín dụng,SBU-132221,,,,,,
SUBTASK,SBU,MSME-23772,Mở rộng *********************trên BIZ,In Progress,Tính năng mới,2026-08-04,2026-08-24,,,2026-08-04,2026-08-27,BIZ 2.0 lending,,SBU-132212,Story,[VKTD]*********************sa/Pre,Ready For Dev,Smart BPM Triển khai tín dụng,,SBU-132221,BA,Ph*********************ch,Done,,
STORY,SBU,MSME-23772,Mở rộng *********************trên BIZ,In Progress,Tính năng mới,2026-08-04,2026-08-24,,,2026-08-04,2026-08-27,BIZ 2.0 lending,,SBU-132222,Story,[VKTD********************* VKTD,Ready For Test,Smart BPM Triển khai tín dụng,SBU-132231,,,,,,
SUBTASK,SBU,MSME-23772,Mở rộng *********************trên BIZ,In Progress,Tính năng mới,2026-08-04,2026-08-24,,,2026-08-04,2026-08-27,BIZ 2.0 lending,,SBU-132222,Story,[VKTD********************* VKTD,Ready For Test,Smart BPM Triển khai tín dụng,,SBU-132231,BA,Ph*********************ch,Done,,
STORY,SBU,MSME-23772,Mở rộng *********************trên BIZ,In Progress,Tính năng mới,2026-08-04,2026-08-24,,,2026-08-04,2026-08-27,BIZ 2.0 lending,,SBU-132249,Story,[GNOL********************* GNOL,DEV DONE,Smart BPM Triển khai tín dụng,SBU-132258,,,,,,
SUBTASK,SBU,MSME-23772,Mở rộng *********************trên BIZ,In Progress,Tính năng mới,2026-08-04,2026-08-24,,,2026-08-04,2026-08-27,BIZ 2.0 lending,,SBU-132249,Story,[GNOL********************* GNOL,DEV DONE,Smart BPM Triển khai tín dụng,,SBU-132258,BA,Ph*********************ết,Done,,
STORY,SBU,MSME-23772,Mở rộng *********************trên BIZ,In Progress,Tính năng mới,2026-08-04,2026-08-24,,,2026-08-04,2026-08-27,BIZ 2.0 lending,,SBU-132661,Story,[Nhận TSĐ********************* hợp đồng,IN UAT,Smart BPM Xét duyệt,SBU-132670,,,,,,
SUBTASK,SBU,MSME-23772,Mở rộng *********************trên BIZ,In Progress,Tính năng mới,2026-08-04,2026-08-24,,,2026-08-04,2026-08-27,BIZ 2.0 lending,,SBU-132661,Story,[Nhận TSĐ********************* hợp đồng,IN UAT,Smart BPM Xét duyệt,,SBU-132670,BA,Ph*********************ch,Done,,
STORY,SBU,MSME-23772,Mở rộng *********************trên BIZ,In Progress,Tính năng mới,2026-08-04,2026-08-24,,,2026-08-04,2026-08-27,BIZ 2.0 lending,,SBU-132687,Story,[VKTD] ********************* tác vụ,IN DEV,Smart BPM Triển khai tín dụng,SBU-132696,,,,,,
SUBTASK,SBU,MSME-23772,Mở rộng *********************trên BIZ,In Progress,Tính năng mới,2026-08-04,2026-08-24,,,2026-08-04,2026-08-27,BIZ 2.0 lending,,SBU-132687,Story,[VKTD] ********************* tác vụ,IN DEV,Smart BPM Triển khai tín dụng,,SBU-132696,BA,Ph*********************ch,Done,,
STORY,SBU,MSME-23772,Mở rộng *********************trên BIZ,In Progress,Tính năng mới,2026-08-04,2026-08-24,,,2026-08-04,2026-08-27,BIZ 2.0 lending,,SBU-132938,Story,[VKT*********************VKTD,IN DEV,Smart BPM Triển khai tín dụng,SBU-132947,,,,,,
SUBTASK,SBU,MSME-23772,Mở rộng *********************trên BIZ,In Progress,Tính năng mới,2026-08-04,2026-08-24,,,2026-08-04,2026-08-27,BIZ 2.0 lending,,SBU-132938,Story,[VKT*********************VKTD,IN DEV,Smart BPM Triển khai tín dụng,,SBU-132947,BA,Ph*********************ch,Done,,
STORY,SBU,MSME-23772,Mở rộng *********************trên BIZ,In Progress,Tính năng mới,2026-08-04,2026-08-24,,,2026-08-04,2026-08-27,BIZ 2.0 lending,,SBU-132948,Story,[VKT*********************VKTD,IN DEV,Smart BPM Triển khai tín dụng,SBU-132957,,,,,,
SUBTASK,SBU,MSME-23772,Mở rộng *********************trên BIZ,In Progress,Tính năng mới,2026-08-04,2026-08-24,,,2026-08-04,2026-08-27,BIZ 2.0 lending,,SBU-132948,Story,[VKT*********************VKTD,IN DEV,Smart BPM Triển khai tín dụng,,SBU-132957,BA,Ph*********************ch,Done,,
STORY,SBU,MSME-23772,Mở rộng *********************trên BIZ,In Progress,Tính năng mới,2026-08-04,2026-08-24,,,2026-08-04,2026-08-27,BIZ 2.0 lending,,SBU-132958,Story,[VKT*********************VKTD,Ready For Dev,Smart BPM Triển khai tín dụng,SBU-132967,,,,,,
SUBTASK,SBU,MSME-23772,Mở rộng *********************trên BIZ,In Progress,Tính năng mới,2026-08-04,2026-08-24,,,2026-08-04,2026-08-27,BIZ 2.0 lending,,SBU-132958,Story,[VKT*********************VKTD,Ready For Dev,Smart BPM Triển khai tín dụng,,SBU-132967,BA,Ph*********************ch,Done,,
STORY,SBU,MSME-23772,Mở rộng *********************trên BIZ,In Progress,Tính năng mới,2026-08-04,2026-08-24,,,2026-08-04,2026-08-27,BIZ 2.0 lending,,SBU-132968,Story,[VKTD*********************N/Hub,Ready For Dev,Smart BPM Triển khai tín dụng,SBU-132977,,,,,,
SUBTASK,SBU,MSME-23772,Mở rộng *********************trên BIZ,In Progress,Tính năng mới,2026-08-04,2026-08-24,,,2026-08-04,2026-08-27,BIZ 2.0 lending,,SBU-132968,Story,[VKTD*********************N/Hub,Ready For Dev,Smart BPM Triển khai tín dụng,,SBU-132977,BA,Ph*********************ch,Done,,
STORY,SBU,MSME-23772,Mở rộng *********************trên BIZ,In Progress,Tính năng mới,2026-08-04,2026-08-24,,,2026-08-04,2026-08-27,BIZ 2.0 lending,,SBU-132978,Story,Bổ s*********************khác,Ready For Test,Smart BPM Triển khai tín dụng,SBU-132987,,,,,,
SUBTASK,SBU,MSME-23772,Mở rộng *********************trên BIZ,In Progress,Tính năng mới,2026-08-04,2026-08-24,,,2026-08-04,2026-08-27,BIZ 2.0 lending,,SBU-132978,Story,Bổ s*********************khác,Ready For Test,Smart BPM Triển khai tín dụng,,SBU-132987,BA,Ph*********************ết,Done,,
STORY,SBU,MSME-23772,Mở rộng *********************trên BIZ,In Progress,Tính năng mới,2026-08-04,2026-08-24,,,2026-08-04,2026-08-27,BIZ 2.0 lending,,SBU-132996,Story,[VKTD]*********************ên BPM,Ready For Dev,Smart BPM Triển khai tín dụng,SBU-133005,,,,,,
SUBTASK,SBU,MSME-23772,Mở rộng *********************trên BIZ,In Progress,Tính năng mới,2026-08-04,2026-08-24,,,2026-08-04,2026-08-27,BIZ 2.0 lending,,SBU-132996,Story,[VKTD]*********************ên BPM,Ready For Dev,Smart BPM Triển khai tín dụng,,SBU-133005,BA,Ph*********************ch,Done,,
STORY,SBU,MSME-23772,Mở rộng *********************trên BIZ,In Progress,Tính năng mới,2026-08-04,2026-08-24,,,2026-08-04,2026-08-27,BIZ 2.0 lending,,SBU-133465,Story,[VKTD-********************* ký số,Ready For Dev,Smart BPM Triển khai tín dụng,SBU-133487,,,,,,
SUBTASK,SBU,MSME-23772,Mở rộng *********************trên BIZ,In Progress,Tính năng mới,2026-08-04,2026-08-24,,,2026-08-04,2026-08-27,BIZ 2.0 lending,,SBU-133465,Story,[VKTD-********************* ký số,Ready For Dev,Smart BPM Triển khai tín dụng,,SBU-133487,BA,Ph*********************ch,Done,,
EPIC,MSME,MSME-23780,Tinh c*********************g Misa,In Progress,Cải tiến,2026-08-10,2026-08-07,,,2026-08-05,2026-08-07,"MISA LENDING, Team BPM Xét duyệt",MSME-23792,,,,,,,,,,,,
SUBTASK,MSME,MSME-23780,Tinh c*********************g Misa,In Progress,Cải tiến,2026-08-10,2026-08-07,,,2026-08-05,2026-08-07,"MISA LENDING, Team BPM Xét duyệt",,,,,,,,MSME-23785,BA,L*********************i,Done,,
STORY,MSME,MSME-23780,Tinh c*********************g Misa,In Progress,Cải tiến,2026-08-10,2026-08-07,,,2026-08-05,2026-08-07,"MISA LENDING, Team BPM Xét duyệt",,MSME-23792,Story,[Micro *********************MS MISA,IN DEV,"MISA LENDING, Team BPM Xét duyệt",MSME-23793,,,,,,
SUBTASK,MSME,MSME-23780,Tinh c*********************g Misa,In Progress,Cải tiến,2026-08-10,2026-08-07,,,2026-08-05,2026-08-07,"MISA LENDING, Team BPM Xét duyệt",,MSME-23792,Story,[Micro *********************MS MISA,IN DEV,"MISA LENDING, Team BPM Xét duyệt",,MSME-23793,BA,Ph*********************ài,Done,,
EPIC,MSME,MSME-23783,Màn*********************ụng,In Progress,Tính năng mới,2026-08-05,,,,2026-08-05,2026-08-27,,"MSME-24247, MSME-24248",,,,,,,,,,,,
SUBTASK,MSME,MSME-23783,Màn*********************ụng,In Progress,Tính năng mới,2026-08-05,,,,2026-08-05,2026-08-27,,,,,,,,,MSME-23978,Elicitate,L*********************i,Pending,,
SUBTASK,MSME,MSME-23783,Màn*********************ụng,In Progress,Tính năng mới,2026-08-05,,,,2026-08-05,2026-08-27,,,,,,,,,MSME-24113,BA,Đánh*********************iển ,In Progress,,2026-08-20
STORY,MSME,MSME-23783,Màn*********************ụng,In Progress,Tính năng mới,2026-08-05,,,,2026-08-05,2026-08-27,,,MSME-24247,Story,US1*********************y  ,READY FOR REFINE,,MSME-24249,,,,,,
SUBTASK,MSME,MSME-23783,Màn*********************ụng,In Progress,Tính năng mới,2026-08-05,,,,2026-08-05,2026-08-27,,,MSME-24247,Story,US1*********************y  ,READY FOR REFINE,,,MSME-24249,BA,Vi*********************h ,Done,,
STORY,MSME,MSME-23783,Màn*********************ụng,In Progress,Tính năng mới,2026-08-05,,,,2026-08-05,2026-08-27,,,MSME-24248,Story,US2*********************ãnh,READY FOR REFINE,,MSME-24250,,,,,,
SUBTASK,MSME,MSME-23783,Màn*********************ụng,In Progress,Tính năng mới,2026-08-05,,,,2026-08-05,2026-08-27,,,MSME-24248,Story,US2*********************ãnh,READY FOR REFINE,,,MSME-24250,BA,Vi*********************h ,Done,,
EPIC,MSME,MSME-23795,The*********************ãnh,In Progress,Tính năng mới,,2026-08-25,,,2026-08-04,2026-08-25,,"MSME-23797, MSME-23798, MSME-23799, MSME-23800, MSME-23801, SBU-130519, SBU-131902",,,,,,,,,,,,
SUBTASK,MSME,MSME-23795,The*********************ãnh,In Progress,Tính năng mới,,2026-08-25,,,2026-08-04,2026-08-25,,,,,,,,,MSME-23796,Elicitate,Ph*********************h ,Done,,
STORY,MSME,MSME-23795,The*********************ãnh,In Progress,Tính năng mới,,2026-08-25,,,2026-08-04,2026-08-25,,,MSME-23797,Story,US1*********************ình,Ready For Dev,"BIZ 2.0 lending, Team BIZ 2 - BLOL",MSME-23827,,,,,,
SUBTASK,MSME,MSME-23795,The*********************ãnh,In Progress,Tính năng mới,,2026-08-25,,,2026-08-04,2026-08-25,,,MSME-23797,Story,US1*********************ình,Ready For Dev,"BIZ 2.0 lending, Team BIZ 2 - BLOL",,MSME-23827,BA,Ph*********************ết,Done,,
STORY,MSME,MSME-23795,The*********************ãnh,In Progress,Tính năng mới,,2026-08-25,,,2026-08-04,2026-08-25,,,MSME-23798,Story,US2-*********************đồng,Ready For Dev,"BIZ 2.0 lending, Team BIZ 2 - BLOL",MSME-23828,,,,,,
SUBTASK,MSME,MSME-23795,The*********************ãnh,In Progress,Tính năng mới,,2026-08-25,,,2026-08-04,2026-08-25,,,MSME-23798,Story,US2-*********************đồng,Ready For Dev,"BIZ 2.0 lending, Team BIZ 2 - BLOL",,MSME-23828,BA,Ph*********************ết,Done,,
STORY,MSME,MSME-23795,The*********************ãnh,In Progress,Tính năng mới,,2026-08-25,,,2026-08-04,2026-08-25,,,MSME-23799,Story,US3 *********************lãnh,Ready For Dev,"BIZ 2.0 lending, Team BIZ 2 - BLOL",MSME-23829,,,,,,
SUBTASK,MSME,MSME-23795,The*********************ãnh,In Progress,Tính năng mới,,2026-08-25,,,2026-08-04,2026-08-25,,,MSME-23799,Story,US3 *********************lãnh,Ready For Dev,"BIZ 2.0 lending, Team BIZ 2 - BLOL",,MSME-23829,BA,Ph*********************ết,Done,,
STORY,MSME,MSME-23795,The*********************ãnh,In Progress,Tính năng mới,,2026-08-25,,,2026-08-04,2026-08-25,,,MSME-23800,Story,US4-*********************lãnh,Ready For Dev,"BIZ 2.0 lending, Team BIZ 2 - BLOL",MSME-23830,,,,,,
SUBTASK,MSME,MSME-23795,The*********************ãnh,In Progress,Tính năng mới,,2026-08-25,,,2026-08-04,2026-08-25,,,MSME-23800,Story,US4-*********************lãnh,Ready For Dev,"BIZ 2.0 lending, Team BIZ 2 - BLOL",,MSME-23830,BA,Ph*********************ết,Done,,
STORY,MSME,MSME-23795,The*********************ãnh,In Progress,Tính năng mới,,2026-08-25,,,2026-08-04,2026-08-25,,,MSME-23801,Story,US7 - Ch*********************bảo lãnh,Ready For Dev,"BIZ 2.0 lending, Team BIZ 2 - BLOL",MSME-23831,,,,,,
SUBTASK,MSME,MSME-23795,The*********************ãnh,In Progress,Tính năng mới,,2026-08-25,,,2026-08-04,2026-08-25,,,MSME-23801,Story,US7 - Ch*********************bảo lãnh,Ready For Dev,"BIZ 2.0 lending, Team BIZ 2 - BLOL",,MSME-23831,BA,Ph*********************ết,Done,,
STORY,SBU,MSME-23795,The*********************ãnh,In Progress,Tính năng mới,,2026-08-25,,,2026-08-04,2026-08-25,,,SBU-130519,Story,[TTH*********************lãnh,IN UAT,Smart BPM Triển khai tín dụng,SBU-130531,,,,,,
SUBTASK,SBU,MSME-23795,The*********************ãnh,In Progress,Tính năng mới,,2026-08-25,,,2026-08-04,2026-08-25,,,SBU-130519,Story,[TTH*********************lãnh,IN UAT,Smart BPM Triển khai tín dụng,,SBU-130531,BA,Ph*********************ết,Done,,
STORY,SBU,MSME-23795,The*********************ãnh,In Progress,Tính năng mới,,2026-08-25,,,2026-08-04,2026-08-25,,,SBU-131902,Story,[TTHD*********************n BPM,IN UAT,Smart BPM Triển khai tín dụng,SBU-131911,,,,,,
SUBTASK,SBU,MSME-23795,The*********************ãnh,In Progress,Tính năng mới,,2026-08-25,,,2026-08-04,2026-08-25,,,SBU-131902,Story,[TTHD*********************n BPM,IN UAT,Smart BPM Triển khai tín dụng,,SBU-131911,BA,Ph*********************ết,Done,,
EPIC,SC,SC-71986,Chỉnh *********************Portal,Cancelled,Tính năng mới,,2026-03-16,,,2026-03-16,2026-04-02,,,,,,,,,,,,,,
EPIC,SC,SC-72009,Luồ*********************ior,Cancelled,Tính năng mới,,,,,2026-03-16,2026-03-17,,,,,,,,,,,,,,
EPIC,SC,SC-72020,Test,Cancelled,Cải tiến,,,,,2026-03-17,2026-03-27,,,,,,,,,,,,,,
EPIC,SC,SC-72495,Tách*********************KHDN,Cancelled,Tính năng mới,,2026-03-19,,,2026-03-24,2026-05-25,,,,,,,,,,,,,,
EPIC,SC,SC-74259,Hộ k*********************bank,Cancelled,Tính năng mới,,,,,2026-04-16,2026-06-01,,,,,,,,,,,,,,
EPIC,SC,SC-74655,Cải ti*********************ại T24,Cancelled,Cải tiến,,2026-04-17,2026-05-31,,2026-04-17,2026-05-25,,,,,,,,,,,,,,
EPIC,SC,SC-75579,Số h********************* ATM,Released,Sản phẩm/dịch vụ/quy trình mới,2026-06-03,2026-06-04,,2026-07-15,2026-05-07,2026-08-26,,,,,,,,,,,,,,
EPIC,SC,SC-75920,Khách*********************ầy MB,Cancelled,Tính năng mới,,,,,2026-05-13,2026-06-09,,,,,,,,,,,,,,
EPIC,SC,SC-76014,US 1 -*********************uỹ ATM,Cancelled,Tính năng mới,,,,,2026-05-15,2026-05-15,,,,,,,,,,,,,,
EPIC,SC,SC-76036,Mở*********************ce,Released,Tính năng mới,,2026-05-11,2026-07-09,2026-07-08,2026-05-15,2026-08-05,,,,,,,,,,,,,,
EPIC,SC,SC-76361,CẢNH BÁ*********************TRÊN SC,Released,Cải tiến,,2026-05-29,2026-07-02,2026-07-07,2026-05-22,2026-08-05,,,,,,,,,,,,,,
EPIC,SC,SC-76365,Ủy *********************HCN,Released,Cải tiến,,2026-05-18,,2026-07-07,2026-05-22,2026-08-05,,,,,,,,,,,,,,
EPIC,SC,SC-76409,Số h********************* chỉ,Released,Cải tiến,,2026-05-29,2026-06-30,2026-06-29,2026-05-25,2026-08-05,,,,,,,,,,,,,,
EPIC,SC,SC-76874,Chỉn*********************KHCN,Released,Cải tiến,,2026-06-26,2026-07-09,2026-07-09,2026-06-04,2026-08-25,,,,,,,,,,,,,,
EPIC,SC,SC-76898,Cải ********************* HKD,Released,Cải tiến,,2026-06-05,2026-07-02,2026-06-25,2026-06-05,2026-08-28,,,,,,,,,,,,,,
EPIC,SC,SC-77202,Phát t*********************c đích,Pending,Sản phẩm/dịch vụ/quy trình mới,,2026-05-22,,,2026-05-22,2026-08-22,,"ECM-20852, SC-77206, SC-77207, SC-77319, SC-77320, SC-79768",,,,,,,,,,,,
SUBTASK,SC,SC-77202,Phát t*********************c đích,Pending,Sản phẩm/dịch vụ/quy trình mới,,2026-05-22,,,2026-05-22,2026-08-22,,,,,,,,,SC-77203,BA,Nghiê********************* Quầy,Done,,2026-05-29
STORY,ECM,SC-77202,Phát t*********************c đích,Pending,Sản phẩm/dịch vụ/quy trình mới,,2026-05-22,,,2026-05-22,2026-08-22,,,ECM-20852,Story,Bổ s*********************Scan,DEVELOPING,,,,,,,,
STORY,SC,SC-77202,Phát t*********************c đích,Pending,Sản phẩm/dịch vụ/quy trình mới,,2026-05-22,,,2026-05-22,2026-08-22,,,SC-77206,Story,Xin c*********************in KH,Pending,,,,,,,,
STORY,SC,SC-77202,Phát t*********************c đích,Pending,Sản phẩm/dịch vụ/quy trình mới,,2026-05-22,,,2026-05-22,2026-08-22,,,SC-77207,Story,Xin *********************i KH,Pending,,,,,,,,
STORY,SC,SC-77202,Phát t*********************c đích,Pending,Sản phẩm/dịch vụ/quy trình mới,,2026-05-22,,,2026-05-22,2026-08-22,,,SC-77319,Story,Tí*********************MS,Ready For Dev,,,,,,,,
STORY,SC,SC-77202,Phát t*********************c đích,Pending,Sản phẩm/dịch vụ/quy trình mới,,2026-05-22,,,2026-05-22,2026-08-22,,,SC-77320,Story,Xin*********************ler,READY FOR REFINE,,,,,,,,
STORY,SC,SC-77202,Phát t*********************c đích,Pending,Sản phẩm/dịch vụ/quy trình mới,,2026-05-22,,,2026-05-22,2026-08-22,,,SC-79768,Story,Duy********************* SC,Pending,,,,,,,,
EPIC,SC,SC-77716,Phát *********************ợ KTT,Released,Cải tiến,,2026-06-30,2026-07-16,2026-07-15,2026-06-16,2026-08-11,,,,,,,,,,,,,,
EPIC,SC,SC-77777,Quả********************* SC,Released,Tính năng mới,2026-06-24,2026-06-25,2026-07-16,2026-07-15,2026-06-17,2026-08-05,,,,,,,,,,,,,,
EPIC,SC,SC-77793,Tự*********************KD,IN PO,Cải tiến,,,,,2026-06-17,2026-06-23,,,,,,,,,,,,,,
SUBTASK,SC,SC-77793,Tự*********************KD,IN PO,Cải tiến,,,,,2026-06-17,2026-06-23,,,,,,,,,SC-78064,Elicitate,[Elic*********************ới PO,Pending,2026-06-17,2026-06-19
EPIC,SC,SC-78613,BỔ*********************TỪ,Released,Cải tiến,,2026-07-22,2026-08-06,2026-08-05,2026-06-30,2026-08-11,,,,,,,,,,,,,,
EPIC,SC,SC-78753,Bả*********************ền,Released,Cải tiến,,2026-06-30,2026-07-30,2026-07-27,2026-07-01,2026-08-26,,,,,,,,,,,,,,
EPIC,SC,SC-78788,Cảnh báo*********************ại quầy ,Released,Tính năng mới,2026-07-07,2026-07-07,2026-07-28,2026-07-23,2026-07-02,2026-08-25,,,,,,,,,,,,,,
EPIC,SC,SC-78827,Bổ su*********************hiệm),Released,Cải tiến,2026-07-06,2026-08-06,2026-08-24,2026-08-24,2026-07-06,2026-08-25,,,,,,,,,,,,,,
EPIC,SC,SC-78959,Là*********************hỉ,Released,Cải tiến,,2026-07-20,2026-08-13,2026-08-06,2026-07-08,2026-08-18,,,,,,,,,,,,,,
EPIC,SC,SC-79573,Cảnh b*********************chính ,In Progress,Tính năng mới,2026-07-24,2026-07-27,,,2026-07-28,2026-08-26,,"API-176549, SC-79590, SC-79970, SC-79971, YCPT-31459",,,,,,,,,,,,
STORY,API,SC-79573,Cảnh b*********************chính ,In Progress,Tính năng mới,2026-07-24,2026-07-27,,,2026-07-28,2026-08-26,,,API-176549,Story,[MS-S*********************core.,IN SIT,,,,,,,,
STORY,SC,SC-79573,Cảnh b*********************chính ,In Progress,Tính năng mới,2026-07-24,2026-07-27,,,2026-07-28,2026-08-26,,,SC-79590,Story,US- M*********************ượng ,Ready For Golive,,,,,,,,
STORY,SC,SC-79573,Cảnh b*********************chính ,In Progress,Tính năng mới,2026-07-24,2026-07-27,,,2026-07-28,2026-08-26,,,SC-79970,Story,US- Cả*********************hượng ,Ready For Golive,,,,,,,,
STORY,SC,SC-79573,Cảnh b*********************chính ,In Progress,Tính năng mới,2026-07-24,2026-07-27,,,2026-07-28,2026-08-26,,,SC-79971,Story,Cải tiế*********************của sổ ,Ready For Golive,,,,,,,,
STORY,YCPT,SC-79573,Cảnh b*********************chính ,In Progress,Tính năng mới,2026-07-24,2026-07-27,,,2026-07-28,2026-08-26,,,YCPT-31459,Story,MS - Servi*********************g của STK ,Ready For Golive,,,,,,,,
EPIC,SC,SC-79589,Cả*********************TM,Released,Cải tiến,,2026-07-29,2026-08-26,2026-08-18,2026-07-29,2026-08-27,,,,,,,,,,,,,,
EPIC,SC,SC-79704,Bổ s*********************LK01,In Progress,Cải tiến,,2026-08-21,,,2026-07-31,2026-08-20,,SC-79803,,,,,,,,,,,,
STORY,SC,SC-79704,Bổ s*********************LK01,In Progress,Cải tiến,,2026-08-21,,,2026-07-31,2026-08-20,,,SC-79803,Story,Bổ s*********************LK01,IN UAT,,SC-79804,,,,,,
SUBTASK,SC,SC-79704,Bổ s*********************LK01,In Progress,Cải tiến,,2026-08-21,,,2026-07-31,2026-08-20,,,SC-79803,Story,Bổ s*********************LK01,IN UAT,,,SC-79804,BA,Ph*********************ch,Done,,
EPIC,SC,SC-80427,Làm*********************e 2,Design,Cải tiến,,2026-08-20,,,2026-08-20,2026-08-21,,SC-80428,,,,,,,,,,,,
STORY,SC,SC-80427,Làm*********************e 2,Design,Cải tiến,,2026-08-20,,,2026-08-20,2026-08-21,,,SC-80428,Story,Cho p********************* khác,IN DEV,,,,,,,,
EPIC,SMEDS,SMEDS-104364,Bổ sung *********************trên WEB,Cancelled,Cải tiến,,2026-02-06,,,2026-02-09,2026-04-01,,,,,,,,,,,,,,
EPIC,SMEDS,SMEDS-104384,Bổ su*********************Z 2.0,Cancelled,Cải tiến,,2026-02-06,,,2026-02-10,2026-03-18,,,,,,,,,,,,,,
EPIC,SMEDS,SMEDS-104386,Tỷ giá*********************ền gửi,Cancelled,Cải tiến,,2026-02-06,,,2026-02-10,2026-03-18,,,,,,,,,,,,,,
EPIC,SMEDS,SMEDS-104470,Xây ********************* CRM,Cancelled,Sản phẩm/dịch vụ/quy trình mới,,2026-03-09,,,2026-02-25,2026-04-08,"OB Biz 1.0, OBBiz2.0",,,,,,,,,,,,,
EPIC,SMEDS,SMEDS-104485,Bổ sung *********************trên WEB,Cancelled,Cải tiến,,2026-02-26,,,2026-02-26,2026-03-17,,,,,,,,,,,,,,
EPIC,SMEDS,SMEDS-104530,Tích h*********************ên BIZ,Cancelled,Cải tiến,,,,,2026-02-27,2026-03-10,,,,,,,,,,,,,,
EPIC,SMEDS,SMEDS-105329,EPIC_C*********************ền gửi,To Do,Cải tiến,,,,,2026-04-09,2026-04-09,Daily2.0,,,,,,,,,,,,,
EPIC,SMEDS,SMEDS-105498,KÉO *********************Ẻ DN,To Do,Tính năng mới,,,,,2026-04-21,2026-04-21,,,,,,,,,,,,,,
SUBTASK,SMEDS,SMEDS-105498,KÉO *********************Ẻ DN,To Do,Tính năng mới,,,,,2026-04-21,2026-04-21,,,,,,,,,SMEDS-105499,Elicitate,BA - E*********************THẺ DN,To Do,,
EPIC,SMEDS,SMEDS-105501,KÉO *********************Ẻ DN,To Do,Tính năng mới,,,,,2026-04-21,2026-04-21,,,,,,,,,,,,,,
SUBTASK,SMEDS,SMEDS-105501,KÉO *********************Ẻ DN,To Do,Tính năng mới,,,,,2026-04-21,2026-04-21,,,,,,,,,SMEDS-105503,Elicitate,BA - E*********************THẺ DN,To Do,,
EPIC,SMEDS,SMEDS-105502,KÉO *********************Ẻ DN,To Do,Tính năng mới,,,,,2026-04-21,2026-04-21,,,,,,,,,,,,,,
SUBTASK,SMEDS,SMEDS-105502,KÉO *********************Ẻ DN,To Do,Tính năng mới,,,,,2026-04-21,2026-04-21,,,,,,,,,SMEDS-105507,Elicitate,BA - E*********************THẺ DN,To Do,,
EPIC,SMEDS,SMEDS-105505,KÉO *********************Ẻ DN,To Do,Tính năng mới,,,,,2026-04-21,2026-04-21,,,,,,,,,,,,,,
SUBTASK,SMEDS,SMEDS-105505,KÉO *********************Ẻ DN,To Do,Tính năng mới,,,,,2026-04-21,2026-04-21,,,,,,,,,SMEDS-105509,Elicitate,BA - E*********************THẺ DN,To Do,,
EPIC,SMEDS,SMEDS-105506,KÉO *********************Ẻ DN,To Do,Tính năng mới,,,,,2026-04-21,2026-04-21,,,,,,,,,,,,,,
SUBTASK,SMEDS,SMEDS-105506,KÉO *********************Ẻ DN,To Do,Tính năng mới,,,,,2026-04-21,2026-04-21,,,,,,,,,SMEDS-105511,Elicitate,BA - E*********************THẺ DN,To Do,,
EPIC,SMEDS,SMEDS-105516,KÉO *********************Ẻ DN,To Do,Tính năng mới,,,,,2026-04-21,2026-04-21,,,,,,,,,,,,,,
SUBTASK,SMEDS,SMEDS-105516,KÉO *********************Ẻ DN,To Do,Tính năng mới,,,,,2026-04-21,2026-04-21,,,,,,,,,SMEDS-105517,Elicitate,BA - E*********************THẺ DN,To Do,,
EPIC,SMEDS,SMEDS-105527,KÉO *********************Ẻ DN,To Do,Tính năng mới,2026-04-08,,,,2026-04-21,2026-04-21,,,,,,,,,,,,,,
SUBTASK,SMEDS,SMEDS-105527,KÉO *********************Ẻ DN,To Do,Tính năng mới,2026-04-08,,,,2026-04-21,2026-04-21,,,,,,,,,SMEDS-105534,Elicitate,BA - E*********************THẺ DN,To Do,,
EPIC,SMEDS,SMEDS-105528,KÉO *********************Ẻ DN,To Do,Tính năng mới,2026-04-08,,,,2026-04-21,2026-04-21,,,,,,,,,,,,,,
SUBTASK,SMEDS,SMEDS-105528,KÉO *********************Ẻ DN,To Do,Tính năng mới,2026-04-08,,,,2026-04-21,2026-04-21,,,,,,,,,SMEDS-105535,Elicitate,BA - E*********************THẺ DN,To Do,,
EPIC,SMEDS,SMEDS-105529,KÉO *********************Ẻ DN,To Do,Tính năng mới,2026-04-08,,,,2026-04-21,2026-04-21,,,,,,,,,,,,,,
SUBTASK,SMEDS,SMEDS-105529,KÉO *********************Ẻ DN,To Do,Tính năng mới,2026-04-08,,,,2026-04-21,2026-04-21,,,,,,,,,SMEDS-105533,Elicitate,BA - E*********************THẺ DN,To Do,,
EPIC,SMEDS,SMEDS-105530,KÉO *********************Ẻ DN,To Do,Tính năng mới,2026-04-08,,,,2026-04-21,2026-04-21,,,,,,,,,,,,,,
SUBTASK,SMEDS,SMEDS-105530,KÉO *********************Ẻ DN,To Do,Tính năng mới,2026-04-08,,,,2026-04-21,2026-04-21,,,,,,,,,SMEDS-105539,Elicitate,BA - E*********************THẺ DN,To Do,,
EPIC,SMEDS,SMEDS-105585,Chu*********************2.0,To Do,Tính năng mới,2026-04-23,,,,2026-04-23,2026-04-23,,,,,,,,,,,,,,
SUBTASK,SMEDS,SMEDS-105585,Chu*********************2.0,To Do,Tính năng mới,2026-04-23,,,,2026-04-23,2026-04-23,,,,,,,,,SMEDS-105588,Elicitate,BA - *********************IZ2.0,To Do,,
EPIC,SMEDS,SMEDS-105586,Chu*********************2.0,To Do,Tính năng mới,2026-04-23,,,,2026-04-23,2026-04-23,,,,,,,,,,,,,,
SUBTASK,SMEDS,SMEDS-105586,Chu*********************2.0,To Do,Tính năng mới,2026-04-23,,,,2026-04-23,2026-04-23,,,,,,,,,SMEDS-105590,Elicitate,BA - *********************IZ2.0,To Do,,
EPIC,SMEDS,SMEDS-105587,Chu*********************2.0,To Do,Tính năng mới,2026-04-23,,,,2026-04-23,2026-04-23,,,,,,,,,,,,,,
SUBTASK,SMEDS,SMEDS-105587,Chu*********************2.0,To Do,Tính năng mới,2026-04-23,,,,2026-04-23,2026-04-23,,,,,,,,,SMEDS-105592,Elicitate,BA - *********************IZ2.0,To Do,,
EPIC,SMEDS,SMEDS-105594,Chu*********************2.0,To Do,Tính năng mới,,,,,2026-04-23,2026-04-28,,,,,,,,,,,,,,
SUBTASK,SMEDS,SMEDS-105594,Chu*********************2.0,To Do,Tính năng mới,,,,,2026-04-23,2026-04-28,,,,,,,,,SMEDS-105602,Elicitate,BA - *********************IZ2.0,To Do,,
EPIC,SMEDS,SMEDS-105595,Chu*********************2.0,To Do,Tính năng mới,,,,,2026-04-23,2026-04-28,,,,,,,,,,,,,,
SUBTASK,SMEDS,SMEDS-105595,Chu*********************2.0,To Do,Tính năng mới,,,,,2026-04-23,2026-04-28,,,,,,,,,SMEDS-105604,Elicitate,BA - *********************IZ2.0,To Do,,
EPIC,SMEDS,SMEDS-105596,Chu*********************2.0,To Do,Tính năng mới,,,,,2026-04-23,2026-04-28,,,,,,,,,,,,,,
SUBTASK,SMEDS,SMEDS-105596,Chu*********************2.0,To Do,Tính năng mới,,,,,2026-04-23,2026-04-28,,,,,,,,,SMEDS-105606,Elicitate,BA - *********************IZ2.0,To Do,,
EPIC,SMEDS,SMEDS-105597,Chu*********************2.0,To Do,Tính năng mới,,,,,2026-04-23,2026-04-28,,,,,,,,,,,,,,
SUBTASK,SMEDS,SMEDS-105597,Chu*********************2.0,To Do,Tính năng mới,,,,,2026-04-23,2026-04-28,,,,,,,,,SMEDS-105607,Elicitate,BA - *********************IZ2.0,To Do,,
EPIC,SMEDS,SMEDS-105598,Chu*********************2.0,To Do,Tính năng mới,,,,,2026-04-23,2026-04-28,,,,,,,,,,,,,,
SUBTASK,SMEDS,SMEDS-105598,Chu*********************2.0,To Do,Tính năng mới,,,,,2026-04-23,2026-04-28,,,,,,,,,SMEDS-105611,Elicitate,BA - *********************IZ2.0,To Do,,
EPIC,SMEDS,SMEDS-105599,Chu*********************2.0,Cancelled,Tính năng mới,,,,,2026-04-23,2026-04-28,,,,,,,,,,,,,,
EPIC,SMEDS,SMEDS-105600,Chu*********************2.0,Cancelled,Tính năng mới,,,,,2026-04-23,2026-04-28,,,,,,,,,,,,,,
EPIC,SMEDS,SMEDS-105601,Chu*********************2.0,Cancelled,Tính năng mới,,,,,2026-04-23,2026-04-28,,,,,,,,,,,,,,
EPIC,SMEDS,SMEDS-105619,Chu*********************2.0,Cancelled,Tính năng mới,2026-04-23,,,,2026-04-23,2026-04-28,,,,,,,,,,,,,,
EPIC,SMEDS,SMEDS-105620,Chu*********************2.0,Cancelled,Tính năng mới,2026-04-23,,,,2026-04-23,2026-04-28,,,,,,,,,,,,,,
EPIC,SMEDS,SMEDS-105625,Chu*********************2.0,Cancelled,Tính năng mới,2026-04-23,,,,2026-04-23,2026-04-28,,,,,,,,,,,,,,
EPIC,SMEDS,SMEDS-105629,Ch*********************AD,Cancelled,Tính năng mới,2026-04-23,,,,2026-04-23,2026-04-28,Daily2.0,,,,,,,,,,,,,
EPIC,SMEDS,SMEDS-105630,Ch*********************AD,Cancelled,Tính năng mới,2026-04-23,,,,2026-04-23,2026-04-28,Daily2.0,,,,,,,,,,,,,
EPIC,SMEDS,SMEDS-105635,Ch*********************AD,Cancelled,Tính năng mới,2026-04-23,,,,2026-04-23,2026-04-28,Daily2.0,,,,,,,,,,,,,
EPIC,SMEDS,SMEDS-105636,Ch*********************AD,Cancelled,Tính năng mới,2026-04-23,,,,2026-04-23,2026-04-28,Daily2.0,,,,,,,,,,,,,
EPIC,SMEDS,SMEDS-105639,Ch*********************AD,Cancelled,Tính năng mới,2026-04-23,,,,2026-04-23,2026-04-28,Daily2.0,,,,,,,,,,,,,
EPIC,SMEDS,SMEDS-105644,Chu*********************2.0,Cancelled,Tính năng mới,2026-04-23,,,,2026-04-23,2026-04-28,,,,,,,,,,,,,,
EPIC,SMEDS,SMEDS-105645,Chu*********************2.0,Cancelled,Tính năng mới,2026-04-23,,,,2026-04-23,2026-04-28,,,,,,,,,,,,,,
EPIC,SMEDS,SMEDS-105646,Chu*********************2.0,Cancelled,Tính năng mới,2026-04-23,,,,2026-04-23,2026-04-28,,,,,,,,,,,,,,
EPIC,SMEDS,SMEDS-105651,Chu*********************2.0,Cancelled,Tính năng mới,2026-04-23,,,,2026-04-23,2026-04-28,,,,,,,,,,,,,,
EPIC,SMEDS,SMEDS-105652,Chu*********************2.0,Cancelled,Tính năng mới,2026-04-23,,,,2026-04-23,2026-04-28,,,,,,,,,,,,,,
EPIC,SMEDS,SMEDS-105653,Chu*********************2.0,Cancelled,Tính năng mới,2026-04-23,,,,2026-04-23,2026-04-28,,,,,,,,,,,,,,
EPIC,SMEDS,SMEDS-105656,Chu*********************2.0,Cancelled,Tính năng mới,2026-04-23,,,,2026-04-23,2026-04-28,,,,,,,,,,,,,,
EPIC,SMEDS,SMEDS-105665,Ch*********************AD,Cancelled,Tính năng mới,2026-04-23,,,,2026-04-23,2026-04-28,Daily2.0,,,,,,,,,,,,,
EPIC,SMEDS,SMEDS-105671,Chu*********************2.0,To Do,Tính năng mới,2026-04-23,,,,2026-04-23,2026-04-23,,,,,,,,,,,,,,
SUBTASK,SMEDS,SMEDS-105671,Chu*********************2.0,To Do,Tính năng mới,2026-04-23,,,,2026-04-23,2026-04-23,,,,,,,,,SMEDS-105673,Elicitate,BA - *********************IZ2.0,To Do,,
EPIC,SMEDS,SMEDS-105672,Tải lại*********************hợp lệ),Cancelled,Cải tiến,,,,,2026-04-23,2026-05-04,Daily2.0,,,,,,,,,,,,,
EPIC,SMEDS,SMEDS-105675,Chu*********************2.0,To Do,Tính năng mới,2026-04-23,,,,2026-04-23,2026-04-23,,,,,,,,,,,,,,
SUBTASK,SMEDS,SMEDS-105675,Chu*********************2.0,To Do,Tính năng mới,2026-04-23,,,,2026-04-23,2026-04-23,,,,,,,,,SMEDS-105678,Elicitate,BA - *********************IZ2.0,To Do,,
EPIC,SMEDS,SMEDS-105680,Chu*********************2.0,To Do,Tính năng mới,2026-04-23,,,,2026-04-23,2026-04-23,,,,,,,,,,,,,,
SUBTASK,SMEDS,SMEDS-105680,Chu*********************2.0,To Do,Tính năng mới,2026-04-23,,,,2026-04-23,2026-04-23,,,,,,,,,SMEDS-105681,Elicitate,BA - *********************IZ2.0,To Do,,
EPIC,SMEDS,SMEDS-105683,Tải lại*********************hợp lệ),Cancelled,Cải tiến,,,,,2026-04-23,2026-05-04,Daily2.0,,,,,,,,,,,,,
EPIC,SMEDS,SMEDS-105834,Chỉnh********************* CORE,Released,Cải tiến,,2026-05-18,,,2026-04-24,2026-07-01,,,,,,,,,,,,,,
EPIC,SMEDS,SMEDS-105918,BIZ_Bổ *********************y quyền,Cancelled,Cải tiến,,,,,2026-05-08,2026-05-08,,,,,,,,,,,,,,
EPIC,SMEDS,SMEDS-105919,Bổ sung *********************ủy quyền,Cancelled,Cải tiến,,,,,2026-05-08,2026-05-08,,,,,,,,,,,,,,
EPIC,SMEDS,SMEDS-105924,Bổ sung *********************ủy quyền,Cancelled,Cải tiến,,,,,2026-05-08,2026-05-08,,,,,,,,,,,,,,
EPIC,SMEDS,SMEDS-106001,Đăng*********************2.0 ,Cancelled,Sản phẩm/dịch vụ/quy trình mới,,,,,2026-05-11,2026-05-25,Daily2.0,,,,,,,,,,,,,
EPIC,SMEDS,SMEDS-106029,Update lã*********************ừ đối tác,Cancelled,Cải tiến,,,,,2026-05-13,2026-05-13,,,,,,,,,,,,,,
EPIC,SMEDS,SMEDS-106065,Xây dựng*********************n sao kê,Cancelled,Tính năng mới,,,,,2026-05-13,2026-05-14,Daily2.0,,,,,,,,,,,,,
EPIC,SMEDS,SMEDS-106068,Xây dựng*********************n sao kê,Cancelled,Tính năng mới,,,,,2026-05-13,2026-05-14,Daily2.0,,,,,,,,,,,,,
EPIC,SMEDS,SMEDS-106074,Tính n********************* + Web,Cancelled,Tính năng mới,,,,,2026-05-13,2026-05-14,Daily2.0,,,,,,,,,,,,,
EPIC,SMEDS,SMEDS-106075,Tính n********************* + Web,Cancelled,Tính năng mới,,,,,2026-05-13,2026-05-14,Daily2.0,,,,,,,,,,,,,
EPIC,SMEDS,SMEDS-106083,TRU*********************BIZ,To Do,Tính năng mới,2026-04-08,,,,2026-05-14,2026-05-14,,,,,,,,,,,,,,
SUBTASK,SMEDS,SMEDS-106083,TRU*********************BIZ,To Do,Tính năng mới,2026-04-08,,,,2026-05-14,2026-05-14,,,,,,,,,SMEDS-106084,Elicitate,BA - *********************N BIZ,To Do,,
EPIC,SMEDS,SMEDS-106086,TRU*********************BIZ,To Do,Tính năng mới,2026-04-08,,,,2026-05-14,2026-05-14,,,,,,,,,,,,,,
SUBTASK,SMEDS,SMEDS-106086,TRU*********************BIZ,To Do,Tính năng mới,2026-04-08,,,,2026-05-14,2026-05-14,,,,,,,,,SMEDS-106088,Elicitate,BA - *********************N BIZ,To Do,,
EPIC,SMEDS,SMEDS-106087,TRU*********************BIZ,To Do,Tính năng mới,2026-04-08,,,,2026-05-14,2026-05-14,,,,,,,,,,,,,,
SUBTASK,SMEDS,SMEDS-106087,TRU*********************BIZ,To Do,Tính năng mới,2026-04-08,,,,2026-05-14,2026-05-14,,,,,,,,,SMEDS-106090,Elicitate,BA - *********************N BIZ,To Do,,
EPIC,SMEDS,SMEDS-106234,Tín*********************iệp,Cancelled,Tính năng mới,,,,,2026-05-15,2026-05-15,,,,,,,,,,,,,,
EPIC,SMEDS,SMEDS-106235,Tín*********************iệp,Cancelled,Tính năng mới,,,,,2026-05-15,2026-05-15,,,,,,,,,,,,,,
EPIC,SMEDS,SMEDS-106240,Tín*********************iệp,Cancelled,Tính năng mới,,,,,2026-05-15,2026-05-15,,,,,,,,,,,,,,
EPIC,SMEDS,SMEDS-106244,Tín*********************iệp,Cancelled,Tính năng mới,,,,,2026-05-15,2026-05-15,,,,,,,,,,,,,,
EPIC,SMEDS,SMEDS-106246,Tín*********************iệp,Cancelled,Tính năng mới,,,,,2026-05-15,2026-05-15,,,,,,,,,,,,,,
EPIC,SMEDS,SMEDS-106256,Tín*********************iệp,Cancelled,Tính năng mới,,,,,2026-05-15,2026-05-15,,,,,,,,,,,,,,
EPIC,SMEDS,SMEDS-106260,Tín*********************iệp,Cancelled,Tính năng mới,,,,,2026-05-15,2026-05-15,,,,,,,,,,,,,,
EPIC,SMEDS,SMEDS-106263,Tín*********************iệp,Cancelled,Tính năng mới,,,,,2026-05-15,2026-05-15,,,,,,,,,,,,,,
EPIC,SMEDS,SMEDS-106878,Gắn ngu*********************rên BIZ,Released,Cải tiến,,2026-06-16,,2026-07-06,2026-06-16,2026-08-12,Daily2.0,,,,,,,,,,,,,
EPIC,SMEDS,SMEDS-106979,Đẩy *********************rtal,Released,Cải tiến,,2026-06-22,2026-06-30,2026-06-30,2026-06-22,2026-08-18,OBBiz2.0,,,,,,,,,,,,,
EPIC,SMEDS,SMEDS-106995,Test,To Do,Cải tiến,,,,,2026-06-23,2026-06-26,,"SMEDS-106997, SMEDS-107113",,,,,,,,,,,,
SUBTASK,SMEDS,SMEDS-106995,Test,To Do,Cải tiến,,,,,2026-06-23,2026-06-26,,,,,,,,,SMEDS-106996,BA,BA,To Do,,
STORY,SMEDS,SMEDS-106995,Test,To Do,Cải tiến,,,,,2026-06-23,2026-06-26,,,SMEDS-106997,Story,US1,To Do,,,,,,,,
STORY,SMEDS,SMEDS-106995,Test,To Do,Cải tiến,,,,,2026-06-23,2026-06-26,,,SMEDS-107113,Story,US2,To Do,,,,,,,,
EPIC,SMEDS,SMEDS-107002,"Đẩy *********************S2,3",Released,Cải tiến,,2026-06-22,2026-07-02,2026-07-02,2026-06-23,2026-08-18,OBBiz2.0,,,,,,,,,,,,,
EPIC,SMEDS,SMEDS-107012,CẢI T*********************POTAL,Released,Cải tiến,2026-06-23,2026-06-23,,2026-07-07,2026-06-23,2026-08-25,Daily2.0,,,,,,,,,,,,,
EPIC,SMEDS,SMEDS-107035,Tích *********************a đơn,Released,Cải tiến,,,,,2026-06-24,2026-08-03,Daily2.0,,,,,,,,,,,,,
EPIC,SMEDS,SMEDS-107045,TÍCH HỢ*********************IZ 2.0),Released,Tính năng mới,,2026-07-20,2026-08-04,2026-08-04,2026-06-24,2026-08-14,OBBiz2.0,,,,,,,,,,,,,
EPIC,SMEDS,SMEDS-107161,EPIC_*********************ase 2,Released,Cải tiến,,2026-07-10,2026-07-29,2026-07-28,2026-07-01,2026-08-05,OBBiz2.0,,,,,,,,,,,,,
EPIC,SMEDS,SMEDS-107198,Bổ sung th*********************m tiền gửi,Released,Cải tiến,,,2026-07-16,2026-07-14,2026-07-06,2026-08-05,Daily2.0,,,,,,,,,,,,,
EPIC,SMEDS,SMEDS-107222,BỔ SUNG *********************ĐỒNG PHT,Released,Cải tiến,2026-07-09,2026-07-08,2026-07-23,2026-07-22,2026-07-08,2026-08-05,Daily2.0,,,,,,,,,,,,,
EPIC,SMEDS,SMEDS-107232,Phát********************* CDs,Released,Tính năng mới,,2026-07-09,2026-07-30,2026-07-28,2026-07-08,2026-08-05,Daily2.0,,,,,,,,,,,,,
EPIC,SMEDS,SMEDS-107236,Phát triển n*********************từ nguồn thẻ,Released,Cải tiến,,2026-07-13,2026-07-30,2026-07-29,2026-07-08,2026-08-25,Daily2.0,,,,,,,,,,,,,
EPIC,SMEDS,SMEDS-107327,Fix********************* OB,Released,Cải tiến,,,2026-07-14,2026-07-14,2026-07-16,2026-08-05,OBBiz2.0,,,,,,,,,,,,,
EPIC,SMEDS,SMEDS-107338,Bổ sun*********************ankhub,Released,Cải tiến,,2026-07-29,2026-08-13,2026-08-11,2026-07-17,2026-08-14,Daily2.0,,,,,,,,,,,,,
EPIC,SMEDS,SMEDS-107348,Mở tà*********************g BIZ,Released,Tính năng mới,,2026-07-21,2026-08-11,2026-08-10,2026-07-20,2026-08-21,OBBiz2.0,,,,,,,,,,,,,
EPIC,SMEDS,SMEDS-107394,Chỉnh *********************rding.,Cancelled,Cải tiến,,2026-07-21,,,2026-07-22,2026-07-29,,,,,,,,,,,,,,
EPIC,SMEDS,SMEDS-107397,CHUYỂN V*********************ÀNH THẺ ,Released,Cải tiến,,2026-07-23,2026-08-05,2026-08-04,2026-07-22,2026-08-06,Daily2.0,,,,,,,,,,,,,
EPIC,SMEDS,SMEDS-107405,Sửa đ*********************n CDs,Released,Cải tiến,,2026-07-27,2026-08-07,2026-08-04,2026-07-23,2026-08-10,Daily2.0,,,,,,,,,,,,,
EPIC,SMEDS,SMEDS-107484,EPIC_S*********************ền gửi,Released,Cải tiến,,2026-07-31,2026-08-12,2026-08-11,2026-07-28,2026-08-14,Daily2.0,,,,,,,,,,,,,
EPIC,SMEDS,SMEDS-107499,360********************* 2),Released,Tính năng mới,,2026-07-30,2026-08-19,2026-08-18,2026-07-29,2026-08-20,"Daily2.0, OBBiz2.0",,,,,,,,,,,,,
EPIC,SMEDS,SMEDS-107528,Đăng*********************Web),Released,Tính năng mới,,2026-08-05,2026-08-21,2026-08-19,2026-07-30,2026-08-24,Daily2.0,,,,,,,,,,,,,
EPIC,SMEDS,SMEDS-107581,BIZ FE: ********************* tới STK,Released,Cải tiến,,2026-08-03,2026-08-31,2026-08-20,2026-08-03,2026-08-22,Daily2.0,,,,,,,,,,,,,
EPIC,SMEDS,SMEDS-107602,Tích *********************y bay,In Progress,Cải tiến,,,,,2026-08-06,2026-08-11,,SMEDS-107603,,,,,,,,,,,,
STORY,SMEDS,SMEDS-107602,Tích *********************y bay,In Progress,Cải tiến,,,,,2026-08-06,2026-08-11,,,SMEDS-107603,Story,Tích *********************y bay,IN DEV,Daily2.0,,,,,,,
EPIC,SMEDS,SMEDS-107607,BỔ SU********************* KHDN,In Progress,Cải tiến,,2026-08-18,2026-08-27,,2026-08-06,2026-08-20,Daily2.0,"MS-94935, SBU-132260, SMEDS-107651",,,,,,,,,,,,
SUBTASK,SMEDS,SMEDS-107607,BỔ SU********************* KHDN,In Progress,Cải tiến,,2026-08-18,2026-08-27,,2026-08-06,2026-08-20,Daily2.0,,,,,,,,SMEDS-107608,Elicitate,Là*********************PO,Done,2026-08-06,
STORY,MS,SMEDS-107607,BỔ SU********************* KHDN,In Progress,Cải tiến,,2026-08-18,2026-08-27,,2026-08-06,2026-08-20,Daily2.0,,MS-94935,Story,[MS lo********************* ký số,DEVELOPING,,MS-94936,,,,,,
SUBTASK,MS,SMEDS-107607,BỔ SU********************* KHDN,In Progress,Cải tiến,,2026-08-18,2026-08-27,,2026-08-06,2026-08-20,Daily2.0,,MS-94935,Story,[MS lo********************* ký số,DEVELOPING,,,MS-94936,BA,Ph*********************h ,Done,,
STORY,SBU,SMEDS-107607,BỔ SU********************* KHDN,In Progress,Cải tiến,,2026-08-18,2026-08-27,,2026-08-06,2026-08-20,Daily2.0,,SBU-132260,Story,[BPM] B*********************user ký,UAT DONE,Smart BPM Triển khai tín dụng,SBU-132269,,,,,,
SUBTASK,SBU,SMEDS-107607,BỔ SU********************* KHDN,In Progress,Cải tiến,,2026-08-18,2026-08-27,,2026-08-06,2026-08-20,Daily2.0,,SBU-132260,Story,[BPM] B*********************user ký,UAT DONE,Smart BPM Triển khai tín dụng,,SBU-132269,BA,Ph*********************h ,Done,,
STORY,SMEDS,SMEDS-107607,BỔ SU********************* KHDN,In Progress,Cải tiến,,2026-08-18,2026-08-27,,2026-08-06,2026-08-20,Daily2.0,,SMEDS-107651,Story,Bổ sun*********************id Biz,UAT DONE,Daily2.0,SMEDS-107652,,,,,,
SUBTASK,SMEDS,SMEDS-107607,BỔ SU********************* KHDN,In Progress,Cải tiến,,2026-08-18,2026-08-27,,2026-08-06,2026-08-20,Daily2.0,,SMEDS-107651,Story,Bổ sun*********************id Biz,UAT DONE,Daily2.0,,SMEDS-107652,BA,Ph*********************ệu,Done,,
EPIC,SMEDS,SMEDS-107614,Cải ti********************* khoản,Released,Cải tiến,,2026-08-12,2026-08-13,2026-08-13,2026-08-07,2026-08-14,OBBiz2.0,,,,,,,,,,,,,
EPIC,SMEDS,SMEDS-107689,Bổ sung t*********************T Vinatti,To Do,Cải tiến,,,,,2026-08-12,2026-08-12,Daily2.0,SMEDS-107690,,,,,,,,,,,,
STORY,SMEDS,SMEDS-107689,Bổ sung t*********************T Vinatti,To Do,Cải tiến,,,,,2026-08-12,2026-08-12,Daily2.0,,SMEDS-107690,Story,Bổ sung t*********************T Vinatti,IN DEV,Daily2.0,,,,,,,
EPIC,SMEDS,SMEDS-107712,360 *********************ụng),Cancelled,Sản phẩm,,2026-08-17,,,2026-08-13,2026-08-28,"Daily2.0, OBBiz2.0",,,,,,,,,,,,,
EPIC,SMEDS,SMEDS-107713,360 D*********************hính),Released,Sản phẩm,,2026-08-17,2026-08-26,2026-08-26,2026-08-13,2026-08-28,"Daily2.0, OBBiz2.0",,,,,,,,,,,,,
EPIC,SMEDS,SMEDS-107772,Đẩy hồ s*********************ái hồ sơ,Design,Cải tiến,,2026-08-27,,,2026-08-17,2026-08-28,OBBiz2.0,"SMEDS-107786, SMEDS-107787, SMEDS-107817",,,,,,,,,,,,
STORY,SMEDS,SMEDS-107772,Đẩy hồ s*********************ái hồ sơ,Design,Cải tiến,,2026-08-27,,,2026-08-17,2026-08-28,OBBiz2.0,,SMEDS-107786,Story,US1: C*********************Portal,Analyzing,OBBiz2.0,SMEDS-107943,,,,,,
SUBTASK,SMEDS,SMEDS-107772,Đẩy hồ s*********************ái hồ sơ,Design,Cải tiến,,2026-08-27,,,2026-08-17,2026-08-28,OBBiz2.0,,SMEDS-107786,Story,US1: C*********************Portal,Analyzing,OBBiz2.0,,SMEDS-107943,BA,BA - Ph********************* Portal,In Progress,,
STORY,SMEDS,SMEDS-107772,Đẩy hồ s*********************ái hồ sơ,Design,Cải tiến,,2026-08-27,,,2026-08-17,2026-08-28,OBBiz2.0,,SMEDS-107787,Story,US2: C*********************Portal,Analyzing,OBBiz2.0,SMEDS-107944,,,,,,
SUBTASK,SMEDS,SMEDS-107772,Đẩy hồ s*********************ái hồ sơ,Design,Cải tiến,,2026-08-27,,,2026-08-17,2026-08-28,OBBiz2.0,,SMEDS-107787,Story,US2: C*********************Portal,Analyzing,OBBiz2.0,,SMEDS-107944,BA,BA - Phâ*********************M Portal,In Progress,,
STORY,SMEDS,SMEDS-107772,Đẩy hồ s*********************ái hồ sơ,Design,Cải tiến,,2026-08-27,,,2026-08-17,2026-08-28,OBBiz2.0,,SMEDS-107817,Story,US3: Bổ *********************hậu kiểm,Analyzing,OBBiz2.0,SMEDS-107818,,,,,,
SUBTASK,SMEDS,SMEDS-107772,Đẩy hồ s*********************ái hồ sơ,Design,Cải tiến,,2026-08-27,,,2026-08-17,2026-08-28,OBBiz2.0,,SMEDS-107817,Story,US3: Bổ *********************hậu kiểm,Analyzing,OBBiz2.0,,SMEDS-107818,BA,Ph*********************ầu,Done,,
EPIC,SMEDS,SMEDS-107828,Cải t*********************/NHNN,In Progress,Cải tiến,2026-08-19,,,,2026-08-19,2026-08-28,Daily2.0,"SMEDS-107829, SMEDS-107830, SMEDS-107831, SMEDS-107832, SMEDS-107833",,,,,,,,,,,,
STORY,SMEDS,SMEDS-107828,Cải t*********************/NHNN,In Progress,Cải tiến,2026-08-19,,,,2026-08-19,2026-08-28,Daily2.0,,SMEDS-107829,Story,[US0*********************DOTP,Analyzing,Daily2.0,SMEDS-107834,,,,,,
SUBTASK,SMEDS,SMEDS-107828,Cải t*********************/NHNN,In Progress,Cải tiến,2026-08-19,,,,2026-08-19,2026-08-28,Daily2.0,,SMEDS-107829,Story,[US0*********************DOTP,Analyzing,Daily2.0,,SMEDS-107834,BA,Vi*********************tả,In Progress,2026-08-19,2026-08-20
STORY,SMEDS,SMEDS-107828,Cải t*********************/NHNN,In Progress,Cải tiến,2026-08-19,,,,2026-08-19,2026-08-28,Daily2.0,,SMEDS-107830,Story,[US*********************hạn,Analyzing,Daily2.0,SMEDS-107835,,,,,,
SUBTASK,SMEDS,SMEDS-107828,Cải t*********************/NHNN,In Progress,Cải tiến,2026-08-19,,,,2026-08-19,2026-08-28,Daily2.0,,SMEDS-107830,Story,[US*********************hạn,Analyzing,Daily2.0,,SMEDS-107835,BA,Vi*********************tả,In Progress,2026-08-19,2026-08-20
STORY,SMEDS,SMEDS-107828,Cải t*********************/NHNN,In Progress,Cải tiến,2026-08-19,,,,2026-08-19,2026-08-28,Daily2.0,,SMEDS-107831,Story,[US0********************* lần,Analyzing,Daily2.0,SMEDS-107836,,,,,,
SUBTASK,SMEDS,SMEDS-107828,Cải t*********************/NHNN,In Progress,Cải tiến,2026-08-19,,,,2026-08-19,2026-08-28,Daily2.0,,SMEDS-107831,Story,[US0********************* lần,Analyzing,Daily2.0,,SMEDS-107836,BA,Ph*********************tả,To Do,2026-08-19,2026-08-20
STORY,SMEDS,SMEDS-107828,Cải t*********************/NHNN,In Progress,Cải tiến,2026-08-19,,,,2026-08-19,2026-08-28,Daily2.0,,SMEDS-107832,Story,[US0*********************dụng,Analyzing,Daily2.0,SMEDS-107837,,,,,,
SUBTASK,SMEDS,SMEDS-107828,Cải t*********************/NHNN,In Progress,Cải tiến,2026-08-19,,,,2026-08-19,2026-08-28,Daily2.0,,SMEDS-107832,Story,[US0*********************dụng,Analyzing,Daily2.0,,SMEDS-107837,BA,Ph*********************tả,To Do,2026-08-19,2026-08-20
STORY,SMEDS,SMEDS-107828,Cải t*********************/NHNN,In Progress,Cải tiến,2026-08-19,,,,2026-08-19,2026-08-28,Daily2.0,,SMEDS-107833,Story,[US0********************* PIN,Analyzing,Daily2.0,SMEDS-107838,,,,,,
SUBTASK,SMEDS,SMEDS-107828,Cải t*********************/NHNN,In Progress,Cải tiến,2026-08-19,,,,2026-08-19,2026-08-28,Daily2.0,,SMEDS-107833,Story,[US0********************* PIN,Analyzing,Daily2.0,,SMEDS-107838,BA,Ph*********************tả,In Progress,2026-08-19,2026-08-20
EPIC,SMEDS,SMEDS-107945,360 *********************ụng),IN PO,Sản phẩm,,2026-08-28,,,2026-08-27,2026-08-28,"Daily2.0, OBBiz2.0",SMEDS-107727,,,,,,,,,,,,
STORY,SMEDS,SMEDS-107945,360 *********************ụng),IN PO,Sản phẩm,,2026-08-28,,,2026-08-27,2026-08-28,"Daily2.0, OBBiz2.0",,SMEDS-107727,Story,Triể*********************ụng ,IN DEV,"Daily2.0, OBBiz2.0",SMEDS-107728,,,,,,
SUBTASK,SMEDS,SMEDS-107945,360 *********************ụng),IN PO,Sản phẩm,,2026-08-28,,,2026-08-27,2026-08-28,"Daily2.0, OBBiz2.0",,SMEDS-107727,Story,Triể*********************ụng ,IN DEV,"Daily2.0, OBBiz2.0",,SMEDS-107728,BA,Ph*********************ầu,Done,,
EPIC,WM,WM-26411,Sàn *********************ferD,Cancelled,Phát triển mới,,,,,2026-02-02,2026-03-30,,,,,,,,,,,,,,
EPIC,WM,WM-27389,[Dig*********************arat,Released,Cải tiến,2026-03-27,2026-03-27,,2026-06-03,2026-03-25,2026-08-05,WM - Team 1 ,,,,,,,,,,,,,
EPIC,WM,WM-27853,Tíc*********************MBV,Cancelled,Tính năng mới,,,,,2026-04-21,2026-04-21,WM - Team 1 ,,,,,,,,,,,,,
EPIC,WM,WM-27854,Tíc*********************MBV,Cancelled,Tính năng mới,,,,,2026-04-21,2026-04-21,WM - Team 1 ,,,,,,,,,,,,,
EPIC,WM,WM-27857,Tíc*********************MBV,Cancelled,Tính năng mới,,,,,2026-04-21,2026-04-21,WM - Team 1 ,,,,,,,,,,,,,
EPIC,WM,WM-27863,Tíc*********************MBV,Cancelled,Tính năng mới,,,,,2026-04-21,2026-04-21,WM - Team 1 ,,,,,,,,,,,,,
EPIC,WM,WM-27994,WM- t*********************pp MB,Cancelled,Cải tiến,,,,,2026-04-22,2026-06-28,,,,,,,,,,,,,,
EPIC,WM,WM-29060,Sàn *********************iới),Cancelled,Sản phẩm/dịch vụ/quy trình mới,2026-05-25,,,,2026-05-25,2026-08-12,,,,,,,,,,,,,,
EPIC,WM,WM-29590,PENT********************* Hải,In Progress,Tính năng mới,2026-06-04,,,,2026-06-04,2026-07-06,WM - Team 1 ,,,,,,,,,,,,,
SUBTASK,WM,WM-29590,PENT********************* Hải,In Progress,Tính năng mới,2026-06-04,,,,2026-06-04,2026-07-06,WM - Team 1 ,,,,,,,,WM-29591,Elicitate,BA - E*********************nh Hải,To Do,,
EPIC,WM,WM-30220,Bổ*********************nh,Released,Cải tiến,2026-06-17,,,2026-06-26,2026-06-17,2026-08-05,,,,,,,,,,,,,,
EPIC,WM,WM-30310,Giao********************* GĐ1,R4GOLIVE,Sản phẩm/dịch vụ/quy trình mới,,2026-07-06,,2026-08-25,2026-06-22,2026-08-28,WM - Team 1 ,"WM-30311, WM-30312, WM-30340, WM-30353, WM-30670, WM-30684, WM-30702, WM-31052, WM-31053, WM-31900",,,,,,,,,,,,
SUBTASK,WM,WM-30310,Giao********************* GĐ1,R4GOLIVE,Sản phẩm/dịch vụ/quy trình mới,,2026-07-06,,2026-08-25,2026-06-22,2026-08-28,WM - Team 1 ,,,,,,,,WM-30313,Elicitate,BA -********************* kho,To Do,,
STORY,WM,WM-30310,Giao********************* GĐ1,R4GOLIVE,Sản phẩm/dịch vụ/quy trình mới,,2026-07-06,,2026-08-25,2026-06-22,2026-08-28,WM - Team 1 ,,WM-30311,Story,Đồng********************* kho,UAT DONE,WM - Team 1 ,WM-30316,,,,,,
SUBTASK,WM,WM-30310,Giao********************* GĐ1,R4GOLIVE,Sản phẩm/dịch vụ/quy trình mới,,2026-07-06,,2026-08-25,2026-06-22,2026-08-28,WM - Team 1 ,,WM-30311,Story,Đồng********************* kho,UAT DONE,WM - Team 1 ,,WM-30316,BA,BA - *********************a kho,Done,,
STORY,WM,WM-30310,Giao********************* GĐ1,R4GOLIVE,Sản phẩm/dịch vụ/quy trình mới,,2026-07-06,,2026-08-25,2026-06-22,2026-08-28,WM - Team 1 ,,WM-30312,Story,Luồ*********************kho,UAT DONE,WM - Team 1 ,WM-30328,,,,,,
SUBTASK,WM,WM-30310,Giao********************* GĐ1,R4GOLIVE,Sản phẩm/dịch vụ/quy trình mới,,2026-07-06,,2026-08-25,2026-06-22,2026-08-28,WM - Team 1 ,,WM-30312,Story,Luồ*********************kho,UAT DONE,WM - Team 1 ,,WM-30328,BA,BA -********************* kho,Done,,
STORY,WM,WM-30310,Giao********************* GĐ1,R4GOLIVE,Sản phẩm/dịch vụ/quy trình mới,,2026-07-06,,2026-08-25,2026-06-22,2026-08-28,WM - Team 1 ,,WM-30340,Story,Luồ*********************kho,UAT DONE,WM - Team 1 ,WM-30341,,,,,,
SUBTASK,WM,WM-30310,Giao********************* GĐ1,R4GOLIVE,Sản phẩm/dịch vụ/quy trình mới,,2026-07-06,,2026-08-25,2026-06-22,2026-08-28,WM - Team 1 ,,WM-30340,Story,Luồ*********************kho,UAT DONE,WM - Team 1 ,,WM-30341,BA,BA -********************* kho,Done,,
STORY,WM,WM-30310,Giao********************* GĐ1,R4GOLIVE,Sản phẩm/dịch vụ/quy trình mới,,2026-07-06,,2026-08-25,2026-06-22,2026-08-28,WM - Team 1 ,,WM-30353,Story,Đồn*********************PRL,UAT DONE,WM - Team 1 ,WM-30354,,,,,,
SUBTASK,WM,WM-30310,Giao********************* GĐ1,R4GOLIVE,Sản phẩm/dịch vụ/quy trình mới,,2026-07-06,,2026-08-25,2026-06-22,2026-08-28,WM - Team 1 ,,WM-30353,Story,Đồn*********************PRL,UAT DONE,WM - Team 1 ,,WM-30354,BA,BA - ********************* TPRL,Done,,
STORY,WM,WM-30310,Giao********************* GĐ1,R4GOLIVE,Sản phẩm/dịch vụ/quy trình mới,,2026-07-06,,2026-08-25,2026-06-22,2026-08-28,WM - Team 1 ,,WM-30670,Story,APP *********************hiếu,UAT DONE,WM - Team 1 ,WM-30671,,,,,,
SUBTASK,WM,WM-30310,Giao********************* GĐ1,R4GOLIVE,Sản phẩm/dịch vụ/quy trình mới,,2026-07-06,,2026-08-25,2026-06-22,2026-08-28,WM - Team 1 ,,WM-30670,Story,APP *********************hiếu,UAT DONE,WM - Team 1 ,,WM-30671,BA,BA - P********************* phiếu,Done,,
STORY,WM,WM-30310,Giao********************* GĐ1,R4GOLIVE,Sản phẩm/dịch vụ/quy trình mới,,2026-07-06,,2026-08-25,2026-06-22,2026-08-28,WM - Team 1 ,,WM-30684,Story,Đồng*********************P MB,UAT DONE,WM - Team 1 ,WM-30685,,,,,,
SUBTASK,WM,WM-30310,Giao********************* GĐ1,R4GOLIVE,Sản phẩm/dịch vụ/quy trình mới,,2026-07-06,,2026-08-25,2026-06-22,2026-08-28,WM - Team 1 ,,WM-30684,Story,Đồng*********************P MB,UAT DONE,WM - Team 1 ,,WM-30685,BA,BA - P********************* TP MB,Done,,
STORY,WM,WM-30310,Giao********************* GĐ1,R4GOLIVE,Sản phẩm/dịch vụ/quy trình mới,,2026-07-06,,2026-08-25,2026-06-22,2026-08-28,WM - Team 1 ,,WM-30702,Story,Đồng *********************TPRL),UAT DONE,WM - Team 1 ,WM-30703,,,,,,
SUBTASK,WM,WM-30310,Giao********************* GĐ1,R4GOLIVE,Sản phẩm/dịch vụ/quy trình mới,,2026-07-06,,2026-08-25,2026-06-22,2026-08-28,WM - Team 1 ,,WM-30702,Story,Đồng *********************TPRL),UAT DONE,WM - Team 1 ,,WM-30703,BA,BA - Ph*********************+ TPRL),Done,,
STORY,WM,WM-30310,Giao********************* GĐ1,R4GOLIVE,Sản phẩm/dịch vụ/quy trình mới,,2026-07-06,,2026-08-25,2026-06-22,2026-08-28,WM - Team 1 ,,WM-31052,Story,Luồn*********************hiệm,UAT DONE,WM - Team 1 ,WM-31054,,,,,,
SUBTASK,WM,WM-30310,Giao********************* GĐ1,R4GOLIVE,Sản phẩm/dịch vụ/quy trình mới,,2026-07-06,,2026-08-25,2026-06-22,2026-08-28,WM - Team 1 ,,WM-31052,Story,Luồn*********************hiệm,UAT DONE,WM - Team 1 ,,WM-31054,BA,BA - Ph*********************mua/bán,Done,,
STORY,WM,WM-30310,Giao********************* GĐ1,R4GOLIVE,Sản phẩm/dịch vụ/quy trình mới,,2026-07-06,,2026-08-25,2026-06-22,2026-08-28,WM - Team 1 ,,WM-31053,Story,Luồ*********************iệm,UAT DONE,WM - Team 1 ,WM-31066,,,,,,
SUBTASK,WM,WM-30310,Giao********************* GĐ1,R4GOLIVE,Sản phẩm/dịch vụ/quy trình mới,,2026-07-06,,2026-08-25,2026-06-22,2026-08-28,WM - Team 1 ,,WM-31053,Story,Luồ*********************iệm,UAT DONE,WM - Team 1 ,,WM-31066,BA,BA - Ph*********************ước hạn,Done,,
STORY,WM,WM-30310,Giao********************* GĐ1,R4GOLIVE,Sản phẩm/dịch vụ/quy trình mới,,2026-07-06,,2026-08-25,2026-06-22,2026-08-28,WM - Team 1 ,,WM-31900,Story,Đồng********************* hạn,UAT DONE,WM - Team 1 ,,,,,,,
EPIC,WM,WM-30453,Cải*********************NTT,In Progress,Cải tiến,,,,,2026-06-24,2026-08-25,WM - Team 1 ,,,,,,,,,,,,,
SUBTASK,WM,WM-30453,Cải*********************NTT,In Progress,Cải tiến,,,,,2026-06-24,2026-08-25,WM - Team 1 ,,,,,,,,WM-30454,Elicitate,BA - ********************* CNTT,To Do,,
EPIC,WM,WM-30864,Gia*********************Hải,Released,Tính năng mới,2026-07-20,2026-07-20,,2026-08-20,2026-07-20,2026-08-24,WM - Team 1 ,,,,,,,,,,,,,
EPIC,WM,WM-31047,[Beeri*********************hase 1,To Do,Sản phẩm/dịch vụ/quy trình mới,,,,,2026-07-22,2026-07-31,,,,,,,,,,,,,,
SUBTASK,WM,WM-31047,[Beeri*********************hase 1,To Do,Sản phẩm/dịch vụ/quy trình mới,,,,,2026-07-22,2026-07-31,,,,,,,,,WM-31049,Elicitate,BA - Eli********************* Phase 1,To Do,,
EPIC,WM,WM-31288,Phát*********************rich,In Progress,Hệ thống mới,,2026-07-29,,,2026-07-24,2026-08-27,,"WM-31220, WM-31221, WM-31234, WM-31235, WM-31236, WM-31289, WM-31290, WM-31291, WM-31342, WM-31360, WM-32131, WM-32148, WM-32161, WM-32188, WM-32201, WM-32214",,,,,,,,,,,,
SUBTASK,WM,WM-31288,Phát*********************rich,In Progress,Hệ thống mới,,2026-07-29,,,2026-07-24,2026-08-27,,,,,,,,,WM-31292,Elicitate,BA - *********************erich,To Do,,
STORY,WM,WM-31288,Phát*********************rich,In Progress,Hệ thống mới,,2026-07-29,,,2026-07-24,2026-08-27,,,WM-31220,Story,[DG Lit*********************g nhập),SIT DONE,WM - Team 2,WM-31222,,,,,,
SUBTASK,WM,WM-31288,Phát*********************rich,In Progress,Hệ thống mới,,2026-07-29,,,2026-07-24,2026-08-27,,,WM-31220,Story,[DG Lit*********************g nhập),SIT DONE,WM - Team 2,,WM-31222,BA,BA - Phâ*********************ng nhập),Done,,
STORY,WM,WM-31288,Phát*********************rich,In Progress,Hệ thống mới,,2026-07-29,,,2026-07-24,2026-08-27,,,WM-31221,Story,[DG *********************Digi,IN SIT,WM - Team 2,WM-31237,,,,,,
SUBTASK,WM,WM-31288,Phát*********************rich,In Progress,Hệ thống mới,,2026-07-29,,,2026-07-24,2026-08-27,,,WM-31221,Story,[DG *********************Digi,IN SIT,WM - Team 2,,WM-31237,BA,BA - P*********************n Digi,Done,,
STORY,WM,WM-31288,Phát*********************rich,In Progress,Hệ thống mới,,2026-07-29,,,2026-07-24,2026-08-27,,,WM-31234,Story,[DG L********************* nhân,SIT DONE,WM - Team 2,WM-31249,,,,,,
SUBTASK,WM,WM-31288,Phát*********************rich,In Progress,Hệ thống mới,,2026-07-29,,,2026-07-24,2026-08-27,,,WM-31234,Story,[DG L********************* nhân,SIT DONE,WM - Team 2,,WM-31249,BA,BA - P*********************á nhân,Done,,
STORY,WM,WM-31288,Phát*********************rich,In Progress,Hệ thống mới,,2026-07-29,,,2026-07-24,2026-08-27,,,WM-31235,Story,[DG Li*********************n tiền,SIT DONE,WM - Team 2,WM-31261,,,,,,
SUBTASK,WM,WM-31288,Phát*********************rich,In Progress,Hệ thống mới,,2026-07-29,,,2026-07-24,2026-08-27,,,WM-31235,Story,[DG Li*********************n tiền,SIT DONE,WM - Team 2,,WM-31261,BA,BA - Phâ*********************yển tiền,Done,,
STORY,WM,WM-31288,Phát*********************rich,In Progress,Hệ thống mới,,2026-07-29,,,2026-07-24,2026-08-27,,,WM-31236,Story,[DG Lit*********************ển tiền,UAT DONE,WM - Team 2,WM-31273,,,,,,
SUBTASK,WM,WM-31288,Phát*********************rich,In Progress,Hệ thống mới,,2026-07-29,,,2026-07-24,2026-08-27,,,WM-31236,Story,[DG Lit*********************ển tiền,UAT DONE,WM - Team 2,,WM-31273,BA,BA - Phân*********************uyển tiền,Done,,
STORY,WM,WM-31288,Phát*********************rich,In Progress,Hệ thống mới,,2026-07-29,,,2026-07-24,2026-08-27,,,WM-31289,Story,Màn *********************uan),IN SIT,WM - Team 2,WM-31295,,,,,,
SUBTASK,WM,WM-31288,Phát*********************rich,In Progress,Hệ thống mới,,2026-07-29,,,2026-07-24,2026-08-27,,,WM-31289,Story,Màn *********************uan),IN SIT,WM - Team 2,,WM-31295,BA,BA - P********************* quan),Done,,
STORY,WM,WM-31288,Phát*********************rich,In Progress,Hệ thống mới,,2026-07-29,,,2026-07-24,2026-08-27,,,WM-31290,Story,Mà*********************ng,SIT DONE,WM - Team 2,WM-31307,,,,,,
SUBTASK,WM,WM-31288,Phát*********************rich,In Progress,Hệ thống mới,,2026-07-29,,,2026-07-24,2026-08-27,,,WM-31290,Story,Mà*********************ng,SIT DONE,WM - Team 2,,WM-31307,BA,BA -*********************dùng,Done,,
STORY,WM,WM-31288,Phát*********************rich,In Progress,Hệ thống mới,,2026-07-29,,,2026-07-24,2026-08-27,,,WM-31291,Story,Màn********************* tư,SIT DONE,WM - Team 2,WM-31319,,,,,,
SUBTASK,WM,WM-31288,Phát*********************rich,In Progress,Hệ thống mới,,2026-07-29,,,2026-07-24,2026-08-27,,,WM-31291,Story,Màn********************* tư,SIT DONE,WM - Team 2,,WM-31319,BA,BA -*********************u tư,Done,,
STORY,WM,WM-31288,Phát*********************rich,In Progress,Hệ thống mới,,2026-07-29,,,2026-07-24,2026-08-27,,,WM-31342,Story,Check *********************eerich,To Do,WM - Team 2,,,,,,,
STORY,WM,WM-31288,Phát*********************rich,In Progress,Hệ thống mới,,2026-07-29,,,2026-07-24,2026-08-27,,,WM-31360,Story,Màn*********************hận,IN DEV,WM - Team 2,WM-31361,,,,,,
SUBTASK,WM,WM-31288,Phát*********************rich,In Progress,Hệ thống mới,,2026-07-29,,,2026-07-24,2026-08-27,,,WM-31360,Story,Màn*********************hận,IN DEV,WM - Team 2,,WM-31361,BA,BA -*********************nhận,Done,,
STORY,WM,WM-31288,Phát*********************rich,In Progress,Hệ thống mới,,2026-07-29,,,2026-07-24,2026-08-27,,,WM-32131,Story,[Mua ********************* động,IN SIT,"WM - Team 1 , WM - Team 2",WM-32132,,,,,,
SUBTASK,WM,WM-31288,Phát*********************rich,In Progress,Hệ thống mới,,2026-07-29,,,2026-07-24,2026-08-27,,,WM-32131,Story,[Mua ********************* động,IN SIT,"WM - Team 1 , WM - Team 2",,WM-32132,BA,BA - P*********************ự động,Done,,
STORY,WM,WM-31288,Phát*********************rich,In Progress,Hệ thống mới,,2026-07-29,,,2026-07-24,2026-08-27,,,WM-32148,Story,[Mua t*********************ự động,IN DEV,"WM - Team 1 , WM - Team 2",WM-32149,,,,,,
SUBTASK,WM,WM-31288,Phát*********************rich,In Progress,Hệ thống mới,,2026-07-29,,,2026-07-24,2026-08-27,,,WM-32148,Story,[Mua t*********************ự động,IN DEV,"WM - Team 1 , WM - Team 2",,WM-32149,BA,BA - Ph*********************tự động,Done,,
STORY,WM,WM-31288,Phát*********************rich,In Progress,Hệ thống mới,,2026-07-29,,,2026-07-24,2026-08-27,,,WM-32161,Story,[Mua tự ********************* tự động,IN DEV,"WM - Team 1 , WM - Team 2",WM-32162,,,,,,
SUBTASK,WM,WM-31288,Phát*********************rich,In Progress,Hệ thống mới,,2026-07-29,,,2026-07-24,2026-08-27,,,WM-32161,Story,[Mua tự ********************* tự động,IN DEV,"WM - Team 1 , WM - Team 2",,WM-32162,BA,BA - Phân *********************ua tự động,Done,,
STORY,WM,WM-31288,Phát*********************rich,In Progress,Hệ thống mới,,2026-07-29,,,2026-07-24,2026-08-27,,,WM-32188,Story,[Mu********************* vụ,IN DEV,"WM - Team 1 , WM - Team 2",WM-32189,,,,,,
SUBTASK,WM,WM-31288,Phát*********************rich,In Progress,Hệ thống mới,,2026-07-29,,,2026-07-24,2026-08-27,,,WM-32188,Story,[Mu********************* vụ,IN DEV,"WM - Team 1 , WM - Team 2",,WM-32189,BA,BA - *********************ch vụ,Done,,
STORY,WM,WM-31288,Phát*********************rich,In Progress,Hệ thống mới,,2026-07-29,,,2026-07-24,2026-08-27,,,WM-32201,Story,[Mua********************* sản,IN DEV,"WM - Team 1 , WM - Team 2",WM-32202,,,,,,
SUBTASK,WM,WM-31288,Phát*********************rich,In Progress,Hệ thống mới,,2026-07-29,,,2026-07-24,2026-08-27,,,WM-32201,Story,[Mua********************* sản,IN DEV,"WM - Team 1 , WM - Team 2",,WM-32202,BA,BA - P*********************ài sản,Done,,
STORY,WM,WM-31288,Phát*********************rich,In Progress,Hệ thống mới,,2026-07-29,,,2026-07-24,2026-08-27,,,WM-32214,Story,[Mua*********************động,Ready For Dev,"WM - Team 1 , WM - Team 2",WM-32215,,,,,,
SUBTASK,WM,WM-31288,Phát*********************rich,In Progress,Hệ thống mới,,2026-07-29,,,2026-07-24,2026-08-27,,,WM-32214,Story,[Mua*********************động,Ready For Dev,"WM - Team 1 , WM - Team 2",,WM-32215,BA,BA - P*********************ự động,Done,,
EPIC,WM,WM-31336,Sàn gi********************* giới),In Progress,Sản phẩm,,2026-08-05,,,2026-07-27,2026-08-12,,"WM-31684, WM-31713",,,,,,,,,,,,
SUBTASK,WM,WM-31336,Sàn gi********************* giới),In Progress,Sản phẩm,,2026-08-05,,,2026-07-27,2026-08-12,,,,,,,,,WM-31337,Elicitate,BA - El*********************i giới),Done,,
STORY,WM,WM-31336,Sàn gi********************* giới),In Progress,Sản phẩm,,2026-08-05,,,2026-07-27,2026-08-12,,,WM-31684,Story,Luồng*********************Comes,IN SIT,WM - Team 2,WM-31685,,,,,,
SUBTASK,WM,WM-31336,Sàn gi********************* giới),In Progress,Sản phẩm,,2026-08-05,,,2026-07-27,2026-08-12,,,WM-31684,Story,Luồng*********************Comes,IN SIT,WM - Team 2,,WM-31685,BA,BA - P*********************DComes,Done,,
STORY,WM,WM-31336,Sàn gi********************* giới),In Progress,Sản phẩm,,2026-08-05,,,2026-07-27,2026-08-12,,,WM-31713,Story,Lu*********************es,IN DEV,WM - Team 2,WM-31715,,,,,,
SUBTASK,WM,WM-31336,Sàn gi********************* giới),In Progress,Sản phẩm,,2026-08-05,,,2026-07-27,2026-08-12,,,WM-31713,Story,Lu*********************es,IN DEV,WM - Team 2,,WM-31715,BA,BA -*********************omes,Done,,
